word,score,pos_freq,neg_freq
speculative,2.1972245773362196,9,1
domestik,2.1972245773362196,18,2
brilian,2.1972245773362196,9,1
qtela,2.1972245773362196,9,1
toba,2.1972245773362196,9,1
download,2.1972245773362196,9,1
eraa,2.1972245773362196,72,8
business,2.1972245773362196,9,1
maksimal,2.1972245773362196,27,3
miliki,2.1972245773362196,9,1
terbitkan,2.1972245773362196,9,1
patut,2.1972245773362196,9,1
stok,2.1972245773362196,9,1
semen,2.1972245773362196,9,1
perkiraan,2.1972245773362196,9,1
bukaan,2.1972245773362196,9,1
payout,2.1972245773362196,18,2
kerek,2.1972245773362196,9,1
serap,2.1972245773362196,9,1
tspc,2.1972245773362196,18,2
special,2.1972245773362196,9,1
auliaptr,2.1972245773362196,9,1
hello,2.1972245773362196,9,1
tahap,2.1972245773362196,9,1
shopeepay,2.1972245773362196,9,1
desa,2.1972245773362196,27,3
hunter,2.1972245773362196,9,1
mengambil,2.1972245773362196,9,1
marah,2.1972245773362196,9,1
sekadar,2.1972245773362196,9,1
kendaraan,2.1972245773362196,9,1
will,2.1972245773362196,9,1
based,2.1972245773362196,9,1
social,2.1972245773362196,9,1
meluncurkan,2.1972245773362196,9,1
calon,2.1972245773362196,9,1
wilayah,2.1972245773362196,9,1
tabung,2.1972245773362196,9,1
bergabung,2.1972245773362196,9,1
prda,2.1972245773362196,9,1
ipcm,2.1972245773362196,9,1
wib,2.1972245773362196,27,3
utak,2.1972245773362196,9,1
series,2.1972245773362196,9,1
artis,2.1972245773362196,9,1
diakum,2.1972245773362196,9,1
mjb,2.1972245773362196,9,1
istimewa,2.1972245773362196,9,1
penghasilan,2.1972245773362196,9,1
bpjs,2.1972245773362196,9,1
online,2.1972245773362196,27,3
tahunnya,2.1972245773362196,9,1
dapur,2.1972245773362196,9,1
rand,2.1972245773362196,9,1
upside,2.1972245773362196,9,1
twitter,2.1972245773362196,9,1
enaknya,2.1972245773362196,18,2
nikmat,2.1972245773362196,9,1
seiring,2.1972245773362196,18,2
cemerlang,2.1972245773362196,9,1
nawar,2.1972245773362196,9,1
parang,2.1972245773362196,9,1
green,2.1972245773362196,9,1
penawaran,2.1972245773362196,9,1
track,2.1972245773362196,9,1
anggaran,2.1972245773362196,9,1
berbeda,2.1972245773362196,18,2
bogor,2.1972245773362196,9,1
seluler,2.1972245773362196,9,1
sma,2.1972245773362196,18,2
sayank,2.1972245773362196,9,1
silo,2.1972245773362196,27,3
menemani,2.1972245773362196,9,1
kodenya,2.1972245773362196,9,1
berkualitas,2.1972245773362196,9,1
deretan,2.1972245773362196,9,1
haka,2.1972245773362196,27,3
kisi,2.1972245773362196,9,1
akses,2.1972245773362196,18,2
ramadhan,2.1972245773362196,9,1
bersinar,2.1972245773362196,9,1
sale,2.1972245773362196,9,1
below,2.1972245773362196,18,2
web,2.1972245773362196,18,2
dipertimbangkan,2.1972245773362196,9,1
min,2.1972245773362196,72,8
permintaan,2.1972245773362196,9,1
sabi,2.1972245773362196,9,1
senang,2.1972245773362196,18,2
ppt,2.1972245773362196,9,1
budget,2.1972245773362196,9,1
perkembangan,2.1972245773362196,18,2
accumulate,2.1972245773362196,9,1
dinamika,2.1972245773362196,9,1
ndar,2.1972245773362196,9,1
purbaya,2.1972245773362196,18,2
ketinggalan,2.1972245773362196,54,6
tenggara,2.1972245773362196,9,1
konstruksi,2.1972245773362196,9,1
mitratel,2.1972245773362196,9,1
perdana,2.1972245773362196,9,1
memproduksi,2.1972245773362196,9,1
daun,2.1972245773362196,9,1
menawarkan,2.1972245773362196,9,1
pera,2.1972245773362196,9,1
axton,2.1972245773362196,9,1
liga,2.1972245773362196,9,1
rebutan,2.1972245773362196,9,1
bali,2.1972245773362196,9,1
sept,2.1972245773362196,9,1
womf,2.1972245773362196,9,1
admin,2.1972245773362196,9,1
segini,2.186051276738094,89,10
mencapai,2.1832383353614797,71,8
yaitu,2.178532444324067,53,6
kasih,2.178532444324067,106,12
menarik,2.1777117631126375,203,23
favorit,2.174751721484161,44,5
pemegang,2.1722232751308024,158,18
bukti,2.169053700369523,35,4
dibeli,2.163998929707899,148,17
umkm,2.1624384612508036,113,13
semoga,2.1608569331653444,243,28
deposito,2.159484249353372,26,3
mcopeets,2.159484249353372,26,3
elliott,2.159484249353372,26,3
live,2.159484249353372,26,3
lanjutkan,2.159484249353372,26,3
antm,2.1569168538481263,389,45
bagi,2.1567332159814825,242,28
tembus,2.153549513833558,112,13
maret,2.142863368117332,179,21
assa,2.1400661634962708,17,2
internasional,2.1400661634962708,17,2
cmiiw,2.1400661634962708,17,2
anthony,2.1400661634962708,17,2
harian,2.1400661634962708,34,4
komen,2.1400661634962708,17,2
siapkan,2.1400661634962708,17,2
berhasil,2.1400661634962708,68,8
pembahasan,2.1400661634962708,17,2
digitalisasi,2.1400661634962708,17,2
watchlist,2.1400661634962708,34,4
dateng,2.1400661634962708,17,2
rdn,2.1400661634962708,17,2
gelombang,2.1400661634962708,17,2
kenceng,2.1400661634962708,17,2
berkah,2.1400661634962708,17,2
liburan,2.1400661634962708,17,2
fitur,2.1400661634962708,17,2
empat,2.1400661634962708,17,2
lanjut,2.128231705849268,126,15
bergerak,2.12525107771113,67,8
alhamdulillah,2.12525107771113,67,8
sukses,2.1211142380804042,392,47
enggak,2.120263536200091,25,3
pajak,2.120263536200091,25,3
karya,2.120263536200091,25,3
year,2.120263536200091,25,3
maksudnya,2.120263536200091,25,3
kamis,2.1102132003465894,66,8
strategi,2.1102132003465894,99,12
bawah,2.1044636978553286,607,74
sebanyak,2.1000608288825715,49,6
adro,2.0978873874705872,383,47
berpotensi,2.089010992695987,105,13
perusahaan,2.088546308672755,331,41
selengkapnya,2.0856720914304723,161,20
antri,2.0794415416798357,16,2
seksi,2.0794415416798357,8,1
tujuannya,2.0794415416798357,8,1
video,2.0794415416798357,16,2
terstruktur,2.0794415416798357,8,1
ancol,2.0794415416798357,8,1
kemampuan,2.0794415416798357,8,1
ldr,2.0794415416798357,8,1
alokasi,2.0794415416798357,8,1
referral,2.0794415416798357,8,1
rate,2.0794415416798357,40,5
skr,2.0794415416798357,8,1
pegadaian,2.0794415416798357,8,1
peringkat,2.0794415416798357,16,2
mlpt,2.0794415416798357,8,1
posisinya,2.0794415416798357,8,1
cakep,2.0794415416798357,8,1
investing,2.0794415416798357,32,4
expo,2.0794415416798357,8,1
range,2.0794415416798357,72,9
yokk,2.0794415416798357,8,1
steak,2.0794415416798357,8,1
kanya,2.0794415416798357,8,1
karakter,2.0794415416798357,8,1
kintan,2.0794415416798357,8,1
pangsa,2.0794415416798357,8,1
doji,2.0794415416798357,8,1
fresh,2.0794415416798357,8,1
wujudkan,2.0794415416798357,16,2
berbagi,2.0794415416798357,8,1
inilah,2.0794415416798357,16,2
juara,2.0794415416798357,8,1
white,2.0794415416798357,8,1
kipas,2.0794415416798357,8,1
menghadirkan,2.0794415416798357,8,1
neutradc,2.0794415416798357,8,1
happy,2.0794415416798357,24,3
jwv,2.0794415416798357,8,1
freelance,2.0794415416798357,8,1
restoran,2.0794415416798357,8,1
membludak,2.0794415416798357,8,1
selera,2.0794415416798357,8,1
story,2.0794415416798357,8,1
rokok,2.0794415416798357,16,2
hiro,2.0794415416798357,8,1
shopee,2.0794415416798357,16,2
utas,2.0794415416798357,8,1
karawang,2.0794415416798357,8,1
kemudahan,2.0794415416798357,8,1
leni,2.0794415416798357,8,1
sektornya,2.0794415416798357,8,1
pencapaian,2.0794415416798357,16,2
ekosistem,2.0794415416798357,8,1
apple,2.0794415416798357,8,1
konservatif,2.0794415416798357,8,1
ketiga,2.0794415416798357,16,2
pot,2.0794415416798357,8,1
optimisme,2.0794415416798357,16,2
historis,2.0794415416798357,8,1
nako,2.0794415416798357,8,1
install,2.0794415416798357,8,1
srtg,2.0794415416798357,16,2
pengalihan,2.0794415416798357,8,1
tebe,2.0794415416798357,8,1
supermi,2.0794415416798357,8,1
sahamology,2.0794415416798357,8,1
mahasiswa,2.0794415416798357,8,1
pilar,2.0794415416798357,8,1
lowest,2.0794415416798357,8,1
jarr,2.0794415416798357,8,1
aspek,2.0794415416798357,8,1
shaburi,2.0794415416798357,8,1
imbal,2.0794415416798357,8,1
ikutin,2.0794415416798357,8,1
kepoin,2.0794415416798357,8,1
asgr,2.0794415416798357,8,1
sambut,2.0794415416798357,8,1
frequent,2.0794415416798357,8,1
phintraco,2.0794415416798357,8,1
kaum,2.0794415416798357,8,1
kemasan,2.0794415416798357,8,1
leaders,2.0794415416798357,8,1
bocoran,2.0794415416798357,8,1
skala,2.0794415416798357,8,1
bisaa,2.0794415416798357,8,1
bisi,2.0794415416798357,8,1
tayo,2.0794415416798357,8,1
tempat,2.0794415416798357,16,2
smk,2.0794415416798357,8,1
katsu,2.0794415416798357,8,1
defensive,2.0794415416798357,8,1
aibm,2.0794415416798357,8,1
city,2.0794415416798357,8,1
kur,2.0794415416798357,16,2
brivolution,2.0794415416798357,8,1
menabung,2.0794415416798357,8,1
discount,2.0794415416798357,8,1
perbedaan,2.0794415416798357,8,1
hallo,2.0794415416798357,8,1
detailnya,2.0794415416798357,16,2
fishing,2.0794415416798357,8,1
seribu,2.0794415416798357,8,1
asa,2.0794415416798357,8,1
inovasi,2.0794415416798357,8,1
indosurya,2.0794415416798357,8,1
waran,2.0794415416798357,8,1
pratama,2.0794415416798357,8,1
post,2.0794415416798357,16,2
jazz,2.0794415416798357,8,1
skrining,2.0794415416798357,8,1
brebes,2.0794415416798357,8,1
disana,2.0794415416798357,8,1
usai,2.0794415416798357,40,5
gioi,2.0794415416798357,8,1
cagr,2.0794415416798357,8,1
menargetkan,2.0794415416798357,8,1
dplk,2.0794415416798357,8,1
cucu,2.0794415416798357,8,1
spay,2.0794415416798357,8,1
sabtu,2.0794415416798357,8,1
mempunyai,2.0794415416798357,8,1
bukas,2.0794415416798357,8,1
memulai,2.0794415416798357,16,2
ciamik,2.0794415416798357,8,1
cloud,2.0794415416798357,8,1
mncsek,2.0794415416798357,8,1
tips,2.0794415416798357,8,1
gunung,2.0794415416798357,8,1
talaga,2.0794415416798357,8,1
murni,2.0794415416798357,8,1
mengunjungi,2.0794415416798357,8,1
upaya,2.0794415416798357,8,1
brimerchant,2.0794415416798357,8,1
lahat,2.0794415416798357,8,1
bidik,2.0794415416798357,8,1
persaingan,2.0794415416798357,8,1
bervariasi,2.0794415416798357,8,1
motor,2.0794415416798357,16,2
lempar,2.0794415416798357,8,1
beef,2.0794415416798357,8,1
kota,2.0794415416798357,8,1
mbg,2.0794415416798357,8,1
ksei,2.0794415416798357,8,1
october,2.0794415416798357,8,1
anomali,2.0794415416798357,8,1
didorong,2.0794415416798357,24,3
juta,2.07159836421881,254,32
produsen,2.066862759472976,79,10
produksi,2.063693184711697,63,8
melakukan,2.063693184711697,63,8
target,2.0632861014575505,307,39
akum,2.0583881324820035,47,6
kemudian,2.0583881324820035,47,6
tbk,2.056310209656417,641,82
kesempatan,2.0541237336955462,39,5
makmur,2.053054786506641,374,48
makan,2.053054786506641,187,24
atas,2.0492277630833393,163,21
wow,2.0476928433652555,31,4
melanjutkan,2.0476928433652555,31,4
indosat,2.0476928433652555,31,4
ratio,2.0476928433652555,31,4
penting,2.043073897508961,54,7
dilakukan,2.03688192726104,23,3
aamiin,2.03688192726104,23,3
youtube,2.03688192726104,23,3
dikasih,2.03688192726104,46,6
cerah,2.03688192726104,23,3
rata,2.03688192726104,69,9
mirae,2.03688192726104,23,3
sisanya,2.028148247292285,38,5
beliau,2.028148247292285,38,5
bareng,2.028148247292285,38,5
puasa,2.0243817644968085,53,7
bren,2.0243817644968085,212,28
lppf,2.0243817644968085,53,7
pick,2.0149030205422647,15,2
holding,2.0149030205422647,30,4
setara,2.0149030205422647,30,4
longterm,2.0149030205422647,15,2
listing,2.0149030205422647,15,2
mencari,2.0149030205422647,15,2
mendorong,2.0149030205422647,15,2
divisi,2.0149030205422647,15,2
buruan,2.0149030205422647,15,2
fast,2.0149030205422647,15,2
mobil,2.0149030205422647,15,2
ngebut,2.0149030205422647,15,2
manfaatin,2.0149030205422647,15,2
tbla,2.0149030205422647,15,2
devidennya,2.0149030205422647,15,2
dapetin,2.0149030205422647,15,2
dri,2.0149030205422647,30,4
golden,2.0149030205422647,15,2
mbma,2.0149030205422647,15,2
maupun,2.0149030205422647,15,2
mind,2.0149030205422647,15,2
klbf,2.0088239744658827,164,22
dapat,2.0079825776976907,216,29
group,2.005333569526114,52,7
penjualan,2.0014800002101243,111,15
saatnya,1.9965538818740682,81,11
dapet,1.9960599327407849,184,25
strategis,1.992430164690206,22,3
adaro,1.992430164690206,22,3
bumbu,1.992430164690206,22,3
bobot,1.992430164690206,22,3
terdekat,1.992430164690206,22,3
waktunya,1.9859154836690125,51,7
perhatikan,1.9810014688665833,29,4
giliran,1.9810014688665833,29,4
rekening,1.9740810260220096,36,5
konsisten,1.9694406464655074,43,6
boleh,1.9694406464655074,86,12
unilever,1.9661128563728327,50,7
meningkat,1.9661128563728327,50,7
suku,1.9636097261547143,57,8
sehat,1.9636097261547143,57,8
value,1.9616585060234524,64,9
bottom,1.9616585060234524,64,9
prospek,1.9588135538912212,78,11
update,1.9588135538912212,78,11
april,1.9550845253313545,219,31
rekap,1.9459101490553132,7,1
sukabumi,1.9459101490553132,7,1
hadirkan,1.9459101490553132,7,1
angga,1.9459101490553132,7,1
treatment,1.9459101490553132,7,1
membangun,1.9459101490553132,7,1
nasional,1.9459101490553132,28,4
menguasai,1.9459101490553132,7,1
merchant,1.9459101490553132,7,1
when,1.9459101490553132,7,1
din,1.9459101490553132,7,1
fluktuatif,1.9459101490553132,21,3
gunain,1.9459101490553132,7,1
rekomendasinya,1.9459101490553132,7,1
syang,1.9459101490553132,7,1
berencana,1.9459101490553132,21,3
lembaga,1.9459101490553132,7,1
bahana,1.9459101490553132,7,1
lapangan,1.9459101490553132,7,1
manggung,1.9459101490553132,7,1
glowing,1.9459101490553132,7,1
memperluas,1.9459101490553132,7,1
kuliner,1.9459101490553132,7,1
iba,1.9459101490553132,7,1
bandung,1.9459101490553132,14,2
stabilitas,1.9459101490553132,7,1
effect,1.9459101490553132,7,1
buying,1.9459101490553132,7,1
pede,1.9459101490553132,7,1
tapg,1.9459101490553132,7,1
flash,1.9459101490553132,7,1
festival,1.9459101490553132,7,1
muka,1.9459101490553132,7,1
lusa,1.9459101490553132,7,1
menegaskan,1.9459101490553132,7,1
korea,1.9459101490553132,7,1
led,1.9459101490553132,7,1
transportasi,1.9459101490553132,7,1
ngobrolin,1.9459101490553132,7,1
cup,1.9459101490553132,7,1
agendanya,1.9459101490553132,7,1
pelaksanaan,1.9459101490553132,7,1
arna,1.9459101490553132,7,1
kembalian,1.9459101490553132,7,1
gaess,1.9459101490553132,7,1
clue,1.9459101490553132,7,1
lengkapi,1.9459101490553132,7,1
produktif,1.9459101490553132,7,1
selembar,1.9459101490553132,7,1
commerce,1.9459101490553132,7,1
terdiskon,1.9459101490553132,7,1
isang,1.9459101490553132,7,1
usulan,1.9459101490553132,7,1
pangan,1.9459101490553132,14,2
likuid,1.9459101490553132,7,1
gibran,1.9459101490553132,7,1
risiko,1.9459101490553132,42,6
semacam,1.9459101490553132,7,1
bina,1.9459101490553132,14,2
memperoleh,1.9459101490553132,7,1
merapat,1.9459101490553132,7,1
manfaatkan,1.9459101490553132,7,1
nabung,1.9459101490553132,98,14
induknya,1.9459101490553132,14,2
perluas,1.9459101490553132,7,1
espresso,1.9459101490553132,7,1
patungan,1.9459101490553132,7,1
indolakto,1.9459101490553132,7,1
rejeki,1.9459101490553132,7,1
keuangannya,1.9459101490553132,14,2
highlight,1.9459101490553132,7,1
sger,1.9459101490553132,7,1
bermanfaat,1.9459101490553132,14,2
dijamin,1.9459101490553132,7,1
hihihi,1.9459101490553132,7,1
garam,1.9459101490553132,7,1
jasa,1.9459101490553132,14,2
forum,1.9459101490553132,7,1
teknik,1.9459101490553132,7,1
mako,1.9459101490553132,7,1
diperdagangkan,1.9459101490553132,7,1
kenyang,1.9459101490553132,7,1
berbasis,1.9459101490553132,7,1
gae,1.9459101490553132,7,1
brarti,1.9459101490553132,7,1
mastodon,1.9459101490553132,7,1
sos,1.9459101490553132,7,1
jepang,1.9459101490553132,14,2
fintek,1.9459101490553132,7,1
indomie,1.9459101490553132,462,66
wong,1.9459101490553132,7,1
psikologis,1.9459101490553132,7,1
pilihannya,1.9459101490553132,7,1
hanggang,1.9459101490553132,7,1
sindikasi,1.9459101490553132,7,1
pesan,1.9459101490553132,7,1
aapl,1.9459101490553132,7,1
hut,1.9459101490553132,7,1
alternatif,1.9459101490553132,7,1
think,1.9459101490553132,7,1
ngayon,1.9459101490553132,7,1
tom,1.9459101490553132,7,1
teh,1.9459101490553132,14,2
membantu,1.9459101490553132,14,2
mengakses,1.9459101490553132,7,1
vibes,1.9459101490553132,7,1
msky,1.9459101490553132,7,1
upper,1.9459101490553132,7,1
check,1.9459101490553132,7,1
bagger,1.9459101490553132,7,1
tangerang,1.9459101490553132,14,2
riset,1.9459101490553132,21,3
ayunan,1.9459101490553132,7,1
alice,1.9459101490553132,7,1
tapos,1.9459101490553132,7,1
ngumpulin,1.9459101490553132,7,1
pesta,1.9459101490553132,14,2
andai,1.9459101490553132,7,1
fibonacci,1.9459101490553132,7,1
lunch,1.9459101490553132,14,2
spekulatif,1.9459101490553132,7,1
undangan,1.9459101490553132,7,1
prospektif,1.9459101490553132,7,1
ideal,1.9459101490553132,7,1
olahan,1.9459101490553132,7,1
kpd,1.9459101490553132,7,1
nganggur,1.9459101490553132,7,1
energy,1.9459101490553132,14,2
wton,1.9459101490553132,28,4
lbr,1.9459101490553132,7,1
panel,1.9459101490553132,7,1
ano,1.9459101490553132,7,1
rapor,1.9459101490553132,7,1
idulfitri,1.9459101490553132,7,1
trafik,1.9459101490553132,7,1
boga,1.9459101490553132,7,1
edisi,1.9459101490553132,7,1
ter,1.9459101490553132,7,1
advice,1.9459101490553132,7,1
menunjuk,1.9459101490553132,7,1
bayan,1.9459101490553132,7,1
mengakumulasi,1.9459101490553132,14,2
bisnisnya,1.9459101490553132,21,3
realisasi,1.9459101490553132,7,1
beruntun,1.9459101490553132,7,1
supermie,1.9459101490553132,7,1
telco,1.9459101490553132,14,2
colek,1.9459101490553132,7,1
tier,1.9459101490553132,7,1
ngadi,1.9459101490553132,7,1
slipi,1.9459101490553132,7,1
buktiin,1.9459101490553132,7,1
old,1.9459101490553132,7,1
bertambah,1.9459101490553132,7,1
bwpt,1.9459101490553132,14,2
oke,1.9459101490553132,84,12
wanita,1.9459101490553132,7,1
bangsa,1.9459101490553132,21,3
mncers,1.9459101490553132,7,1
loh,1.9459101490553132,56,8
casa,1.9459101490553132,7,1
dibalik,1.9459101490553132,7,1
telur,1.9459101490553132,14,2
jalur,1.9459101490553132,7,1
solo,1.9459101490553132,7,1
paruh,1.9459101490553132,7,1
gzco,1.9459101490553132,7,1
fluktuasi,1.9459101490553132,7,1
makannya,1.9459101490553132,7,1
ubah,1.9459101490553132,7,1
kimukatsu,1.9459101490553132,7,1
digendong,1.9459101490553132,7,1
extrim,1.9459101490553132,7,1
krisis,1.9459101490553132,28,4
bawa,1.9459101490553132,28,4
lotte,1.9459101490553132,7,1
bakso,1.9459101490553132,7,1
pertahun,1.9459101490553132,7,1
mandi,1.9459101490553132,7,1
outperform,1.9459101490553132,7,1
luv,1.9459101490553132,7,1
individual,1.9459101490553132,7,1
sep,1.9459101490553132,7,1
pengendali,1.9459101490553132,7,1
kucurkan,1.9459101490553132,7,1
reply,1.9459101490553132,7,1
angpao,1.9459101490553132,7,1
ruang,1.9459101490553132,7,1
chat,1.9459101490553132,7,1
kencang,1.9459101490553132,14,2
valuation,1.9459101490553132,7,1
grup,1.9459101490553132,133,19
jul,1.9459101490553132,7,1
ajukan,1.9459101490553132,7,1
pembangunan,1.9459101490553132,7,1
ceria,1.9459101490553132,7,1
kurban,1.9459101490553132,7,1
division,1.9459101490553132,7,1
bernama,1.9459101490553132,7,1
rek,1.9459101490553132,7,1
ngegas,1.9459101490553132,14,2
santapan,1.9459101490553132,7,1
ako,1.9459101490553132,7,1
pemulihan,1.9459101490553132,14,2
inklusi,1.9459101490553132,7,1
skenario,1.9459101490553132,14,2
after,1.9459101490553132,7,1
prinsip,1.9459101490553132,7,1
gpra,1.9459101490553132,7,1
screenshot,1.9459101490553132,7,1
sepatu,1.9459101490553132,7,1
anak,1.9339339580085977,166,24
persero,1.9339339580085977,166,24
support,1.928262632241735,337,49
telkom,1.9281713247179317,447,65
mayan,1.927891643552635,55,8
luar,1.9252908618525775,96,14
oktober,1.9236870122706031,89,13
mei,1.923095471289142,130,19
penutupan,1.9218125974762528,41,6
siap,1.9190988916046565,184,27
kontribusi,1.916922612182061,34,5
cbp,1.9115980040665346,487,72
rakyat,1.9110228900548727,169,25
gaji,1.9095425048844386,27,4
bbkp,1.9095425048844386,27,4
bulanan,1.9095425048844386,27,4
energi,1.9095425048844386,27,4
analisis,1.9095425048844386,81,12
manis,1.9095425048844386,27,4
long,1.9042374526547452,47,7
investasi,1.9035508752161718,208,31
hasil,1.9021075263969205,67,10
instan,1.900958761193047,87,13
sangat,1.900958761193047,87,13
indofood,1.8997481072921507,762,114
makasih,1.8971199848858813,20,3
film,1.8971199848858813,20,3
power,1.8971199848858813,20,3
bro,1.8971199848858813,40,6
tradingview,1.8971199848858813,20,3
daya,1.8971199848858813,40,6
strateginya,1.8971199848858813,20,3
ratusan,1.8971199848858813,20,3
menghijau,1.8971199848858813,20,3
bangga,1.8971199848858813,20,3
ribet,1.8971199848858813,20,3
memiliki,1.890850371872286,53,8
tercatat,1.8870696490323797,33,5
terbatas,1.8870696490323797,33,5
mie,1.8787708462176849,144,22
semester,1.8777018990287797,85,13
telah,1.8769172775683618,98,15
juni,1.876316857256118,111,17
indonesia,1.875705890382065,770,118
satu,1.8744511850731684,189,29
bfin,1.8718021769015913,13,2
tebal,1.8718021769015913,13,2
from,1.8718021769015913,13,2
memborong,1.8718021769015913,13,2
buah,1.8718021769015913,13,2
voucher,1.8718021769015913,13,2
eps,1.8718021769015913,26,4
pusat,1.8718021769015913,13,2
acara,1.8718021769015913,13,2
sarimi,1.8718021769015913,13,2
mayora,1.8718021769015913,13,2
cobain,1.8718021769015913,13,2
menkeu,1.8718021769015913,13,2
kerjasama,1.8718021769015913,13,2
kontrak,1.8718021769015913,13,2
setor,1.8718021769015913,13,2
ssms,1.8718021769015913,13,2
raup,1.8718021769015913,13,2
manusia,1.8718021769015913,13,2
katalis,1.8718021769015913,13,2
tweet,1.8718021769015913,13,2
diskonnya,1.8718021769015913,13,2
sensasi,1.8718021769015913,13,2
hotel,1.8718021769015913,13,2
sepekan,1.8718021769015913,26,4
ikut,1.867745376205977,123,19
tpia,1.8607523407150064,90,14
sini,1.8577174370198524,141,22
mantul,1.8562979903656263,32,5
bisnis,1.8529138923813855,236,37
alasan,1.8523840910444898,51,8
dpt,1.8505999692509885,70,11
murah,1.8478489358790986,165,26
premium,1.8458266904983307,19,3
line,1.8458266904983307,19,3
super,1.8458266904983307,19,3
umat,1.8458266904983307,19,3
rilis,1.8458266904983307,38,6
international,1.8458266904983307,19,3
menurutku,1.8458266904983307,19,3
evaluasi,1.8458266904983307,19,3
direktur,1.8458266904983307,38,6
andalan,1.8458266904983307,19,3
menengah,1.8458266904983307,19,3
menjelang,1.8458266904983307,19,3
biasa,1.8417698898027164,82,13
bluechip,1.8417698898027164,82,13
transaksi,1.83961549040569,107,17
mantap,1.8382794848629478,44,7
salim,1.8382794848629478,176,28
serok,1.8367108570903212,182,29
ptpp,1.8362112317988888,69,11
tren,1.8352445811677938,94,15
mencetak,1.8325814637483102,25,4
saldo,1.8325814637483102,25,4
gampang,1.8325814637483102,25,4
kisaran,1.8325814637483102,25,4
essa,1.8325814637483102,25,4
penopang,1.8325814637483102,25,4
perbankan,1.830225750055851,106,17
menurut,1.8281271133989299,56,9
lebaran,1.8281271133989299,56,9
selasa,1.8281271133989299,56,9
namanya,1.824549292051046,31,5
membaik,1.824549292051046,31,5
enak,1.824549292051046,62,10
sril,1.824549292051046,31,5
ingat,1.824549292051046,31,5
sebesar,1.8219993544177733,235,38
tumbuh,1.8207470061013074,105,17
mikir,1.8191584434161694,37,6
ayam,1.8191584434161694,37,6
pani,1.8191584434161694,37,6
pertumbuhan,1.8191584434161694,111,18
triliun,1.8144877203056111,534,87
smgr,1.8123787564307907,147,24
tahunan,1.8067973465925955,67,11
modal,1.8061482066801546,140,23
data,1.7984040119467235,151,25
inklusif,1.791759469228055,6,1
tersebar,1.791759469228055,6,1
sheng,1.791759469228055,6,1
shr,1.791759469228055,6,1
ych,1.791759469228055,12,2
kendali,1.791759469228055,6,1
aisa,1.791759469228055,18,3
iphone,1.791759469228055,12,2
before,1.791759469228055,6,1
ascending,1.791759469228055,6,1
gurihnya,1.791759469228055,6,1
bagiin,1.791759469228055,6,1
ceritanya,1.791759469228055,6,1
rumor,1.791759469228055,6,1
ambassador,1.791759469228055,6,1
share,1.791759469228055,30,5
notif,1.791759469228055,6,1
kelamaan,1.791759469228055,6,1
tegaskan,1.791759469228055,6,1
mindset,1.791759469228055,6,1
kdsi,1.791759469228055,6,1
kost,1.791759469228055,6,1
sino,1.791759469228055,6,1
max,1.791759469228055,6,1
apply,1.791759469228055,6,1
meraih,1.791759469228055,6,1
neng,1.791759469228055,6,1
kacamata,1.791759469228055,6,1
penempatan,1.791759469228055,6,1
kuah,1.791759469228055,6,1
menyediakan,1.791759469228055,6,1
asta,1.791759469228055,6,1
emisi,1.791759469228055,6,1
tiket,1.791759469228055,30,5
debt,1.791759469228055,6,1
dpn,1.791759469228055,6,1
ayce,1.791759469228055,6,1
source,1.791759469228055,12,2
tutorial,1.791759469228055,6,1
badan,1.791759469228055,12,2
nderr,1.791759469228055,6,1
souvenir,1.791759469228055,12,2
rumus,1.791759469228055,6,1
agri,1.791759469228055,6,1
jamaah,1.791759469228055,6,1
duanya,1.791759469228055,6,1
diwakili,1.791759469228055,6,1
forbes,1.791759469228055,6,1
ttm,1.791759469228055,6,1
lahh,1.791759469228055,6,1
popmie,1.791759469228055,6,1
sokka,1.791759469228055,6,1
terbarukan,1.791759469228055,6,1
linkaja,1.791759469228055,6,1
screener,1.791759469228055,12,2
recording,1.791759469228055,6,1
menyajikan,1.791759469228055,6,1
bnli,1.791759469228055,36,6
ayah,1.791759469228055,6,1
ind,1.791759469228055,6,1
pikiran,1.791759469228055,6,1
garuda,1.791759469228055,6,1
kompetitor,1.791759469228055,6,1
cowl,1.791759469228055,6,1
distribution,1.791759469228055,6,1
bekal,1.791759469228055,6,1
dcf,1.791759469228055,6,1
wirg,1.791759469228055,6,1
grade,1.791759469228055,6,1
staycation,1.791759469228055,6,1
mitra,1.791759469228055,12,2
shopping,1.791759469228055,6,1
krim,1.791759469228055,6,1
cprlivetradingfree,1.791759469228055,6,1
infrastruktur,1.791759469228055,30,5
terbit,1.791759469228055,6,1
pasangan,1.791759469228055,6,1
terjangkau,1.791759469228055,6,1
alhamdulilah,1.791759469228055,6,1
issp,1.791759469228055,6,1
toto,1.791759469228055,6,1
nyan,1.791759469228055,6,1
cnma,1.791759469228055,6,1
profitable,1.791759469228055,6,1
kailangan,1.791759469228055,6,1
tanga,1.791759469228055,6,1
pertanian,1.791759469228055,6,1
rak,1.791759469228055,6,1
sayur,1.791759469228055,6,1
mengejutkan,1.791759469228055,6,1
menggiurkan,1.791759469228055,6,1
tahukah,1.791759469228055,6,1
oci,1.791759469228055,6,1
sample,1.791759469228055,6,1
terimbas,1.791759469228055,12,2
lifestyle,1.791759469228055,6,1
memenuhi,1.791759469228055,6,1
terpilih,1.791759469228055,6,1
portonya,1.791759469228055,6,1
alon,1.791759469228055,6,1
tertarik,1.791759469228055,12,2
ulasan,1.791759469228055,24,4
impianmu,1.791759469228055,6,1
tagihan,1.791759469228055,6,1
shori,1.791759469228055,6,1
dicek,1.791759469228055,6,1
spesifik,1.791759469228055,6,1
beritanya,1.791759469228055,6,1
yung,1.791759469228055,6,1
pulih,1.791759469228055,18,3
pengawasan,1.791759469228055,6,1
keberlanjutan,1.791759469228055,6,1
gasih,1.791759469228055,6,1
people,1.791759469228055,6,1
cia,1.791759469228055,6,1
ideas,1.791759469228055,6,1
oppo,1.791759469228055,6,1
done,1.791759469228055,6,1
terdongkrak,1.791759469228055,6,1
menerus,1.791759469228055,6,1
typo,1.791759469228055,6,1
manggil,1.791759469228055,6,1
warkop,1.791759469228055,6,1
terbalik,1.791759469228055,6,1
tar,1.791759469228055,6,1
circle,1.791759469228055,6,1
ditopang,1.791759469228055,18,3
indomaret,1.791759469228055,6,1
dibagikan,1.791759469228055,12,2
activity,1.791759469228055,6,1
produsennya,1.791759469228055,6,1
pertimbangkan,1.791759469228055,12,2
mencerminkan,1.791759469228055,12,2
nyakk,1.791759469228055,6,1
menuai,1.791759469228055,6,1
kulineran,1.791759469228055,6,1
guna,1.791759469228055,6,1
production,1.791759469228055,6,1
diba,1.791759469228055,6,1
inaf,1.791759469228055,18,3
kebun,1.791759469228055,6,1
kepo,1.791759469228055,6,1
ikn,1.791759469228055,6,1
same,1.791759469228055,6,1
tmpo,1.791759469228055,6,1
man,1.791759469228055,6,1
aktivitas,1.791759469228055,6,1
kelebihan,1.791759469228055,6,1
simpan,1.791759469228055,6,1
pbrx,1.791759469228055,6,1
accum,1.791759469228055,6,1
menjaga,1.791759469228055,12,2
mengeluarkan,1.791759469228055,6,1
kawasan,1.791759469228055,6,1
skb,1.791759469228055,6,1
comeback,1.791759469228055,6,1
duid,1.791759469228055,6,1
singapura,1.791759469228055,6,1
awan,1.791759469228055,6,1
moving,1.791759469228055,6,1
membahas,1.791759469228055,12,2
disalurkan,1.791759469228055,6,1
kubeli,1.791759469228055,6,1
indx,1.791759469228055,6,1
pertahankan,1.791759469228055,12,2
msuk,1.791759469228055,6,1
dipegang,1.791759469228055,12,2
resign,1.791759469228055,6,1
kalbe,1.791759469228055,6,1
yakiniku,1.791759469228055,6,1
menyetujui,1.791759469228055,12,2
lead,1.791759469228055,6,1
persetujuan,1.791759469228055,6,1
gebrakan,1.791759469228055,6,1
udang,1.791759469228055,6,1
kado,1.791759469228055,12,2
semarang,1.791759469228055,6,1
such,1.791759469228055,6,1
swasembada,1.791759469228055,6,1
mature,1.791759469228055,6,1
misalkan,1.791759469228055,6,1
dwgl,1.791759469228055,6,1
oiya,1.791759469228055,6,1
test,1.791759469228055,6,1
nolak,1.791759469228055,6,1
myrx,1.791759469228055,6,1
masak,1.791759469228055,18,3
narasi,1.791759469228055,6,1
sage,1.791759469228055,6,1
imho,1.791759469228055,6,1
bwt,1.791759469228055,6,1
forecast,1.791759469228055,6,1
eat,1.791759469228055,6,1
nego,1.791759469228055,6,1
running,1.791759469228055,6,1
deposit,1.791759469228055,6,1
pembalikan,1.791759469228055,6,1
yugen,1.791759469228055,6,1
easy,1.791759469228055,6,1
pst,1.791759469228055,6,1
secretary,1.791759469228055,6,1
bertanya,1.791759469228055,6,1
lulus,1.791759469228055,6,1
kelas,1.791759469228055,18,3
berkesan,1.791759469228055,6,1
dmnd,1.791759469228055,6,1
panr,1.791759469228055,6,1
lakukan,1.791759469228055,18,3
diincar,1.791759469228055,6,1
financials,1.791759469228055,18,3
sederhana,1.791759469228055,6,1
uob,1.791759469228055,6,1
wishlist,1.791759469228055,6,1
rev,1.791759469228055,6,1
menjalin,1.791759469228055,6,1
cikupa,1.791759469228055,6,1
kenali,1.791759469228055,6,1
serbu,1.791759469228055,6,1
antre,1.791759469228055,6,1
chicken,1.791759469228055,6,1
utara,1.791759469228055,6,1
yukk,1.791759469228055,6,1
bahagia,1.791759469228055,12,2
papan,1.791759469228055,6,1
nasa,1.791759469228055,6,1
lite,1.791759469228055,6,1
selaku,1.791759469228055,6,1
mdln,1.791759469228055,12,2
reshuffle,1.791759469228055,6,1
haluan,1.791759469228055,6,1
penyedap,1.791759469228055,6,1
pakiramdam,1.791759469228055,6,1
smdr,1.791759469228055,12,2
moodys,1.791759469228055,6,1
nikmatnya,1.791759469228055,6,1
tlk,1.791759469228055,6,1
mahirap,1.791759469228055,6,1
work,1.791759469228055,6,1
majalengka,1.791759469228055,6,1
cibitung,1.791759469228055,6,1
liner,1.791759469228055,6,1
trik,1.791759469228055,6,1
medis,1.791759469228055,6,1
acst,1.791759469228055,6,1
about,1.791759469228055,6,1
groceries,1.791759469228055,6,1
nalang,1.791759469228055,6,1
sejenis,1.791759469228055,6,1
neckline,1.791759469228055,6,1
royo,1.791759469228055,6,1
jco,1.791759469228055,6,1
gram,1.791759469228055,6,1
bles,1.791759469228055,6,1
august,1.791759469228055,6,1
perlahan,1.791759469228055,6,1
cross,1.791759469228055,12,2
langham,1.791759469228055,6,1
pang,1.791759469228055,6,1
pakai,1.791759469228055,84,14
seruan,1.791759469228055,6,1
nongkrong,1.791759469228055,6,1
beragam,1.791759469228055,18,3
zaman,1.791759469228055,6,1
second,1.791759469228055,6,1
pemberdayaan,1.791759469228055,6,1
kenal,1.791759469228055,18,3
persada,1.791759469228055,6,1
ganas,1.791759469228055,6,1
melimpah,1.791759469228055,6,1
konsumer,1.791759469228055,48,8
penyelamat,1.791759469228055,6,1
expected,1.791759469228055,6,1
slot,1.791759469228055,6,1
ibu,1.791759469228055,18,3
kisah,1.791759469228055,6,1
jrpt,1.791759469228055,6,1
atuh,1.791759469228055,6,1
login,1.791759469228055,12,2
cairkan,1.791759469228055,6,1
direstui,1.791759469228055,6,1
warisan,1.791759469228055,6,1
outfit,1.791759469228055,6,1
minimum,1.791759469228055,6,1
admedika,1.791759469228055,6,1
tao,1.791759469228055,6,1
muda,1.791759469228055,12,2
heal,1.791759469228055,12,2
kakk,1.791759469228055,6,1
kos,1.791759469228055,12,2
pag,1.791759469228055,6,1
simpen,1.791759469228055,6,1
tol,1.791759469228055,18,3
sales,1.791759469228055,24,4
contoh,1.791759469228055,78,13
bergizi,1.791759469228055,6,1
enam,1.791759469228055,6,1
pergantian,1.791759469228055,6,1
menurutmu,1.791759469228055,6,1
mapan,1.791759469228055,6,1
berlebihan,1.791759469228055,6,1
melantai,1.791759469228055,6,1
arko,1.791759469228055,6,1
developer,1.791759469228055,6,1
diamond,1.791759469228055,6,1
teras,1.791759469228055,6,1
rapi,1.791759469228055,6,1
standar,1.791759469228055,12,2
halaman,1.791759469228055,6,1
impairment,1.791759469228055,6,1
yup,1.791759469228055,6,1
diva,1.791759469228055,6,1
solar,1.791759469228055,6,1
bambang,1.791759469228055,6,1
daftar,1.777773227253315,71,12
rabu,1.7764919970972666,65,11
tetap,1.7735771501448645,218,37
mncn,1.7730673362159026,53,9
bayar,1.7730673362159026,53,9
lkh,1.7635885922613586,35,6
tiap,1.7635885922613586,105,18
goreng,1.7635885922613586,35,6
ggrm,1.7578579175523736,232,40
angka,1.754019141245208,52,9
jpfa,1.7509374747078,144,25
mulai,1.749199854809259,230,40
setuju,1.749199854809259,23,4
hehehe,1.749199854809259,23,4
meningkatkan,1.749199854809259,23,4
new,1.742969305058623,40,7
ramalan,1.7346010553881064,17,3
kesehatan,1.7346010553881064,17,3
gan,1.7346010553881064,17,3
terbukti,1.7346010553881064,17,3
pokoknya,1.7346010553881064,17,3
jadwal,1.7346010553881064,34,6
gambar,1.7346010553881064,17,3
kala,1.7346010553881064,17,3
pembelian,1.7346010553881064,51,9
seh,1.7346010553881064,17,3
tunjukkan,1.7346010553881064,17,3
fokus,1.7346010553881064,85,15
antam,1.7346010553881064,34,6
daerah,1.7346010553881064,17,3
kerja,1.7311348474116202,96,17
kinerja,1.7261621867422416,236,42
seneng,1.7227665977411035,28,5
swing,1.7227665977411035,28,5
mapa,1.7227665977411035,28,5
rawan,1.7227665977411035,28,5
ragu,1.7227665977411035,28,5
sejuta,1.7227665977411035,28,5
per,1.7214429708105952,302,54
uptrend,1.717651497074333,39,7
idx,1.7160476474923585,89,16
bersama,1.7147984280919266,50,9
besar,1.7117167615545186,288,52
aksi,1.7100814382137879,94,17
itmg,1.7083778602890038,138,25
level,1.707877985247353,160,29
hitung,1.7047480922384253,11,2
now,1.7047480922384253,22,4
opsi,1.7047480922384253,11,2
sorry,1.7047480922384253,11,2
jajaran,1.7047480922384253,11,2
malem,1.7047480922384253,11,2
cepet,1.7047480922384253,22,4
pop,1.7047480922384253,11,2
time,1.7047480922384253,66,12
taruh,1.7047480922384253,11,2
ato,1.7047480922384253,22,4
proyeksi,1.7047480922384253,33,6
ide,1.7047480922384253,11,2
sisi,1.7047480922384253,22,4
nyoba,1.7047480922384253,11,2
incar,1.7047480922384253,11,2
uji,1.7047480922384253,11,2
laper,1.7047480922384253,11,2
luas,1.7047480922384253,11,2
akbar,1.7047480922384253,11,2
bibit,1.7047480922384253,11,2
good,1.7047480922384253,55,10
dyan,1.7047480922384253,11,2
radar,1.7047480922384253,11,2
kolaborasi,1.7047480922384253,11,2
mempertahankan,1.7047480922384253,11,2
beruntung,1.7047480922384253,11,2
menunjukan,1.7047480922384253,11,2
bloomberg,1.7047480922384253,11,2
off,1.7047480922384253,22,4
heboh,1.7047480922384253,11,2
kejar,1.7047480922384253,11,2
wood,1.7047480922384253,11,2
sekedar,1.7047480922384253,11,2
sepakat,1.7047480922384253,11,2
surya,1.7047480922384253,11,2
ceban,1.7047480922384253,11,2
bris,1.698669046162043,164,30
lumayan,1.6982334112172315,153,28
punya,1.6971434928532059,393,72
besok,1.69644928942373,180,33
antara,1.6945957207744073,49,9
bahwa,1.6945957207744073,49,9
cepat,1.6916760106710724,38,7
setelah,1.6885752329928243,184,34
list,1.6863989535702288,27,5
arah,1.6863989535702288,54,10
wajib,1.6863989535702288,27,5
jumbo,1.6835458845878224,70,13
februari,1.6835458845878224,70,13
rendah,1.6817585740137264,43,8
saran,1.6817585740137264,43,8
langkah,1.6817585740137264,43,8
cut,1.6808968764162453,145,27
msci,1.6796421711073488,59,11
bullish,1.6784307839210517,75,14
kuning,1.6739764335716716,16,3
minyak,1.6739764335716716,16,3
jawab,1.6739764335716716,16,3
contohnya,1.6739764335716716,16,3
lampu,1.6739764335716716,16,3
pln,1.6739764335716716,16,3
menikmati,1.6739764335716716,16,3
stop,1.6739764335716716,48,9
agenda,1.6739764335716716,16,3
mencatatkan,1.6739764335716716,64,12
stockbit,1.6739764335716716,32,6
resiko,1.6739764335716716,16,3
mengelola,1.6739764335716716,16,3
emiten,1.6696567724271552,308,58
diborong,1.6650077635889111,37,7
fundamentalnya,1.6650077635889111,37,7
dividennya,1.6650077635889111,37,7
lho,1.6650077635889111,37,7
kuartal,1.6650077635889111,111,21
jakarta,1.6613976513648114,79,15
sepanjang,1.6582280766035324,63,12
wege,1.6582280766035324,21,4
pertamina,1.6582280766035324,21,4
macam,1.6582280766035324,21,4
terbang,1.6582280766035324,84,16
sedikit,1.6582280766035324,42,8
mika,1.6582280766035324,42,8
disc,1.6582280766035324,21,4
trading,1.6565846908598023,152,29
unvr,1.6536091307472378,810,155
nyicil,1.6529230243738393,47,9
mdka,1.6514021115331325,73,14
cara,1.6486586255873816,52,10
analysis,1.6486586255873816,26,5
money,1.6486586255873816,26,5
nyari,1.6486586255873816,26,5
depan,1.6445292322453706,145,28
weekend,1.6422277352570913,31,6
rasanya,1.6422277352570913,31,6
via,1.6422277352570913,31,6
dirut,1.6422277352570913,31,6
berita,1.640209571100854,165,32
sektor,1.6389967146756448,206,40
caps,1.6376087894007967,36,7
dana,1.6357552207514738,154,30
seluruh,1.6314168191528755,46,9
perlu,1.6302719993369423,97,19
membuat,1.62924053973028,51,10
kini,1.62924053973028,51,10
kuat,1.6286078285418206,158,31
biar,1.6280142980070358,163,32
brms,1.6274564179367788,56,11
consumer,1.6266797188686064,117,23
dalam,1.623043564489879,370,73
siapa,1.6204877486206852,91,18
juli,1.6174060820832772,126,25
gabung,1.6094379124341003,10,2
pinjaman,1.6094379124341003,30,6
milyar,1.6094379124341003,10,2
kabel,1.6094379124341003,10,2
mbak,1.6094379124341003,20,4
dunia,1.6094379124341003,55,11
kepikiran,1.6094379124341003,15,3
memilih,1.6094379124341003,20,4
biasanya,1.6094379124341003,55,11
passive,1.6094379124341003,10,2
memutuskan,1.6094379124341003,20,4
menghasilkan,1.6094379124341003,10,2
payment,1.6094379124341003,10,2
towr,1.6094379124341003,55,11
dewa,1.6094379124341003,10,2
rups,1.6094379124341003,135,27
uangnya,1.6094379124341003,15,3
maen,1.6094379124341003,15,3
tingkat,1.6094379124341003,10,2
gaya,1.6094379124341003,20,4
dingin,1.6094379124341003,20,4
hbs,1.6094379124341003,10,2
kebeli,1.6094379124341003,15,3
gabungan,1.6094379124341003,20,4
scma,1.6094379124341003,55,11
optimis,1.6094379124341003,25,5
menanti,1.6094379124341003,10,2
selot,1.6094379124341003,10,2
kedepan,1.6094379124341003,25,5
financial,1.6094379124341003,20,4
dompet,1.6094379124341003,15,3
kategori,1.6094379124341003,15,3
anaknya,1.6094379124341003,15,3
maaf,1.6094379124341003,30,6
dikoleksi,1.6094379124341003,15,3
random,1.6094379124341003,10,2
mampir,1.6094379124341003,10,2
negeri,1.6094379124341003,35,7
bantuan,1.6094379124341003,10,2
tetiba,1.6094379124341003,10,2
bull,1.6094379124341003,15,3
for,1.6094379124341003,40,8
mampu,1.6094379124341003,40,8
platform,1.6094379124341003,10,2
bagaimana,1.6094379124341003,70,14
konglo,1.6094379124341003,20,4
hidup,1.6094379124341003,55,11
dipantau,1.6094379124341003,15,3
kejutan,1.6094379124341003,10,2
own,1.6094379124341003,10,2
tag,1.6094379124341003,10,2
tergantung,1.6094379124341003,35,7
omset,1.6094379124341003,10,2
pukul,1.6094379124341003,15,3
halal,1.6094379124341003,10,2
kemajuan,1.6094379124341003,10,2
tipe,1.6094379124341003,10,2
acuan,1.6094379124341003,15,3
gaa,1.6094379124341003,10,2
smbr,1.6094379124341003,10,2
lompat,1.6094379124341003,10,2
google,1.6094379124341003,10,2
diuntungkan,1.6094379124341003,15,3
pensiun,1.6094379124341003,30,6
recovery,1.6094379124341003,10,2
pelaku,1.6094379124341003,15,3
dikabarkan,1.6094379124341003,10,2
just,1.6094379124341003,10,2
yieldnya,1.6094379124341003,10,2
hitungan,1.6094379124341003,10,2
avia,1.6094379124341003,10,2
perlawanan,1.6094379124341003,15,3
ltd,1.6094379124341003,10,2
terjaga,1.6094379124341003,10,2
buat,1.6045479271399086,612,123
coba,1.6007042324653458,114,23
sebelumnya,1.5998684614179497,104,21
seperti,1.5976034547870976,252,51
kepemilikan,1.5968591302272404,79,16
harusnya,1.5960148921019597,74,15
beli,1.5955233708337695,1356,275
rebound,1.5939337258981352,128,26
cari,1.5926307941177191,59,12
asii,1.589235205116581,637,130
rasa,1.589235205116581,49,10
chip,1.586965056582042,44,9
terhadap,1.5824092400461809,73,15
bsd,1.580450375560848,102,21
signifikan,1.580450375560848,34,7
melihat,1.580450375560848,68,14
the,1.5793604571968225,131,27
tanpa,1.5781853689299958,63,13
kira,1.5773495978825998,92,19
senin,1.575536360758419,145,30
wave,1.575536360758419,58,12
masyarakat,1.5723966407537513,53,11
untr,1.5718999931150353,183,38
jumlah,1.5686159179138452,48,10
yakni,1.5686159179138452,24,5
isi,1.5686159179138452,24,5
goods,1.5686159179138452,48,10
pasar,1.5686159179138452,288,60
stabil,1.5686159179138452,72,15
high,1.5656352897757073,67,14
btc,1.563975538357343,43,9
bei,1.563975538357343,43,9
lupa,1.5621850275835547,62,13
ayo,1.55814461804655,57,12
pengalaman,1.55814461804655,19,4
membukukan,1.55814461804655,38,8
usahanya,1.55814461804655,19,4
ketidakpastian,1.55814461804655,19,4
kak,1.55814461804655,114,24
jumat,1.55814461804655,95,20
maju,1.55814461804655,19,4
langsung,1.55814461804655,171,36
jawabannya,1.55814461804655,19,4
porsi,1.5533484457830569,52,11
mudah,1.5533484457830569,52,11
periode,1.550597412411167,99,21
rencana,1.550597412411167,66,14
nilai,1.550597412411167,132,28
bangun,1.550597412411167,33,7
brpt,1.54663701119507,108,23
aman,1.54663701119507,108,23
saat,1.5451179466465415,286,61
naik,1.5428771459157613,1235,264
infrastructures,1.540445040947149,14,3
kanan,1.540445040947149,14,3
diperhatikan,1.540445040947149,14,3
dmas,1.540445040947149,14,3
isinya,1.540445040947149,14,3
salah,1.540445040947149,168,36
pikir,1.540445040947149,14,3
dilihat,1.540445040947149,28,6
sekaligus,1.540445040947149,14,3
receh,1.540445040947149,14,3
volume,1.540445040947149,56,12
perkasa,1.540445040947149,14,3
dev,1.540445040947149,14,3
lancar,1.540445040947149,14,3
tengah,1.5373346185327565,107,23
operasional,1.5314763709643886,37,8
masuk,1.5279448781829175,424,92
hujan,1.5260563034950492,23,5
aadi,1.5260563034950492,23,5
gas,1.5260563034950492,23,5
milih,1.5260563034950492,23,5
sunarso,1.5260563034950492,23,5
gajian,1.5260563034950492,23,5
kaya,1.519825753744413,128,28
sumber,1.519825753744413,32,7
likuiditas,1.519825753744413,32,7
berapa,1.5184661342283736,105,23
tahan,1.5163474893680884,41,9
maka,1.5141277326297755,50,11
kenaikan,1.5081841787289274,122,27
kuy,1.5040773967762742,9,2
obat,1.5040773967762742,9,2
apk,1.5040773967762742,9,2
smoga,1.5040773967762742,9,2
paket,1.5040773967762742,18,4
inkp,1.5040773967762742,99,22
pemimpin,1.5040773967762742,9,2
king,1.5040773967762742,18,4
sing,1.5040773967762742,9,2
rebalancing,1.5040773967762742,9,2
kolom,1.5040773967762742,9,2
diproyeksikan,1.5040773967762742,9,2
eksklusif,1.5040773967762742,9,2
dayamitra,1.5040773967762742,9,2
keep,1.5040773967762742,18,4
thanks,1.5040773967762742,18,4
emitennya,1.5040773967762742,9,2
smartfren,1.5040773967762742,9,2
breaking,1.5040773967762742,18,4
galau,1.5040773967762742,18,4
sisa,1.5040773967762742,27,6
apps,1.5040773967762742,9,2
pertanyaannya,1.5040773967762742,9,2
ala,1.5040773967762742,9,2
trendnya,1.5040773967762742,9,2
love,1.5040773967762742,9,2
ungkap,1.5040773967762742,18,4
intinya,1.5040773967762742,9,2
pengusaha,1.5040773967762742,9,2
bdmn,1.5040773967762742,45,10
tepatnya,1.5040773967762742,9,2
pendidikan,1.5040773967762742,9,2
tenaga,1.5040773967762742,9,2
definisi,1.5040773967762742,9,2
diambil,1.5040773967762742,9,2
mark,1.5040773967762742,9,2
greedy,1.5040773967762742,9,2
pencadangan,1.5040773967762742,9,2
dibayar,1.5040773967762742,9,2
lagii,1.5040773967762742,9,2
gencar,1.5040773967762742,9,2
ijoo,1.5040773967762742,9,2
kedua,1.5040773967762742,27,6
darurat,1.5040773967762742,9,2
july,1.5040773967762742,9,2
pure,1.5040773967762742,9,2
tambahin,1.5040773967762742,9,2
efek,1.5040773967762742,108,24
discl,1.5040773967762742,9,2
uptrendnya,1.5040773967762742,9,2
menentukan,1.5040773967762742,9,2
pepsi,1.5040773967762742,27,6
kupon,1.5040773967762742,9,2
make,1.5040773967762742,9,2
tok,1.5040773967762742,9,2
sepi,1.5040773967762742,9,2
bbni,1.5040773967762742,765,170
semakin,1.4954936530848826,58,13
sebagai,1.492516574375198,129,29
hahaha,1.490091154801534,71,16
indf,1.4885109262877492,988,223
review,1.488077055429833,31,7
mandiri,1.488077055429833,62,14
doritos,1.488077055429833,31,7
semuanya,1.488077055429833,31,7
pengen,1.488077055429833,93,21
sekalian,1.488077055429833,31,7
menjadi,1.486835590341768,230,52
tins,1.4853852637641216,53,12
prabowo,1.4816045409242156,22,5
sideways,1.4816045409242156,22,5
usd,1.4816045409242156,44,10
not,1.4816045409242156,22,5
masukin,1.4816045409242156,22,5
senyum,1.4816045409242156,22,5
koreksi,1.4768912564721173,127,29
trump,1.4759065198095778,35,8
segera,1.4759065198095778,35,8
sore,1.4759065198095778,35,8
teknikal,1.4744016286301573,83,19
laporan,1.4733057381095203,96,22
beberapa,1.4712875739532831,135,31
icbp,1.470495799444973,5783,1329
hmsp,1.4699085011610242,187,43
nisp,1.466337068793427,13,3
dampaknya,1.466337068793427,13,3
sia,1.466337068793427,13,3
exdate,1.466337068793427,13,3
depannya,1.466337068793427,13,3
real,1.466337068793427,26,6
pembukaan,1.466337068793427,13,3
asia,1.466337068793427,39,9
mantan,1.466337068793427,13,3
bantu,1.466337068793427,26,6
limit,1.466337068793427,13,3
ditunggu,1.466337068793427,13,3
pulang,1.466337068793427,13,3
dsb,1.466337068793427,13,3
ghz,1.466337068793427,13,3
frame,1.466337068793427,13,3
lets,1.466337068793427,13,3
sorotan,1.466337068793427,13,3
yaudah,1.466337068793427,13,3
enrg,1.466337068793427,13,3
ambil,1.466337068793427,91,21
menteri,1.466337068793427,13,3
note,1.466337068793427,13,3
musim,1.466337068793427,13,3
peduli,1.466337068793427,13,3
sendiri,1.466337068793427,78,18
bukan,1.4648566836229928,225,52
baik,1.463586035421537,121,28
pertama,1.462834438242225,95,22
selain,1.4604023332736125,56,13
bursa,1.4604023332736125,112,26
ntar,1.4586150226995167,43,10
walau,1.4586150226995167,43,10
btw,1.4586150226995167,43,10
tahu,1.455287232606842,60,14
lainnya,1.455287232606842,60,14
hrum,1.455287232606842,30,7
ssia,1.455287232606842,30,7
tebar,1.455287232606842,30,7
sampai,1.453157306349017,201,47
ptba,1.4497161875573867,179,42
masa,1.4494732627414222,98,23
sistem,1.4469189829363254,17,4
air,1.4469189829363254,17,4
dcii,1.4469189829363254,34,8
mudik,1.4469189829363254,17,4
potensial,1.4469189829363254,17,4
but,1.4469189829363254,17,4
konglomerat,1.4469189829363254,17,4
tpi,1.4469189829363254,34,8
asumsi,1.4469189829363254,17,4
dibahas,1.4469189829363254,17,4
pake,1.4453278927040836,157,37
closing,1.4403615823901663,38,9
membeli,1.4384801142904609,59,14
besaran,1.4350845252893227,21,5
penjelasan,1.4350845252893227,21,5
bentuk,1.4350845252893227,21,5
korporasi,1.4350845252893227,21,5
reguler,1.4350845252893227,21,5
selanjutnya,1.4350845252893227,21,5
bunga,1.4328143767547836,88,21
nanti,1.4299694246225523,117,28
yakin,1.4271163556401458,50,12
malam,1.4271163556401458,25,6
mas,1.425008873300581,79,19
indihome,1.421385680931161,29,7
momentum,1.421385680931161,29,7
duo,1.421385680931161,29,7
penuh,1.421385680931161,29,7
suka,1.4198170531585343,91,22
bbtn,1.419520008748211,153,37
dibuka,1.4190841839428816,62,15
ipo,1.4190841839428816,62,15
inco,1.418382675671391,95,23
sblmnya,1.4170660197866443,33,8
keuangan,1.4144652380865868,144,35
all,1.4122698475231514,78,19
valuasi,1.4069136483226263,49,12
bilang,1.4039939382192914,57,14
sahamnya,1.4021258263365712,191,47
price,1.4008931605410433,69,17
lebih,1.3993664426872434,539,133
perdagangan,1.3962446919730587,101,25
ajak,1.3862943611198906,8,2
telkomsel,1.3862943611198906,36,9
bakalan,1.3862943611198906,36,9
kualitas,1.3862943611198906,12,3
sosial,1.3862943611198906,8,2
gais,1.3862943611198906,8,2
moga,1.3862943611198906,16,4
dihitung,1.3862943611198906,8,2
konten,1.3862943611198906,12,3
float,1.3862943611198906,12,3
defensif,1.3862943611198906,20,5
malang,1.3862943611198906,12,3
sesuatu,1.3862943611198906,8,2
serius,1.3862943611198906,12,3
rahasia,1.3862943611198906,8,2
berdiri,1.3862943611198906,8,2
management,1.3862943611198906,16,4
bid,1.3862943611198906,16,4
pemodal,1.3862943611198906,12,3
perubahan,1.3862943611198906,16,4
kontak,1.3862943611198906,8,2
demi,1.3862943611198906,24,6
santuy,1.3862943611198906,8,2
mendominasi,1.3862943611198906,8,2
jaringan,1.3862943611198906,32,8
bpi,1.3862943611198906,8,2
sakura,1.3862943611198906,12,3
mantep,1.3862943611198906,16,4
cocok,1.3862943611198906,44,11
tuhan,1.3862943611198906,8,2
restu,1.3862943611198906,8,2
dibikin,1.3862943611198906,8,2
jenis,1.3862943611198906,8,2
berada,1.3862943611198906,52,13
ingin,1.3862943611198906,40,10
trailing,1.3862943611198906,8,2
pertambangan,1.3862943611198906,8,2
edukasi,1.3862943611198906,8,2
mtdl,1.3862943611198906,12,3
bbyb,1.3862943611198906,12,3
satelit,1.3862943611198906,8,2
gejolak,1.3862943611198906,12,3
public,1.3862943611198906,8,2
puluhan,1.3862943611198906,20,5
barengan,1.3862943611198906,8,2
proses,1.3862943611198906,12,3
lanjutan,1.3862943611198906,8,2
meski,1.3862943611198906,72,18
afrika,1.3862943611198906,12,3
semalam,1.3862943611198906,8,2
kuota,1.3862943611198906,20,5
sentuh,1.3862943611198906,8,2
bayarnya,1.3862943611198906,8,2
institusi,1.3862943611198906,16,4
nice,1.3862943611198906,8,2
sahamku,1.3862943611198906,8,2
nonton,1.3862943611198906,20,5
buva,1.3862943611198906,8,2
berlangsung,1.3862943611198906,12,3
diharga,1.3862943611198906,20,5
samuel,1.3862943611198906,8,2
timur,1.3862943611198906,12,3
mentah,1.3862943611198906,8,2
menilai,1.3862943611198906,8,2
caplok,1.3862943611198906,8,2
rada,1.3862943611198906,8,2
tpma,1.3862943611198906,8,2
berkembang,1.3862943611198906,12,3
unit,1.3862943611198906,8,2
perhatian,1.3862943611198906,12,3
tech,1.3862943611198906,8,2
ilmu,1.3862943611198906,16,4
monggo,1.3862943611198906,8,2
sekian,1.3862943611198906,16,4
melewati,1.3862943611198906,8,2
better,1.3862943611198906,12,3
batasi,1.3862943611198906,8,2
ajalah,1.3862943611198906,8,2
naikk,1.3862943611198906,8,2
aje,1.3862943611198906,8,2
first,1.3862943611198906,12,3
head,1.3862943611198906,8,2
blue,1.3862943611198906,52,13
divergence,1.3862943611198906,8,2
farmasi,1.3862943611198906,8,2
bps,1.3862943611198906,8,2
lgi,1.3862943611198906,20,5
cerdas,1.3862943611198906,12,3
status,1.3862943611198906,8,2
ririek,1.3862943611198906,8,2
mendekati,1.3862943611198906,12,3
bca,1.3862943611198906,60,15
sik,1.3862943611198906,8,2
continuation,1.3862943611198906,8,2
care,1.3862943611198906,8,2
penasaran,1.3862943611198906,20,5
sembako,1.3862943611198906,8,2
pangkas,1.3862943611198906,12,3
perusahaannya,1.3862943611198906,24,6
asik,1.3862943611198906,12,3
memprediksi,1.3862943611198906,12,3
naek,1.3862943611198906,64,16
kmaren,1.3862943611198906,12,3
hangat,1.3862943611198906,8,2
susunan,1.3862943611198906,8,2
pala,1.3862943611198906,8,2
ina,1.3862943611198906,8,2
abmm,1.3862943611198906,8,2
nanggung,1.3862943611198906,8,2
bersaing,1.3862943611198906,8,2
sinyal,1.3862943611198906,100,25
adriansyah,1.3862943611198906,8,2
transfer,1.3862943611198906,12,3
profil,1.3862943611198906,8,2
traders,1.3862943611198906,16,4
buktikan,1.3862943611198906,8,2
justru,1.3862943611198906,64,16
misal,1.3862943611198906,44,11
kirim,1.3862943611198906,8,2
email,1.3862943611198906,20,5
berubah,1.3862943611198906,16,4
keadaan,1.3862943611198906,8,2
flow,1.3862943611198906,24,6
bottoming,1.3862943611198906,8,2
menetapkan,1.3862943611198906,8,2
bhit,1.3862943611198906,8,2
berdampak,1.3862943611198906,12,3
thailand,1.3862943611198906,8,2
mengingat,1.3862943611198906,8,2
ayoo,1.3862943611198906,8,2
nikmatin,1.3862943611198906,8,2
tlkm,1.3816134351130798,3197,803
investor,1.3798078518902839,461,116
utk,1.3737155789130306,79,20
nambah,1.3730491343698699,75,19
bagus,1.36976505916868,240,61
main,1.3652409519220583,94,24
klo,1.3646328643387111,137,35
tentang,1.363304842895192,43,11
worth,1.3581234841531944,35,9
siang,1.3581234841531944,35,9
lipat,1.3581234841531944,35,9
mata,1.3545456628053103,31,8
ara,1.3545456628053103,31,8
analisa,1.3516088031320006,85,22
ikutan,1.3437347467010947,46,12
nasabah,1.3437347467010947,23,6
negara,1.3437347467010947,115,30
cicil,1.3437347467010947,46,12
bahas,1.3397743454849977,42,11
membentuk,1.33500106673234,38,10
thread,1.33500106673234,19,5
macd,1.33500106673234,19,5
terlihat,1.33500106673234,38,10
sepertinya,1.33500106673234,38,10
ytd,1.33500106673234,19,5
libur,1.33500106673234,19,5
oleh,1.3312345839368631,159,42
tdk,1.329135947279942,34,9
guys,1.32687094064909,49,13
ijo,1.3235560204864674,139,37
kas,1.3217558399823195,15,4
penyaluran,1.3217558399823195,15,4
cerita,1.3217558399823195,15,4
iseng,1.3217558399823195,15,4
ramai,1.3217558399823195,15,4
tuku,1.3217558399823195,15,4
keliatan,1.3217558399823195,15,4
ikuti,1.3217558399823195,15,4
thank,1.3217558399823195,15,4
wah,1.3156767939059373,41,11
minimal,1.3156767939059373,41,11
sdh,1.3156767939059373,41,11
terbesar,1.3137236682850553,93,25
crypto,1.3121863889661687,26,7
like,1.3121863889661687,26,7
uang,1.3121863889661687,104,28
habis,1.3121863889661687,52,14
buka,1.3113313226464354,167,45
chart,1.3099213823353166,63,17
you,1.308332819650179,37,10
tau,1.3037077701106166,151,41
baiknya,1.2992829841302609,11,3
infonya,1.2992829841302609,11,3
lage,1.2992829841302609,11,3
efisien,1.2992829841302609,11,3
regional,1.2992829841302609,11,3
terigu,1.2992829841302609,11,3
kau,1.2992829841302609,11,3
kerjaan,1.2992829841302609,11,3
menembus,1.2992829841302609,11,3
varian,1.2992829841302609,11,3
sekelas,1.2992829841302609,11,3
kian,1.2992829841302609,11,3
putih,1.2992829841302609,11,3
poin,1.2992829841302609,44,12
setia,1.2992829841302609,11,3
duitnya,1.2992829841302609,33,9
puas,1.2992829841302609,11,3
pre,1.2992829841302609,11,3
keduanya,1.2992829841302609,11,3
industri,1.2992829841302609,22,6
cuman,1.2992829841302609,55,15
aplikasi,1.2992829841302609,22,6
aset,1.2992829841302609,55,15
investasinya,1.2992829841302609,11,3
imo,1.2992829841302609,11,3
bsk,1.2992829841302609,11,3
ngecek,1.2992829841302609,11,3
serba,1.2992829841302609,11,3
tsel,1.2992829841302609,11,3
fren,1.2992829841302609,44,12
mostly,1.2992829841302609,11,3
corner,1.2992829841302609,11,3
lha,1.2992829841302609,11,3
performance,1.2992829841302609,11,3
apakah,1.2976582884032588,205,56
isat,1.2964380319980295,117,32
trend,1.2878542883066382,29,8
indo,1.2878542883066382,58,16
daily,1.2878542883066382,29,8
santai,1.2878542883066382,29,8
tinggal,1.286210902562908,76,21
menuju,1.285198244248522,47,13
ada,1.2847145683019705,1113,308
dua,1.2833463918674481,83,23
dimana,1.2809338454620642,36,10
under,1.2809338454620642,18,5
sebuah,1.2809338454620642,18,5
report,1.2809338454620642,18,5
apapun,1.2809338454620642,18,5
perjalanan,1.2809338454620642,18,5
tambah,1.2784053991087057,79,22
karna,1.2776605201170952,61,17
mah,1.274502955131774,93,26
medc,1.2729656758128876,50,14
giaa,1.2729656758128876,25,7
fundamental,1.2700345550040286,146,41
inflasi,1.2685113254635072,32,9
posisi,1.2669476034873244,71,20
jalan,1.2656663733312759,39,11
terakhir,1.261651915912614,113,32
sinarmas,1.252762968495368,7,2
menariknya,1.252762968495368,7,2
pimpin,1.252762968495368,7,2
suasana,1.252762968495368,7,2
suhu,1.252762968495368,7,2
tgl,1.252762968495368,77,22
jejak,1.252762968495368,7,2
lovers,1.252762968495368,7,2
dekati,1.252762968495368,7,2
jalin,1.252762968495368,7,2
tanah,1.252762968495368,14,4
lohh,1.252762968495368,7,2
menyelenggarakan,1.252762968495368,7,2
luck,1.252762968495368,7,2
komoditas,1.252762968495368,28,8
kepada,1.252762968495368,49,14
diskusi,1.252762968495368,7,2
okt,1.252762968495368,7,2
utank,1.252762968495368,7,2
kompak,1.252762968495368,56,16
melandai,1.252762968495368,7,2
silahkan,1.252762968495368,7,2
tks,1.252762968495368,7,2
ramah,1.252762968495368,7,2
kali,1.252762968495368,147,42
buatan,1.252762968495368,7,2
least,1.252762968495368,7,2
arus,1.252762968495368,7,2
insya,1.252762968495368,7,2
kesimpulan,1.252762968495368,7,2
berburu,1.252762968495368,7,2
singkat,1.252762968495368,7,2
kcuali,1.252762968495368,7,2
anggap,1.252762968495368,7,2
tsla,1.252762968495368,7,2
diemin,1.252762968495368,7,2
gigi,1.252762968495368,7,2
others,1.252762968495368,7,2
kecipratan,1.252762968495368,7,2
cukup,1.252762968495368,91,26
mengetahui,1.252762968495368,7,2
bipi,1.252762968495368,7,2
service,1.252762968495368,7,2
menyumbang,1.252762968495368,7,2
sadar,1.252762968495368,14,4
overall,1.252762968495368,7,2
rentan,1.252762968495368,7,2
rotasi,1.252762968495368,7,2
earnings,1.252762968495368,14,4
jutaan,1.252762968495368,14,4
thd,1.252762968495368,7,2
inii,1.252762968495368,7,2
tim,1.252762968495368,28,8
berperan,1.252762968495368,7,2
chartnya,1.252762968495368,7,2
tidur,1.252762968495368,21,6
catatan,1.252762968495368,7,2
barang,1.252762968495368,49,14
bau,1.252762968495368,14,4
melambung,1.252762968495368,14,4
arab,1.252762968495368,7,2
cantik,1.252762968495368,7,2
resist,1.252762968495368,14,4
kudu,1.252762968495368,14,4
gada,1.252762968495368,14,4
waah,1.252762968495368,7,2
fmcg,1.252762968495368,14,4
dikuasai,1.252762968495368,7,2
baju,1.252762968495368,7,2
bonds,1.252762968495368,7,2
marubozu,1.252762968495368,7,2
arahan,1.252762968495368,7,2
sesama,1.252762968495368,7,2
disetujui,1.252762968495368,7,2
mainnya,1.252762968495368,7,2
welcome,1.252762968495368,7,2
siwon,1.252762968495368,7,2
sebab,1.252762968495368,7,2
usa,1.252762968495368,7,2
dewan,1.252762968495368,7,2
khawatir,1.252762968495368,14,4
ulas,1.252762968495368,7,2
tujuan,1.252762968495368,14,4
ngikut,1.252762968495368,7,2
ngarep,1.252762968495368,7,2
btn,1.252762968495368,7,2
penetapan,1.252762968495368,7,2
eks,1.252762968495368,7,2
headline,1.252762968495368,7,2
opening,1.252762968495368,7,2
stonks,1.252762968495368,7,2
ultah,1.252762968495368,7,2
perusahan,1.252762968495368,7,2
vaksin,1.252762968495368,7,2
bandarmology,1.252762968495368,7,2
standard,1.252762968495368,7,2
iklan,1.252762968495368,7,2
etc,1.252762968495368,7,2
resources,1.252762968495368,7,2
terafiliasi,1.252762968495368,7,2
didominasi,1.252762968495368,7,2
marga,1.252762968495368,7,2
dnet,1.252762968495368,7,2
bintang,1.252762968495368,7,2
akhir,1.2492725635555995,143,41
tunggu,1.2452157628599851,66,19
hanya,1.2411123512753928,128,37
mengalami,1.2396908869280152,38,11
berjalan,1.236762627148927,31,9
menunggu,1.236762627148927,31,9
yok,1.236762627148927,31,9
pbv,1.2321436812926323,72,21
selama,1.2299482907291965,130,38
beda,1.2299482907291965,65,19
bos,1.2286654169163074,41,12
terkait,1.2286654169163074,41,12
baca,1.2280703559049966,140,41
pendapatan,1.2278240201481159,99,29
melaju,1.2237754316221157,17,5
ath,1.2237754316221157,34,10
ribuan,1.2237754316221157,17,5
plan,1.2237754316221157,17,5
nder,1.2237754316221157,34,10
iyaa,1.2237754316221157,17,5
memang,1.2192402764567245,88,26
selamat,1.2192402764567245,44,13
sebelum,1.2181574393178924,71,21
akhirnya,1.217671648684098,98,29
mohon,1.2163953243244932,27,8
low,1.2144441041932312,64,19
lihat,1.2074151485169087,97,29
pak,1.2057569261194374,187,56
diserok,1.2039728043259361,10,3
nov,1.2039728043259361,10,3
instant,1.2039728043259361,10,3
join,1.2039728043259361,10,3
geopolitik,1.2039728043259361,10,3
gelar,1.2039728043259361,10,3
kelola,1.2039728043259361,10,3
wkwkwkwkwk,1.2039728043259361,10,3
gacor,1.2039728043259361,10,3
channel,1.2039728043259361,20,6
deal,1.2039728043259361,10,3
kebagian,1.2039728043259361,10,3
lan,1.2039728043259361,10,3
mantau,1.2039728043259361,20,6
entitas,1.2039728043259361,30,9
berikutnya,1.2039728043259361,10,3
bertahan,1.2039728043259361,40,12
dominasi,1.2039728043259361,10,3
pelat,1.2039728043259361,10,3
modalnya,1.2039728043259361,10,3
valuasinya,1.2039728043259361,10,3
belajar,1.2039728043259361,60,18
grafik,1.2039728043259361,10,3
hot,1.2039728043259361,10,3
prajogo,1.2039728043259361,10,3
belakang,1.2039728043259361,10,3
tebak,1.2039728043259361,10,3
des,1.2039728043259361,10,3
liquid,1.2039728043259361,10,3
cenderung,1.2039728043259361,40,12
ngamuk,1.2039728043259361,10,3
farma,1.2039728043259361,10,3
efektif,1.2039728043259361,10,3
rekor,1.2039728043259361,30,9
dpr,1.2039728043259361,10,3
ohh,1.2039728043259361,10,3
opo,1.2039728043259361,10,3
pengaruh,1.2039728043259361,10,3
teratas,1.2039728043259361,10,3
pergerakan,1.1977031913123406,53,16
yak,1.1939224684724346,33,10
pasti,1.1907275775759152,125,38
wajar,1.1895840668738364,46,14
wifi,1.1871656860095547,59,18
loss,1.1865810616140668,190,58
gmn,1.1856236656577395,36,11
cuma,1.1840574946249947,232,71
bingung,1.1837700970084166,49,15
bakal,1.1819938976071607,225,69
abis,1.1819938976071607,75,23
finance,1.1786549963416462,13,4
order,1.1786549963416462,13,4
alias,1.1786549963416462,26,8
pembiayaan,1.1786549963416462,13,4
nihh,1.1786549963416462,13,4
konsumen,1.1786549963416462,13,4
perbandingan,1.1786549963416462,13,4
krna,1.1786549963416462,13,4
trade,1.1786549963416462,26,8
akankah,1.1786549963416462,13,4
setidaknya,1.1786549963416462,13,4
cash,1.1786549963416462,52,16
bedanya,1.1786549963416462,13,4
stochastic,1.1786549963416462,13,4
kakak,1.1786549963416462,13,4
namun,1.1741198411762548,55,17
percaya,1.1741198411762548,55,17
jelang,1.1700712526502546,29,9
soal,1.16857087727502,74,23
soalnya,1.16857087727502,74,23
emtk,1.1676051601550612,45,14
induk,1.1631508098056809,32,10
intp,1.1631508098056809,80,25
entah,1.1631508098056809,16,5
weekly,1.1631508098056809,16,5
sehingga,1.1631508098056809,32,10
mencoba,1.1631508098056809,16,5
terbanyak,1.1631508098056809,16,5
baru,1.1585104302491787,344,108
pola,1.157452788691043,35,11
ammn,1.1557707025080584,54,17
karyawan,1.1526795099383853,19,6
tarik,1.1526795099383853,38,12
wait,1.1526795099383853,19,6
investment,1.1526795099383853,19,6
nilainya,1.1526795099383853,19,6
non,1.1526795099383853,19,6
operator,1.1526795099383853,19,6
revenue,1.1526795099383853,19,6
nyerok,1.1526795099383853,38,12
sana,1.1526795099383853,19,6
diburu,1.1526795099383853,19,6
tinggi,1.1514547700424895,136,43
kemungkinan,1.1499055830556602,60,19
pas,1.1492560214868646,243,77
portfolio,1.1451323043030026,22,7
butuh,1.1451323043030026,44,14
waktu,1.1420974006078486,141,45
capai,1.1394342831883648,25,8
asset,1.1394342831883648,25,8
kebijakan,1.1394342831883648,25,8
sebulan,1.1394342831883648,25,8
tkim,1.1370785694959058,53,17
mari,1.1349799328389845,28,9
zona,1.1314021114911006,31,10
taun,1.1314021114911006,31,10
news,1.1314021114911006,31,10
tentu,1.1314021114911006,31,10
pepsico,1.1298648321722142,65,21
capital,1.128465251817791,34,11
mirip,1.128465251817791,34,11
mereka,1.1265861407105158,145,47
himbara,1.1260112628562242,37,12
anthoni,1.1260112628562242,37,12
cheetos,1.1260112628562242,37,12
bang,1.1239300966523995,120,39
gain,1.1192315758708453,49,16
termasuk,1.1180303745252111,52,17
jam,1.1151415906193203,61,20
mendatang,1.0986122886681098,9,3
mar,1.0986122886681098,6,2
amin,1.0986122886681098,12,4
eksekusi,1.0986122886681098,6,2
penjelasannya,1.0986122886681098,6,2
guyss,1.0986122886681098,6,2
ngitung,1.0986122886681098,6,2
your,1.0986122886681098,12,4
penerimaan,1.0986122886681098,6,2
merilis,1.0986122886681098,6,2
berkaitan,1.0986122886681098,6,2
alert,1.0986122886681098,9,3
usia,1.0986122886681098,9,3
anteng,1.0986122886681098,6,2
profesional,1.0986122886681098,6,2
negri,1.0986122886681098,6,2
berisi,1.0986122886681098,6,2
surat,1.0986122886681098,6,2
picu,1.0986122886681098,6,2
kuda,1.0986122886681098,6,2
disaat,1.0986122886681098,15,5
tampak,1.0986122886681098,6,2
bot,1.0986122886681098,6,2
tmas,1.0986122886681098,6,2
dipublikasikan,1.0986122886681098,15,5
tetangga,1.0986122886681098,6,2
ayok,1.0986122886681098,6,2
home,1.0986122886681098,6,2
berapapun,1.0986122886681098,6,2
analisisnya,1.0986122886681098,6,2
economic,1.0986122886681098,6,2
ditandai,1.0986122886681098,6,2
interest,1.0986122886681098,12,4
rekan,1.0986122886681098,9,3
doa,1.0986122886681098,9,3
disiplin,1.0986122886681098,9,3
other,1.0986122886681098,6,2
kedepannya,1.0986122886681098,18,6
mikirin,1.0986122886681098,6,2
made,1.0986122886681098,6,2
cmnp,1.0986122886681098,6,2
ret,1.0986122886681098,6,2
gen,1.0986122886681098,6,2
kece,1.0986122886681098,6,2
result,1.0986122886681098,6,2
sejumlah,1.0986122886681098,12,4
bara,1.0986122886681098,9,3
dgn,1.0986122886681098,93,31
saiki,1.0986122886681098,6,2
urutan,1.0986122886681098,12,4
sibuk,1.0986122886681098,6,2
luncurkan,1.0986122886681098,6,2
bego,1.0986122886681098,6,2
lmbr,1.0986122886681098,6,2
analisanya,1.0986122886681098,9,3
sungguh,1.0986122886681098,6,2
road,1.0986122886681098,6,2
kebanting,1.0986122886681098,6,2
dada,1.0986122886681098,9,3
akhiri,1.0986122886681098,6,2
full,1.0986122886681098,30,10
reaksi,1.0986122886681098,9,3
street,1.0986122886681098,12,4
mak,1.0986122886681098,6,2
xlsmart,1.0986122886681098,6,2
donk,1.0986122886681098,6,2
aktif,1.0986122886681098,15,5
pengelolaan,1.0986122886681098,6,2
berakhir,1.0986122886681098,18,6
ngasih,1.0986122886681098,18,6
setoran,1.0986122886681098,6,2
harami,1.0986122886681098,6,2
jga,1.0986122886681098,12,4
lelang,1.0986122886681098,12,4
saling,1.0986122886681098,9,3
perak,1.0986122886681098,12,4
mendapat,1.0986122886681098,6,2
due,1.0986122886681098,6,2
djarum,1.0986122886681098,6,2
tes,1.0986122886681098,6,2
hak,1.0986122886681098,6,2
nambahin,1.0986122886681098,6,2
profitnya,1.0986122886681098,9,3
mase,1.0986122886681098,6,2
wamen,1.0986122886681098,6,2
huruf,1.0986122886681098,6,2
sumpah,1.0986122886681098,6,2
lima,1.0986122886681098,15,5
mungkin,1.0986122886681098,168,56
masif,1.0986122886681098,6,2
maybe,1.0986122886681098,6,2
feb,1.0986122886681098,12,4
diikuti,1.0986122886681098,12,4
liquidity,1.0986122886681098,6,2
berlanjut,1.0986122886681098,24,8
belikan,1.0986122886681098,6,2
bedah,1.0986122886681098,6,2
bawahnya,1.0986122886681098,6,2
terbesarnya,1.0986122886681098,6,2
dongg,1.0986122886681098,6,2
loan,1.0986122886681098,9,3
mengenai,1.0986122886681098,12,4
angin,1.0986122886681098,12,4
keputusan,1.0986122886681098,27,9
pelosok,1.0986122886681098,9,3
comment,1.0986122886681098,9,3
dirilis,1.0986122886681098,6,2
catat,1.0986122886681098,18,6
kombinasi,1.0986122886681098,6,2
cashflow,1.0986122886681098,6,2
melebihi,1.0986122886681098,6,2
thx,1.0986122886681098,6,2
teknologi,1.0986122886681098,18,6
mgkn,1.0986122886681098,6,2
kirain,1.0986122886681098,21,7
dananya,1.0986122886681098,6,2
risk,1.0986122886681098,21,7
fomo,1.0986122886681098,9,3
menguntungkan,1.0986122886681098,21,7
gatel,1.0986122886681098,6,2
dtg,1.0986122886681098,6,2
bagusnya,1.0986122886681098,9,3
product,1.0986122886681098,6,2
powr,1.0986122886681098,6,2
australia,1.0986122886681098,6,2
soho,1.0986122886681098,6,2
pro,1.0986122886681098,12,4
later,1.0986122886681098,6,2
diinvestasikan,1.0986122886681098,6,2
tutup,1.0986122886681098,36,12
menyelesaikan,1.0986122886681098,6,2
kosan,1.0986122886681098,9,3
menyesal,1.0986122886681098,9,3
lotnya,1.0986122886681098,6,2
marketing,1.0986122886681098,9,3
puncak,1.0986122886681098,15,5
oversold,1.0986122886681098,6,2
nasdaq,1.0986122886681098,9,3
pintar,1.0986122886681098,6,2
malaysia,1.0986122886681098,9,3
dipengaruhi,1.0986122886681098,9,3
nvda,1.0986122886681098,6,2
optimal,1.0986122886681098,6,2
kejadian,1.0986122886681098,18,6
volatile,1.0986122886681098,6,2
frekuensi,1.0986122886681098,9,3
sbg,1.0986122886681098,15,5
familiar,1.0986122886681098,6,2
debat,1.0986122886681098,6,2
single,1.0986122886681098,6,2
telegram,1.0986122886681098,6,2
roe,1.0986122886681098,18,6
ngeluarin,1.0986122886681098,6,2
and,1.0986122886681098,69,23
titik,1.0986122886681098,21,7
syukur,1.0986122886681098,6,2
administrasi,1.0986122886681098,6,2
atraktif,1.0986122886681098,6,2
keamanan,1.0986122886681098,6,2
sahabat,1.0986122886681098,6,2
metode,1.0986122886681098,6,2
see,1.0986122886681098,39,13
barusan,1.0986122886681098,12,4
rdpt,1.0986122886681098,6,2
diajak,1.0986122886681098,6,2
nyangka,1.0986122886681098,6,2
pos,1.0986122886681098,6,2
deadline,1.0986122886681098,6,2
pool,1.0986122886681098,6,2
fun,1.0986122886681098,6,2
demo,1.0986122886681098,6,2
diminati,1.0986122886681098,6,2
meroket,1.0986122886681098,24,8
pantas,1.0986122886681098,6,2
takut,1.0986122886681098,39,13
today,1.0986122886681098,21,7
tuh,1.0924203184201886,161,54
gimana,1.0895624531481918,110,37
makin,1.0876832181359195,273,92
orang,1.0849134443099477,145,49
goto,1.0844276536761532,210,71
nah,1.0809127115687087,56,19
tertinggi,1.076139432816051,44,15
banking,1.076139432816051,44,15
yaa,1.0753554265038423,85,29
diatas,1.074514737089049,41,14
tanda,1.074514737089049,41,14
muncul,1.0704414117014134,35,12
tenang,1.0704414117014134,35,12
pabrik,1.0647107369924282,29,10
direksi,1.0647107369924282,29,10
makanya,1.0628942060660305,55,19
lokal,1.0628942060660305,55,19
cutloss,1.0615710169877606,159,55
kyk,1.0608719606852626,26,9
gpp,1.0608719606852626,26,9
candle,1.0560526742493137,23,8
kantor,1.0560526742493137,23,8
pelan,1.0560526742493137,23,8
kabar,1.0531499145913523,43,15
sesuai,1.0531499145913523,43,15
indeks,1.0517809889840106,146,51
apa,1.044671898522362,415,146
smua,1.0414538748281612,17,6
duluan,1.0414538748281612,17,6
era,1.0414538748281612,17,6
ngapain,1.0414538748281612,17,6
dyor,1.0414538748281612,34,12
mengakuisisi,1.0414538748281612,17,6
ekonomi,1.0400181244020568,116,41
persen,1.0375245966882716,127,45
semua,1.0340737675305385,225,80
duit,1.0319209141694374,87,31
tajam,1.0296194171811581,28,10
minat,1.0296194171811581,14,5
nek,1.0296194171811581,14,5
wkwkw,1.0258529343856813,53,19
sempat,1.0258529343856813,53,19
hold,1.025490023839147,145,52
gapapa,1.0216512475319812,25,9
jangan,1.0216512475319812,200,72
sama,1.0196981219110994,682,246
manajemen,1.0185695809945732,36,13
sekali,1.0169342576538425,47,17
para,1.0159205728229963,58,21
fasilitas,1.0116009116784799,11,4
sender,1.0116009116784799,11,4
pertanyaan,1.0116009116784799,11,4
ketemu,1.0116009116784799,11,4
wall,1.0116009116784799,11,4
moon,1.0116009116784799,11,4
khususnya,1.0116009116784799,11,4
pribadi,1.0116009116784799,22,8
demikian,1.0116009116784799,11,4
corona,1.0116009116784799,11,4
ekspor,1.0116009116784799,22,8
core,1.0116009116784799,11,4
kotak,1.0116009116784799,11,4
stay,1.0116009116784799,11,4
badai,1.0116009116784799,11,4
jdi,1.0116009116784799,11,4
jarang,1.0116009116784799,11,4
wiim,1.0116009116784799,11,4
betul,1.0116009116784799,22,8
asal,1.0116009116784799,22,8
boikot,1.0116009116784799,11,4
week,1.0116009116784799,11,4
euy,1.0116009116784799,11,4
umur,1.0116009116784799,11,4
mending,1.0068047394149868,104,38
gede,1.0068047394149868,104,38
sentimen,1.0045833390198333,71,26
mencatat,1.0033021088637848,30,11
tapi,1.000349034881045,707,260
paham,0.9985288301111273,19,7
nutup,0.9985288301111273,19,7
semangat,0.9985288301111273,38,14
lain,0.9985288301111273,171,63
kembali,0.9963334395476915,130,48
terjadi,0.9963334395476915,65,24
sementara,0.9963334395476915,65,24
allah,0.995428052432879,46,17
ptro,0.9932517730102834,27,10
ngga,0.9932517730102834,54,20
baku,0.9932517730102834,27,10
internet,0.9932517730102834,27,10
selesai,0.9932517730102834,27,10
awal,0.9909816244757442,132,49
growth,0.990398704027877,35,13
big,0.9843441951191707,190,71
keinget,0.9808292530117262,8,3
tbtb,0.9808292530117262,8,3
hahahaha,0.9808292530117262,16,6
anggota,0.9808292530117262,8,3
engga,0.9808292530117262,16,6
gambaran,0.9808292530117262,8,3
menaikkan,0.9808292530117262,8,3
nominal,0.9808292530117262,8,3
terdapat,0.9808292530117262,8,3
berdoa,0.9808292530117262,8,3
berkode,0.9808292530117262,8,3
sebentar,0.9808292530117262,8,3
bapak,0.9808292530117262,24,9
konglomerasi,0.9808292530117262,8,3
dihargai,0.9808292530117262,8,3
turut,0.9808292530117262,16,6
kantong,0.9808292530117262,8,3
dibuat,0.9808292530117262,8,3
doid,0.9808292530117262,8,3
nantinya,0.9808292530117262,8,3
publik,0.9808292530117262,24,9
terpengaruh,0.9808292530117262,8,3
beralih,0.9808292530117262,8,3
komposisi,0.9808292530117262,8,3
abang,0.9808292530117262,8,3
otomotif,0.9808292530117262,8,3
jan,0.9808292530117262,24,9
trs,0.9808292530117262,24,9
mengapa,0.9808292530117262,8,3
menyusul,0.9808292530117262,8,3
misalnya,0.9808292530117262,24,9
berkontribusi,0.9808292530117262,8,3
pemain,0.9808292530117262,8,3
volatil,0.9808292530117262,8,3
menahan,0.9808292530117262,8,3
ekad,0.9808292530117262,8,3
cont,0.9808292530117262,8,3
aturan,0.9808292530117262,8,3
bila,0.9808292530117262,8,3
axiata,0.9808292530117262,8,3
siklus,0.9808292530117262,8,3
cpo,0.9808292530117262,8,3
boss,0.9808292530117262,8,3
fans,0.9808292530117262,8,3
sehari,0.9808292530117262,24,9
adalah,0.9785946152103099,298,112
secara,0.9757141523449557,130,49
lays,0.9718605830289658,37,14
sebagian,0.9694005571881035,29,11
sering,0.9694005571881035,29,11
jelas,0.9668430110369864,71,27
sekitar,0.9664405155596266,92,35
tanya,0.965080896043587,21,8
kapitalisasi,0.965080896043587,21,8
brp,0.965080896043587,21,8
org,0.9614111671546247,34,13
cap,0.9578397347870274,86,33
deh,0.9572987556015322,112,43
banyak,0.9570335153365052,526,202
segmen,0.9555114450274363,26,10
dlm,0.9555114450274363,26,10
sector,0.9555114450274363,13,5
ane,0.9555114450274363,13,5
point,0.9555114450274363,13,5
tertahan,0.9555114450274363,13,5
sedap,0.9555114450274363,13,5
leader,0.9555114450274363,13,5
heran,0.9555114450274363,13,5
akun,0.949080554697146,31,12
kalian,0.946596081369484,67,26
sambil,0.9444616088408515,36,14
caranya,0.9444616088408515,18,7
ajaib,0.9444616088408515,18,7
open,0.9444616088408515,18,7
aing,0.9444616088408515,18,7
pasca,0.9444616088408515,18,7
mau,0.9420432279765697,590,230
masalah,0.9382696385929302,23,9
kayaknya,0.9382696385929302,46,18
aneh,0.9382696385929302,23,9
mayoritas,0.9382696385929302,23,9
perang,0.9343092373768334,28,11
nunggu,0.9332883082427261,89,35
krn,0.9323768696257794,94,37
bbrp,0.9315582040049435,33,13
average,0.9279867716373463,43,17
artinya,0.9279867716373463,43,17
kayak,0.9203640572617908,123,49
recehan,0.9162907318741551,5,2
komprehensif,0.9162907318741551,5,2
terkenal,0.9162907318741551,15,6
prof,0.9162907318741551,10,4
curi,0.9162907318741551,5,2
bawang,0.9162907318741551,5,2
nyemplung,0.9162907318741551,5,2
stlh,0.9162907318741551,5,2
legal,0.9162907318741551,5,2
dicari,0.9162907318741551,5,2
barunya,0.9162907318741551,5,2
akurat,0.9162907318741551,5,2
ngk,0.9162907318741551,5,2
terkerek,0.9162907318741551,5,2
volumenya,0.9162907318741551,5,2
saudi,0.9162907318741551,5,2
individu,0.9162907318741551,5,2
bersifat,0.9162907318741551,5,2
kekurangan,0.9162907318741551,5,2
terlebih,0.9162907318741551,5,2
jagain,0.9162907318741551,5,2
divestasi,0.9162907318741551,5,2
menyambut,0.9162907318741551,5,2
memasuki,0.9162907318741551,5,2
bondnya,0.9162907318741551,5,2
diri,0.9162907318741551,25,10
semalem,0.9162907318741551,5,2
nyenyak,0.9162907318741551,5,2
timteng,0.9162907318741551,5,2
dino,0.9162907318741551,5,2
rupsnya,0.9162907318741551,5,2
pnin,0.9162907318741551,5,2
vol,0.9162907318741551,5,2
thomas,0.9162907318741551,5,2
tenan,0.9162907318741551,5,2
ketawa,0.9162907318741551,5,2
holdings,0.9162907318741551,5,2
pasarnya,0.9162907318741551,5,2
lantas,0.9162907318741551,5,2
bekerja,0.9162907318741551,5,2
budak,0.9162907318741551,5,2
supaya,0.9162907318741551,15,6
umroh,0.9162907318741551,5,2
agreement,0.9162907318741551,5,2
dongkrak,0.9162907318741551,5,2
transisi,0.9162907318741551,5,2
diputuskan,0.9162907318741551,5,2
doain,0.9162907318741551,5,2
menutup,0.9162907318741551,10,4
meluncur,0.9162907318741551,5,2
mengangkat,0.9162907318741551,5,2
most,0.9162907318741551,5,2
trimegah,0.9162907318741551,5,2
istri,0.9162907318741551,5,2
never,0.9162907318741551,5,2
sektoral,0.9162907318741551,5,2
gedung,0.9162907318741551,5,2
yeay,0.9162907318741551,5,2
kunci,0.9162907318741551,5,2
fore,0.9162907318741551,5,2
design,0.9162907318741551,5,2
bole,0.9162907318741551,5,2
keseluruhan,0.9162907318741551,10,4
hajar,0.9162907318741551,10,4
expect,0.9162907318741551,5,2
nge,0.9162907318741551,10,4
years,0.9162907318741551,5,2
teknikalnya,0.9162907318741551,5,2
keatas,0.9162907318741551,5,2
kesepakatan,0.9162907318741551,5,2
belakangan,0.9162907318741551,10,4
diberi,0.9162907318741551,5,2
here,0.9162907318741551,5,2
tida,0.9162907318741551,5,2
berisiko,0.9162907318741551,10,4
handle,0.9162907318741551,10,4
diajarin,0.9162907318741551,5,2
tni,0.9162907318741551,5,2
rencananya,0.9162907318741551,5,2
lawan,0.9162907318741551,10,4
maneh,0.9162907318741551,5,2
ngemil,0.9162907318741551,5,2
dow,0.9162907318741551,5,2
kesalahan,0.9162907318741551,5,2
kebalik,0.9162907318741551,5,2
puter,0.9162907318741551,5,2
adek,0.9162907318741551,5,2
strong,0.9162907318741551,15,6
gmtd,0.9162907318741551,5,2
read,0.9162907318741551,5,2
ono,0.9162907318741551,5,2
lembah,0.9162907318741551,5,2
gedean,0.9162907318741551,5,2
prioritas,0.9162907318741551,5,2
komisaris,0.9162907318741551,35,14
menentu,0.9162907318741551,5,2
menyebabkan,0.9162907318741551,5,2
partey,0.9162907318741551,5,2
abadi,0.9162907318741551,5,2
sip,0.9162907318741551,5,2
adlh,0.9162907318741551,5,2
iso,0.9162907318741551,5,2
bisalah,0.9162907318741551,5,2
ntr,0.9162907318741551,5,2
sentimennya,0.9162907318741551,5,2
antisipasi,0.9162907318741551,5,2
soci,0.9162907318741551,10,4
puncaknya,0.9162907318741551,5,2
kehadiran,0.9162907318741551,5,2
rame,0.9162907318741551,30,12
depresiasi,0.9162907318741551,5,2
biarkan,0.9162907318741551,5,2
dahulu,0.9162907318741551,5,2
bolong,0.9162907318741551,5,2
early,0.9162907318741551,5,2
broadband,0.9162907318741551,5,2
ngutang,0.9162907318741551,5,2
cukai,0.9162907318741551,10,4
swipe,0.9162907318741551,5,2
opini,0.9162907318741551,5,2
lantai,0.9162907318741551,5,2
wak,0.9162907318741551,5,2
naikin,0.9162907318741551,15,6
awas,0.9162907318741551,5,2
kuasai,0.9162907318741551,5,2
sbnrnya,0.9162907318741551,5,2
doi,0.9162907318741551,10,4
diem,0.9162907318741551,10,4
dengar,0.9162907318741551,5,2
mnding,0.9162907318741551,5,2
yakk,0.9162907318741551,5,2
clean,0.9162907318741551,5,2
smma,0.9162907318741551,10,4
napa,0.9162907318741551,5,2
leverage,0.9162907318741551,5,2
event,0.9162907318741551,5,2
internal,0.9162907318741551,10,4
koperasi,0.9162907318741551,10,4
pekerjaan,0.9162907318741551,5,2
ape,0.9162907318741551,5,2
scan,0.9162907318741551,5,2
semingguan,0.9162907318741551,5,2
legend,0.9162907318741551,5,2
kbag,0.9162907318741551,5,2
supply,0.9162907318741551,10,4
tuk,0.9162907318741551,5,2
mengalir,0.9162907318741551,5,2
menyentuh,0.9162907318741551,15,6
know,0.9162907318741551,5,2
dipangkas,0.9162907318741551,5,2
plastik,0.9162907318741551,5,2
berkali,0.9162907318741551,5,2
lebi,0.9162907318741551,5,2
kosong,0.9162907318741551,5,2
histogram,0.9162907318741551,10,4
back,0.9162907318741551,20,8
edge,0.9162907318741551,5,2
tap,0.9162907318741551,5,2
diangkat,0.9162907318741551,10,4
materi,0.9162907318741551,5,2
msih,0.9162907318741551,5,2
klien,0.9162907318741551,5,2
omg,0.9162907318741551,5,2
wabah,0.9162907318741551,5,2
rangkum,0.9162907318741551,5,2
diblokir,0.9162907318741551,5,2
istilah,0.9162907318741551,5,2
set,0.9162907318741551,10,4
pulsa,0.9162907318741551,10,4
minimalnya,0.9162907318741551,5,2
finally,0.9162907318741551,5,2
sangkuters,0.9162907318741551,5,2
emang,0.912510009034249,132,53
pun,0.9082585601768908,62,25
sempet,0.9044562742271522,42,17
jauh,0.903711949667295,79,32
berani,0.9007865453381899,32,13
dampak,0.8979415932059586,27,11
tarif,0.8979415932059586,27,11
bahkan,0.8960880245566357,49,20
msh,0.8938178760220965,44,18
kaget,0.8938178760220965,22,9
pernah,0.8938178760220965,88,36
pegang,0.8909729238898652,78,32
sedang,0.8892620594862357,73,30
kecuali,0.8873031950009027,34,14
trader,0.8873031950009027,17,7
beneran,0.8873031950009027,34,14
banget,0.8866902620978644,233,96
pertimbangan,0.8754687373538999,12,5
dibanding,0.8754687373538999,36,15
laku,0.8754687373538999,12,5
sihh,0.8754687373538999,12,5
current,0.8754687373538999,12,5
viral,0.8754687373538999,12,5
mengumumkan,0.8754687373538999,12,5
neh,0.8754687373538999,24,10
hasilnya,0.8754687373538999,12,5
seharusnya,0.8754687373538999,12,5
diganti,0.8754687373538999,12,5
bni,0.8649974374866045,19,8
ketika,0.8630462173553427,64,27
ama,0.8602012652231116,52,22
sebenarnya,0.8602012652231116,26,11
januari,0.8527773261518292,61,26
rupiah,0.8517522107365839,75,32
ngambil,0.8472978603872037,7,3
jabatan,0.8472978603872037,7,3
demen,0.8472978603872037,7,3
silam,0.8472978603872037,7,3
kerasa,0.8472978603872037,7,3
kelihatan,0.8472978603872037,7,3
beginian,0.8472978603872037,7,3
taon,0.8472978603872037,7,3
posting,0.8472978603872037,7,3
aka,0.8472978603872037,7,3
scr,0.8472978603872037,7,3
dlu,0.8472978603872037,28,12
issi,0.8472978603872037,7,3
project,0.8472978603872037,7,3
coin,0.8472978603872037,7,3
woww,0.8472978603872037,7,3
well,0.8472978603872037,7,3
tulisan,0.8472978603872037,7,3
raka,0.8472978603872037,7,3
bigbank,0.8472978603872037,7,3
tercapai,0.8472978603872037,7,3
gojek,0.8472978603872037,7,3
asetnya,0.8472978603872037,7,3
kuncinya,0.8472978603872037,7,3
waspada,0.8472978603872037,7,3
repot,0.8472978603872037,7,3
dinilai,0.8472978603872037,7,3
barito,0.8472978603872037,7,3
itung,0.8472978603872037,7,3
tax,0.8472978603872037,7,3
dca,0.8472978603872037,7,3
diumumkan,0.8472978603872037,7,3
blom,0.8472978603872037,7,3
kuatir,0.8472978603872037,7,3
fibo,0.8472978603872037,7,3
soon,0.8472978603872037,7,3
menemukan,0.8472978603872037,7,3
kereta,0.8472978603872037,7,3
kaleng,0.8472978603872037,7,3
switch,0.8472978603872037,7,3
bertahun,0.8472978603872037,7,3
tuesday,0.8472978603872037,7,3
hiks,0.8472978603872037,7,3
nckl,0.8472978603872037,7,3
bosen,0.8472978603872037,7,3
retest,0.8472978603872037,7,3
trilyun,0.8472978603872037,7,3
berusaha,0.8472978603872037,7,3
angkat,0.8472978603872037,7,3
digit,0.8472978603872037,35,15
wkwkk,0.8472978603872037,7,3
gerakan,0.8472978603872037,7,3
ketimbang,0.8472978603872037,7,3
convergence,0.8472978603872037,7,3
salut,0.8472978603872037,7,3
saranin,0.8472978603872037,7,3
last,0.8472978603872037,28,12
berarti,0.8472978603872037,42,18
barangnya,0.8472978603872037,7,3
mempertimbangkan,0.8472978603872037,7,3
afiliasi,0.8472978603872037,14,6
blm,0.84078317936601,51,22
pemilik,0.8383291904044432,37,16
laba,0.8356098620857892,482,209
trus,0.8347976976229722,53,23
sekarang,0.8325374448040829,269,117
sejak,0.8303483020734302,78,34
utama,0.827879774530102,119,52
bahan,0.8266785731844679,32,14
minta,0.8266785731844679,32,14
gula,0.8266785731844679,16,7
tua,0.8266785731844679,16,7
ngeliat,0.8266785731844679,16,7
untungnya,0.8266785731844679,16,7
dulu,0.8249725733393676,251,110
sabar,0.8241754429663494,57,25
harganya,0.8237673629770095,98,43
tak,0.8232003088081431,82,36
estimasi,0.8209805520698303,25,11
invest,0.8157495026522776,104,46
rti,0.8109302162163288,9,4
studi,0.8109302162163288,9,4
user,0.8109302162163288,9,4
right,0.8109302162163288,9,4
kurang,0.8109302162163288,54,24
ngurusin,0.8109302162163288,9,4
tele,0.8109302162163288,9,4
belom,0.8109302162163288,27,12
situasi,0.8109302162163288,9,4
huhu,0.8109302162163288,9,4
diantaranya,0.8109302162163288,9,4
lbh,0.8109302162163288,18,8
that,0.8109302162163288,9,4
ditahan,0.8109302162163288,9,4
kripto,0.8109302162163288,9,4
nyetok,0.8109302162163288,9,4
bersihnya,0.8109302162163288,9,4
sanggup,0.8109302162163288,9,4
free,0.8109302162163288,18,8
life,0.8109302162163288,9,4
nanjak,0.8109302162163288,9,4
komut,0.8109302162163288,9,4
rekom,0.8109302162163288,9,4
guru,0.8109302162163288,9,4
equity,0.8109302162163288,9,4
dipicu,0.8109302162163288,9,4
ngacir,0.8109302162163288,9,4
lalu,0.809734758811555,209,93
bumn,0.8092193518126993,146,65
garis,0.8023464725249373,29,13
begini,0.8001193001121131,69,31
gua,0.7985076962177716,80,36
temen,0.7949298748698876,31,14
udh,0.7944009142651182,135,61
kecil,0.7915872533731978,64,29
central,0.7884573603642703,11,5
gausah,0.7884573603642703,11,5
banks,0.7884573603642703,44,20
what,0.7884573603642703,11,5
tantangan,0.7884573603642703,11,5
sebelah,0.7884573603642703,11,5
artikel,0.7884573603642703,11,5
noh,0.7884573603642703,11,5
dressing,0.7884573603642703,11,5
mestinya,0.7884573603642703,11,5
warna,0.7884573603642703,11,5
etf,0.7884573603642703,11,5
window,0.7884573603642703,11,5
raksasa,0.7884573603642703,11,5
kondisi,0.7884573603642703,55,25
miliar,0.7841189587656721,276,126
cita,0.780158557549575,24,11
bitcoin,0.7731898882334817,13,6
taking,0.7731898882334817,13,6
inves,0.7731898882334817,13,6
company,0.7731898882334817,26,12
seminggu,0.7731898882334817,13,6
reksa,0.7731898882334817,26,12
paling,0.766994430511695,295,137
kawan,0.7621400520468967,15,7
pacific,0.7621400520468967,15,7
masi,0.7621400520468967,30,14
labanya,0.7621400520468967,15,7
china,0.7621400520468967,15,7
ngomong,0.7621400520468967,15,7
tadi,0.7621400520468967,60,28
asing,0.7611817386050853,745,348
datang,0.7537718023763802,17,8
halo,0.7537718023763802,34,16
sebenernya,0.7537718023763802,17,8
usah,0.7537718023763802,17,8
dikit,0.7519876805828787,70,33
terendah,0.7472144018302211,19,9
mikro,0.7472144018302211,19,9
kemarin,0.7472144018302211,266,126
auto,0.7435780341868372,61,29
spt,0.7419373447293773,21,10
situ,0.7419373447293773,21,10
amat,0.7419373447293773,21,10
jaga,0.7419373447293773,21,10
katanya,0.7419373447293773,42,20
gerak,0.7419373447293773,21,10
tipis,0.7396671961948382,44,21
bikin,0.7393600237150769,155,74
walaupun,0.7375989431307791,46,22
pasang,0.7375989431307791,23,11
hal,0.7339691750802005,50,24
agar,0.7308875085427924,27,13
nasib,0.7282385003712155,29,14
terus,0.7199944305961333,302,147
bersih,0.7193954066348818,193,94
pemerintah,0.7108467576593461,57,28
ditutup,0.7077459799810979,207,102
top,0.7059678689890068,314,155
liat,0.7003674285334324,139,69
denger,0.6931471805599453,12,6
sejarah,0.6931471805599453,6,3
gaes,0.6931471805599453,18,9
hahahahaha,0.6931471805599453,6,3
perolehan,0.6931471805599453,6,3
batas,0.6931471805599453,14,7
fair,0.6931471805599453,10,5
dinamis,0.6931471805599453,6,3
dibully,0.6931471805599453,6,3
yaampun,0.6931471805599453,6,3
nfcx,0.6931471805599453,6,3
punggung,0.6931471805599453,6,3
hitam,0.6931471805599453,6,3
banyaknya,0.6931471805599453,6,3
lgsg,0.6931471805599453,16,8
dibutuhkan,0.6931471805599453,6,3
kaga,0.6931471805599453,28,14
ditekan,0.6931471805599453,6,3
lonjakan,0.6931471805599453,8,4
bergejolak,0.6931471805599453,6,3
drama,0.6931471805599453,12,6
revisi,0.6931471805599453,10,5
bio,0.6931471805599453,8,4
ngajak,0.6931471805599453,6,3
lek,0.6931471805599453,10,5
laut,0.6931471805599453,8,4
follow,0.6931471805599453,10,5
foya,0.6931471805599453,6,3
margin,0.6931471805599453,38,19
atur,0.6931471805599453,6,3
quality,0.6931471805599453,6,3
tower,0.6931471805599453,6,3
ituu,0.6931471805599453,6,3
skrng,0.6931471805599453,16,8
males,0.6931471805599453,12,6
toh,0.6931471805599453,6,3
call,0.6931471805599453,8,4
sblm,0.6931471805599453,10,5
perbaikan,0.6931471805599453,8,4
diatribusikan,0.6931471805599453,20,10
polanya,0.6931471805599453,6,3
disusul,0.6931471805599453,6,3
salam,0.6931471805599453,6,3
bertumbuh,0.6931471805599453,10,5
ndak,0.6931471805599453,10,5
kmrn,0.6931471805599453,40,20
megang,0.6931471805599453,24,12
haji,0.6931471805599453,6,3
more,0.6931471805599453,8,4
eth,0.6931471805599453,10,5
emerging,0.6931471805599453,6,3
itupun,0.6931471805599453,6,3
dist,0.6931471805599453,8,4
kah,0.6931471805599453,48,24
riil,0.6931471805599453,8,4
trending,0.6931471805599453,10,5
tersenyum,0.6931471805599453,8,4
scalping,0.6931471805599453,6,3
valid,0.6931471805599453,6,3
begitu,0.6931471805599453,40,20
untung,0.6931471805599453,94,47
negosiasi,0.6931471805599453,6,3
liatnya,0.6931471805599453,8,4
spekulasi,0.6931471805599453,6,3
membawa,0.6931471805599453,12,6
bat,0.6931471805599453,6,3
pindah,0.6931471805599453,26,13
tokopedia,0.6931471805599453,6,3
crash,0.6931471805599453,20,10
mmg,0.6931471805599453,6,3
kadang,0.6931471805599453,14,7
ketutup,0.6931471805599453,6,3
fyi,0.6931471805599453,8,4
setengah,0.6931471805599453,12,6
sok,0.6931471805599453,10,5
wajarnya,0.6931471805599453,8,4
cuy,0.6931471805599453,12,6
terutama,0.6931471805599453,30,15
keu,0.6931471805599453,6,3
game,0.6931471805599453,6,3
impor,0.6931471805599453,20,10
ppre,0.6931471805599453,6,3
kuatnya,0.6931471805599453,6,3
flat,0.6931471805599453,6,3
umumkan,0.6931471805599453,6,3
jii,0.6931471805599453,42,21
meraup,0.6931471805599453,6,3
komentar,0.6931471805599453,6,3
tumbal,0.6931471805599453,6,3
ampe,0.6931471805599453,18,9
siapin,0.6931471805599453,6,3
pek,0.6931471805599453,6,3
lapkeu,0.6931471805599453,28,14
normal,0.6931471805599453,14,7
memegang,0.6931471805599453,6,3
anjayy,0.6931471805599453,6,3
dianggap,0.6931471805599453,14,7
pssi,0.6931471805599453,8,4
volatilitas,0.6931471805599453,12,6
bkn,0.6931471805599453,8,4
hrs,0.6931471805599453,14,7
apaan,0.6931471805599453,8,4
foto,0.6931471805599453,8,4
broker,0.6931471805599453,20,10
dolar,0.6931471805599453,14,7
ancaman,0.6931471805599453,6,3
skip,0.6931471805599453,8,4
njir,0.6931471805599453,6,3
lap,0.6931471805599453,8,4
aliran,0.6931471805599453,10,5
kino,0.6931471805599453,8,4
ahli,0.6931471805599453,8,4
nyaman,0.6931471805599453,14,7
isa,0.6931471805599453,8,4
dibandingkan,0.6931471805599453,42,21
ujan,0.6931471805599453,6,3
dikasi,0.6931471805599453,6,3
telat,0.6931471805599453,20,10
lolos,0.6931471805599453,6,3
pom,0.6931471805599453,6,3
nomor,0.6931471805599453,10,5
summary,0.6931471805599453,6,3
bahaya,0.6931471805599453,6,3
dialihkan,0.6931471805599453,8,4
melepas,0.6931471805599453,8,4
tempo,0.6931471805599453,10,5
rebus,0.6931471805599453,6,3
capaian,0.6931471805599453,6,3
itulah,0.6931471805599453,12,6
prospeknya,0.6931471805599453,6,3
gaada,0.6931471805599453,12,6
halt,0.6931471805599453,18,9
diguyur,0.6931471805599453,6,3
tmn,0.6931471805599453,6,3
menjual,0.6931471805599453,12,6
serupa,0.6931471805599453,6,3
net,0.6792258420413372,428,217
profit,0.6725278933572096,96,49
balik,0.666478933477784,111,57
pandemi,0.661398482245365,31,16
keluar,0.661398482245365,62,32
tekanan,0.659245628884264,29,15
distribusi,0.659245628884264,29,15
dibawah,0.6580558607486753,56,29
segitu,0.6567795363890705,27,14
sayang,0.653926467406664,25,13
rupslb,0.653926467406664,25,13
wkwkwkwk,0.653926467406664,25,13
kepala,0.6505875661411494,23,12
sulit,0.6505875661411494,23,12
udah,0.6442686732657595,539,283
adanya,0.6418538861723947,19,10
properti,0.6418538861723947,19,10
mana,0.6403046991855654,129,68
prediksi,0.6390799592896695,36,19
pelemahan,0.6359887667199967,17,9
naiknya,0.6325225587435105,32,17
avg,0.6299682789384138,92,49
ganti,0.6286086594223741,30,16
swasta,0.6286086594223741,15,8
fund,0.6286086594223741,15,8
bln,0.6286086594223741,15,8
hutang,0.6286086594223741,15,8
bukannya,0.6286086594223741,15,8
ttp,0.6286086594223741,15,8
taiwan,0.6286086594223741,15,8
relatif,0.6190392084062235,13,7
model,0.6190392084062235,13,7
ngerti,0.6190392084062235,13,7
nungguin,0.6190392084062235,13,7
dibilang,0.6190392084062235,13,7
part,0.6190392084062235,13,7
suatu,0.6190392084062235,13,7
reli,0.6190392084062235,13,7
setahun,0.6061358035703155,44,24
biru,0.6061358035703155,11,6
iki,0.6061358035703155,11,6
merasa,0.6061358035703155,11,6
judi,0.6061358035703155,11,6
hmm,0.6007738604289301,31,17
danantara,0.6000567574939334,164,90
mendingan,0.5877866649021191,9,5
der,0.5877866649021191,9,5
otomatis,0.5877866649021191,9,5
rebu,0.5877866649021191,9,5
app,0.5877866649021191,9,5
ema,0.5877866649021191,18,10
panas,0.5877866649021191,9,5
sedangkan,0.5877866649021191,27,15
pgn,0.5877866649021191,9,5
selisih,0.5877866649021191,9,5
can,0.5877866649021191,9,5
sayangnya,0.5877866649021191,9,5
diantara,0.5877866649021191,9,5
mba,0.5877866649021191,9,5
merger,0.5877866649021191,9,5
berturut,0.5877866649021191,9,5
roic,0.5877866649021191,9,5
btps,0.5877866649021191,36,20
hebat,0.5877866649021191,9,5
pengguna,0.5877866649021191,9,5
ternyata,0.5855165163675798,88,49
emg,0.5831462853456169,43,24
akuisisi,0.58279912339108,120,67
hampir,0.581921545449721,68,38
nanya,0.5753641449035618,16,9
return,0.5753641449035618,16,9
disitu,0.5753641449035618,16,9
foreign,0.5746285803246078,151,85
skrg,0.5673777932709119,97,55
kemaren,0.5671064596645803,67,38
putus,0.5596157879354227,7,4
mundur,0.5596157879354227,7,4
bet,0.5596157879354227,7,4
let,0.5596157879354227,7,4
perjanjian,0.5596157879354227,7,4
awalnya,0.5596157879354227,7,4
gokil,0.5596157879354227,7,4
boy,0.5596157879354227,7,4
teruss,0.5596157879354227,7,4
sejalan,0.5596157879354227,7,4
sabun,0.5596157879354227,7,4
deg,0.5596157879354227,7,4
konsensus,0.5596157879354227,14,8
bentar,0.5596157879354227,14,8
belasan,0.5596157879354227,7,4
dijadikan,0.5596157879354227,7,4
manuver,0.5596157879354227,7,4
tangga,0.5596157879354227,7,4
tulang,0.5596157879354227,7,4
sawit,0.5596157879354227,7,4
berbalik,0.5596157879354227,14,8
count,0.5596157879354227,7,4
book,0.5596157879354227,7,4
diekspektasiken,0.5596157879354227,7,4
beredar,0.5596157879354227,7,4
sob,0.5596157879354227,7,4
reversal,0.5596157879354227,7,4
terasa,0.5596157879354227,7,4
lord,0.5596157879354227,7,4
ngaruh,0.5596157879354227,14,8
pemasukan,0.5596157879354227,7,4
dkk,0.5596157879354227,21,12
sampe,0.5596157879354227,154,88
sesi,0.5538851132264376,87,50
covid,0.550046336919272,52,30
pagi,0.5493592877682336,97,56
tetapi,0.5465437063680699,19,11
eido,0.5389965007326869,12,7
ojk,0.5389965007326869,12,7
pihak,0.5389965007326869,12,7
index,0.5389965007326869,36,21
finansial,0.5389965007326869,12,7
lama,0.5332984796180493,75,44
dasar,0.5306282510621704,17,10
view,0.5273549257172012,122,72
ratu,0.5260930958967791,22,13
next,0.5232481437645479,27,16
tetep,0.5232481437645479,54,32
kok,0.5162164724008671,124,74
prefer,0.5108256237659907,10,6
gol,0.5108256237659907,5,3
ajakan,0.5108256237659907,10,6
bpk,0.5108256237659907,5,3
jajaki,0.5108256237659907,5,3
bluechips,0.5108256237659907,5,3
bandara,0.5108256237659907,5,3
langganan,0.5108256237659907,5,3
koin,0.5108256237659907,5,3
tsb,0.5108256237659907,15,9
realistis,0.5108256237659907,5,3
dar,0.5108256237659907,5,3
keburu,0.5108256237659907,5,3
banjir,0.5108256237659907,5,3
wih,0.5108256237659907,5,3
japan,0.5108256237659907,5,3
blokir,0.5108256237659907,5,3
timeframe,0.5108256237659907,5,3
langit,0.5108256237659907,5,3
pucuk,0.5108256237659907,15,9
banting,0.5108256237659907,10,6
waw,0.5108256237659907,5,3
dst,0.5108256237659907,5,3
tandanya,0.5108256237659907,5,3
pen,0.5108256237659907,5,3
apbn,0.5108256237659907,5,3
slow,0.5108256237659907,5,3
kemakan,0.5108256237659907,5,3
seumur,0.5108256237659907,5,3
kebiasaan,0.5108256237659907,5,3
pamer,0.5108256237659907,5,3
trust,0.5108256237659907,15,9
dirimu,0.5108256237659907,5,3
resesi,0.5108256237659907,5,3
kemahalan,0.5108256237659907,15,9
seng,0.5108256237659907,5,3
melambat,0.5108256237659907,5,3
terapkan,0.5108256237659907,5,3
kegiatan,0.5108256237659907,5,3
nigeria,0.5108256237659907,5,3
mingguan,0.5108256237659907,5,3
faktor,0.5108256237659907,15,9
bongkar,0.5108256237659907,5,3
down,0.5108256237659907,95,57
teroos,0.5108256237659907,5,3
kyknya,0.5108256237659907,5,3
menurunkan,0.5108256237659907,5,3
tertentu,0.5108256237659907,5,3
jual,0.5108256237659907,250,150
nampung,0.5108256237659907,5,3
awam,0.5108256237659907,5,3
say,0.5108256237659907,5,3
hapus,0.5108256237659907,5,3
berkapitalisasi,0.5108256237659907,5,3
mengatakan,0.5108256237659907,5,3
jari,0.5108256237659907,5,3
disuruh,0.5108256237659907,10,6
tumben,0.5108256237659907,5,3
concern,0.5108256237659907,5,3
nak,0.5108256237659907,5,3
respons,0.5108256237659907,5,3
merespon,0.5108256237659907,5,3
alami,0.5108256237659907,5,3
lagu,0.5108256237659907,5,3
supportnya,0.5108256237659907,10,6
esok,0.5108256237659907,5,3
trap,0.5108256237659907,5,3
netherlands,0.5108256237659907,5,3
changes,0.5108256237659907,5,3
kek,0.5108256237659907,55,33
broo,0.5108256237659907,5,3
berhubungan,0.5108256237659907,5,3
dini,0.5108256237659907,5,3
cadangan,0.5108256237659907,5,3
lapor,0.5108256237659907,5,3
geser,0.5108256237659907,5,3
end,0.5108256237659907,5,3
quartal,0.5108256237659907,5,3
utamanya,0.5108256237659907,5,3
peracik,0.5108256237659907,5,3
pinter,0.5108256237659907,5,3
kampung,0.5108256237659907,5,3
agung,0.5108256237659907,5,3
wes,0.5108256237659907,5,3
persentase,0.5108256237659907,5,3
konsumennya,0.5108256237659907,5,3
pasukan,0.5108256237659907,5,3
keras,0.5108256237659907,15,9
kabarnya,0.5108256237659907,5,3
stelah,0.5108256237659907,5,3
season,0.5108256237659907,5,3
wkwkwk,0.49965232316786545,89,54
gainer,0.49643688631389105,46,28
yah,0.4895482253187058,62,38
hati,0.488352767913932,44,27
duh,0.4855078157817008,13,8
dagang,0.4855078157817008,13,8
daripada,0.4818380868927384,34,21
hadapi,0.47000362924573563,8,5
ngomongin,0.47000362924573563,8,5
sejauh,0.47000362924573563,8,5
membaca,0.47000362924573563,8,5
pantengin,0.47000362924573563,8,5
proyek,0.47000362924573563,8,5
ditengah,0.47000362924573563,8,5
ciri,0.47000362924573563,8,5
take,0.47000362924573563,16,10
gajadi,0.47000362924573563,8,5
mempengaruhi,0.47000362924573563,8,5
sii,0.47000362924573563,8,5
kata,0.46608972992459924,51,32
nnti,0.4519851237430572,11,7
ditarik,0.4519851237430572,11,7
presiden,0.4519851237430572,11,7
berasa,0.4519851237430572,11,7
kebanyakan,0.4519851237430572,11,7
bener,0.44183275227903923,84,54
tiba,0.44183275227903923,42,27
harapan,0.44183275227903923,14,9
drpd,0.44183275227903923,14,9
agak,0.4289956055183586,43,28
meskipun,0.42744401482693967,23,15
change,0.42744401482693967,23,15
berharap,0.42744401482693967,23,15
benar,0.4248831939652659,26,17
pinehill,0.4163941786403546,138,91
kiri,0.4054651081081644,6,4
kontra,0.4054651081081644,6,4
ajaa,0.4054651081081644,9,6
niat,0.4054651081081644,9,6
kesabaran,0.4054651081081644,6,4
irra,0.4054651081081644,6,4
ckpn,0.4054651081081644,6,4
mesti,0.4054651081081644,12,8
gapunya,0.4054651081081644,6,4
sakit,0.4054651081081644,12,8
politik,0.4054651081081644,12,8
ujung,0.4054651081081644,9,6
maunya,0.4054651081081644,6,4
sebaliknya,0.4054651081081644,9,6
akal,0.4054651081081644,6,4
error,0.4054651081081644,6,4
smpe,0.4054651081081644,9,6
tungguin,0.4054651081081644,6,4
keyakinan,0.4054651081081644,6,4
fakta,0.4054651081081644,6,4
mantengin,0.4054651081081644,6,4
gatau,0.4054651081081644,18,12
ajah,0.4054651081081644,6,4
pliss,0.4054651081081644,6,4
drop,0.4054651081081644,15,10
pelajari,0.4054651081081644,6,4
solusinya,0.4054651081081644,6,4
nembus,0.4054651081081644,6,4
ahh,0.4054651081081644,6,4
ngikutin,0.4054651081081644,6,4
plat,0.4054651081081644,6,4
pemenang,0.4054651081081644,6,4
bukukan,0.4054651081081644,9,6
yes,0.4054651081081644,6,4
kinerjanya,0.4054651081081644,12,8
terpaksa,0.4054651081081644,6,4
biarin,0.4054651081081644,9,6
suara,0.4054651081081644,15,10
gaga,0.4054651081081644,6,4
dah,0.401795379219202,136,91
kayanya,0.3894647667617233,31,21
doang,0.38776553100876343,56,38
belinya,0.3829922522561057,22,15
turunnya,0.3829922522561057,22,15
retail,0.3794896217049037,19,13
bandar,0.371563556432483,29,20
gini,0.37037378829689427,84,58
gorengan,0.36772478012531734,26,18
mimpi,0.36772478012531734,13,9
terlalu,0.36464311358790924,36,25
bgt,0.3643378166843015,131,91
this,0.3566749439387324,10,7
esg,0.3566749439387324,10,7
mendadak,0.3566749439387324,10,7
jadinya,0.3566749439387324,10,7
asli,0.3566749439387324,10,7
thn,0.3566749439387324,30,21
keknya,0.3566749439387324,20,14
mahal,0.3566749439387324,50,35
shm,0.35282137462274243,37,26
mentok,0.3483066942682158,17,12
technical,0.34032580593720296,104,74
macem,0.3364722366212129,7,5
rombak,0.3364722366212129,7,5
targetnya,0.3364722366212129,7,5
masuknya,0.3364722366212129,7,5
gtu,0.3364722366212129,7,5
ctak,0.3364722366212129,7,5
twit,0.3364722366212129,7,5
merahnya,0.3364722366212129,7,5
nim,0.3364722366212129,7,5
imbas,0.3364722366212129,7,5
pokok,0.3364722366212129,7,5
liatin,0.3364722366212129,7,5
please,0.3364722366212129,14,10
small,0.3364722366212129,7,5
islamic,0.32542240043462795,18,13
double,0.3184537311185346,22,16
menyala,0.3184537311185346,22,16
utang,0.31237468504215243,41,30
fase,0.31015492830383945,15,11
out,0.3053816495511819,19,14
nyesel,0.3022808718729337,23,17
disertai,0.3016683144265208,96,71
panik,0.30010459245033816,27,20
susah,0.30010459245033816,27,20
kapan,0.29238796348919355,71,53
kagak,0.28768207245178085,12,9
terkuat,0.28768207245178085,4,3
alhasil,0.28768207245178085,4,3
kaka,0.28768207245178085,4,3
gamau,0.28768207245178085,12,9
kabeh,0.28768207245178085,4,3
iptv,0.28768207245178085,4,3
signal,0.28768207245178085,8,6
pompom,0.28768207245178085,8,6
kalimat,0.28768207245178085,4,3
buru,0.28768207245178085,8,6
malas,0.28768207245178085,4,3
lupakan,0.28768207245178085,4,3
membayar,0.28768207245178085,4,3
pemerintahan,0.28768207245178085,4,3
ntah,0.28768207245178085,4,3
persepsi,0.28768207245178085,4,3
ditembus,0.28768207245178085,4,3
gilak,0.28768207245178085,4,3
alt,0.28768207245178085,4,3
diproses,0.28768207245178085,4,3
ketik,0.28768207245178085,4,3
indr,0.28768207245178085,4,3
suntik,0.28768207245178085,4,3
dimulai,0.28768207245178085,8,6
bgtt,0.28768207245178085,8,6
apalagi,0.28768207245178085,56,42
menjawab,0.28768207245178085,4,3
seharga,0.28768207245178085,8,6
darimana,0.28768207245178085,4,3
korporat,0.28768207245178085,4,3
teori,0.28768207245178085,4,3
diluar,0.28768207245178085,4,3
ajarin,0.28768207245178085,4,3
analyst,0.28768207245178085,4,3
sikap,0.28768207245178085,4,3
bolak,0.28768207245178085,4,3
kreatif,0.28768207245178085,4,3
disedot,0.28768207245178085,4,3
hindari,0.28768207245178085,4,3
sampah,0.28768207245178085,4,3
jtan,0.28768207245178085,4,3
nemu,0.28768207245178085,4,3
jagoan,0.28768207245178085,4,3
gold,0.28768207245178085,4,3
ataupun,0.28768207245178085,4,3
eksternal,0.28768207245178085,4,3
audit,0.28768207245178085,4,3
material,0.28768207245178085,4,3
persis,0.28768207245178085,4,3
earning,0.28768207245178085,4,3
undervalue,0.28768207245178085,4,3
minor,0.28768207245178085,4,3
fake,0.28768207245178085,4,3
chaos,0.28768207245178085,4,3
monthly,0.28768207245178085,8,6
dahlah,0.28768207245178085,4,3
sebabnya,0.28768207245178085,4,3
bicara,0.28768207245178085,4,3
jejaknya,0.28768207245178085,4,3
wew,0.28768207245178085,4,3
penggemar,0.28768207245178085,4,3
guyur,0.28768207245178085,4,3
merem,0.28768207245178085,4,3
cth,0.28768207245178085,4,3
meledak,0.28768207245178085,4,3
instrumen,0.28768207245178085,4,3
queen,0.28768207245178085,4,3
makro,0.28768207245178085,4,3
sengaja,0.28768207245178085,4,3
provider,0.28768207245178085,12,9
tiktok,0.28768207245178085,4,3
singapore,0.28768207245178085,4,3
peluncuran,0.28768207245178085,4,3
bru,0.28768207245178085,4,3
dengerin,0.28768207245178085,4,3
sudahlah,0.28768207245178085,4,3
degan,0.28768207245178085,4,3
gendut,0.28768207245178085,4,3
laggard,0.28768207245178085,4,3
pov,0.28768207245178085,4,3
diubah,0.28768207245178085,4,3
ngefek,0.28768207245178085,4,3
gabakal,0.28768207245178085,4,3
woii,0.28768207245178085,4,3
chill,0.28768207245178085,4,3
pembeli,0.28768207245178085,4,3
duti,0.28768207245178085,4,3
deras,0.28768207245178085,4,3
sapa,0.28768207245178085,4,3
ribut,0.28768207245178085,4,3
growthnya,0.28768207245178085,4,3
tipikal,0.28768207245178085,4,3
laen,0.28768207245178085,8,6
seharian,0.28768207245178085,4,3
menyalaa,0.28768207245178085,4,3
mala,0.28768207245178085,4,3
pondasi,0.28768207245178085,8,6
fenomena,0.28768207245178085,4,3
credit,0.28768207245178085,4,3
membara,0.28768207245178085,4,3
babak,0.28768207245178085,4,3
muter,0.28768207245178085,4,3
dipimpin,0.28768207245178085,8,6
portoku,0.28768207245178085,4,3
berenti,0.28768207245178085,4,3
goyang,0.28768207245178085,4,3
terang,0.28768207245178085,4,3
bola,0.28768207245178085,8,6
sebel,0.28768207245178085,4,3
cover,0.28768207245178085,4,3
cbdk,0.26236426446749106,13,10
gandum,0.2559333741372007,31,24
kurs,0.25131442828090617,9,7
netral,0.25131442828090617,9,7
tangan,0.25131442828090617,9,7
asuransi,0.25131442828090617,9,7
ekspektasi,0.25131442828090617,18,14
isu,0.25131442828090617,18,14
terungkap,0.24116205681688804,14,11
pantes,0.24116205681688804,14,11
penurunan,0.22778393087071197,54,43
nahan,0.22314355131420976,5,4
memanfaatkan,0.22314355131420976,5,4
listrik,0.22314355131420976,5,4
disorot,0.22314355131420976,5,4
sarankan,0.22314355131420976,5,4
senen,0.22314355131420976,5,4
kang,0.22314355131420976,5,4
ora,0.22314355131420976,5,4
major,0.22314355131420976,5,4
dendam,0.22314355131420976,5,4
kekhawatiran,0.22314355131420976,5,4
memublikasikan,0.22314355131420976,5,4
lemah,0.22314355131420976,5,4
pergerakannya,0.22314355131420976,5,4
walopun,0.22314355131420976,5,4
menghadapi,0.22314355131420976,5,4
dihold,0.22314355131420976,5,4
fiktif,0.22314355131420976,5,4
tugu,0.22314355131420976,5,4
soto,0.22314355131420976,5,4
why,0.22314355131420976,5,4
yaallah,0.22314355131420976,5,4
ehh,0.22314355131420976,5,4
batal,0.22314355131420976,5,4
sri,0.22314355131420976,5,4
sebaiknya,0.22314355131420976,5,4
jelasin,0.22314355131420976,5,4
dipercaya,0.22314355131420976,5,4
telko,0.22314355131420976,5,4
kmrin,0.22314355131420976,5,4
kitchen,0.22314355131420976,5,4
wkwkwkw,0.22314355131420976,15,12
release,0.22314355131420976,5,4
over,0.22314355131420976,5,4
ketat,0.22314355131420976,5,4
batubara,0.22314355131420976,5,4
miskin,0.22314355131420976,5,4
wacana,0.22314355131420976,5,4
seandainya,0.22314355131420976,5,4
umumnya,0.22314355131420976,5,4
tolong,0.2135741002980591,26,21
berat,0.20763936477824455,16,13
pusing,0.20067069546215124,11,9
inget,0.1941560144409574,17,14
otw,0.1941560144409574,17,14
laptop,0.1823215567939546,6,5
lagian,0.1823215567939546,6,5
mengurangi,0.1823215567939546,6,5
nyusul,0.1823215567939546,6,5
menurun,0.1823215567939546,6,5
diminggu,0.1823215567939546,6,5
arpu,0.1823215567939546,6,5
pastikan,0.1823215567939546,6,5
ilang,0.1823215567939546,6,5
cape,0.1823215567939546,6,5
customer,0.1823215567939546,6,5
kalah,0.1823215567939546,12,10
jawaban,0.1823215567939546,6,5
selling,0.1823215567939546,6,5
close,0.16705408466316624,13,11
yoy,0.15634607039069404,76,65
corpora,0.15415067982725836,7,6
bersyukur,0.15415067982725836,7,6
konfirmasi,0.15415067982725836,7,6
terdampak,0.15415067982725836,7,6
tadinya,0.15415067982725836,7,6
pny,0.15415067982725836,7,6
nyentuh,0.15415067982725836,14,12
malah,0.15415067982725836,147,126
menit,0.15415067982725836,14,12
pelanggan,0.15415067982725836,7,6
qoq,0.15415067982725836,7,6
one,0.15415067982725836,7,6
tampaknya,0.15415067982725836,7,6
bye,0.15415067982725836,14,12
dihajar,0.15415067982725836,7,6
indikasi,0.13353139262452257,8,7
koh,0.13353139262452257,8,7
wkwkkw,0.13353139262452257,8,7
warga,0.13353139262452257,8,7
nyampe,0.13353139262452257,8,7
hit,0.13353139262452257,8,7
segi,0.13353139262452257,8,7
malu,0.13353139262452257,8,7
seberapa,0.11778303565638346,9,8
lots,0.11778303565638346,9,8
macet,0.10536051565782635,10,9
aza,0.10536051565782635,10,9
loyo,0.09531017980432493,11,10
buset,0.09531017980432493,11,10
terkoreksi,0.09097177820572679,23,21
issue,0.08701137698962969,12,11
ditambah,0.08701137698962969,12,11
nangis,0.08004270767353636,13,12
sell,0.07856232250310209,225,208
padahal,0.0709517359722844,73,68
kena,0.05129329438755048,60,57
porto,0.050430853626891904,61,58
gara,0.040005334613699206,51,49
lepas,0.03922071315328133,52,50
kenapa,0.018349138668196617,110,108
turun,0.007207238404949167,557,553
npl,0.0,11,11
ditinggal,0.0,5,5
harta,0.0,4,4
leading,0.0,10,10
phk,0.0,4,4
hrga,0.0,5,5
dok,0.0,4,4
otoritas,0.0,4,4
taunya,0.0,8,8
cmn,0.0,4,4
ngerasain,0.0,4,4
sodara,0.0,6,6
kebayang,0.0,5,5
smp,0.0,4,4
dibuang,0.0,4,4
kenyataan,0.0,4,4
bjir,0.0,8,8
aseng,0.0,4,4
pricing,0.0,4,4
pindahin,0.0,6,6
plg,0.0,4,4
nanem,0.0,4,4
rachmatarwata,0.0,4,4
pls,0.0,5,5
tertekan,0.0,27,27
bep,0.0,4,4
perorangan,0.0,4,4
cost,0.0,7,7
israel,0.0,4,4
syarat,0.0,8,8
exit,0.0,13,13
lucu,0.0,11,11
yaah,0.0,4,4
ukuran,0.0,4,4
maklum,0.0,4,4
chips,0.0,5,5
bad,0.0,5,5
pelajaran,0.0,4,4
entar,0.0,5,5
apaa,0.0,4,4
suruh,0.0,9,9
taro,0.0,4,4
grgr,0.0,7,7
pdhl,0.0,13,13
wkkw,0.0,4,4
merangkak,0.0,5,5
bermasalah,0.0,5,5
penjual,0.0,5,5
cus,0.0,10,10
com,0.0,12,12
trio,0.0,4,4
any,0.0,4,4
bsa,0.0,5,5
naro,0.0,4,4
ritel,0.0,45,45
ikan,0.0,5,5
berhenti,0.0,7,7
peta,0.0,4,4
feeling,0.0,5,5
blg,0.0,5,5
boom,0.0,4,4
cok,0.0,4,4
yahh,0.0,4,4
minoritas,0.0,4,4
stress,0.0,7,7
panic,0.0,4,4
amerika,0.0,9,9
hantu,0.0,4,4
jgn,-0.03390155167568134,29,30
negatif,-0.040821994520255166,24,25
gagal,-0.05406722127027582,18,19
merah,-0.05864872708150763,149,158
ngeri,-0.06899287148695143,14,15
jaman,-0.08004270767353637,12,13
melemah,-0.0915671935254905,73,80
jualan,-0.10536051565782628,36,40
jatoh,-0.10536051565782628,9,10
bandarmologi,-0.11778303565638351,8,9
limited,-0.11778303565638351,8,9
terpantau,-0.11778303565638351,8,9
capek,-0.13353139262452263,7,8
keliatannya,-0.13353139262452263,7,8
lambat,-0.13353139262452263,7,8
gila,-0.13353139262452263,21,24
downtrend,-0.13353139262452263,21,24
amblas,-0.13353139262452263,7,8
terpuruk,-0.15415067982725836,6,7
roa,-0.15415067982725836,6,7
pesimis,-0.15415067982725836,6,7
astaga,-0.15415067982725836,6,7
even,-0.15415067982725836,6,7
byk,-0.15415067982725836,6,7
sttp,-0.15415067982725836,6,7
drastis,-0.15415067982725836,12,14
akibat,-0.15415067982725836,12,14
mkpi,-0.15415067982725836,6,7
mati,-0.1670540846631662,11,13
outflow,-0.1670540846631662,11,13
movers,-0.17185025692665928,16,19
steele,-0.1823215567939546,5,6
timing,-0.1823215567939546,5,6
uda,-0.1823215567939546,15,18
minusnya,-0.1823215567939546,10,12
mesin,-0.1823215567939546,10,12
nomer,-0.1823215567939546,5,6
pantesan,-0.1823215567939546,10,12
akusisi,-0.1823215567939546,5,6
disebabkan,-0.1823215567939546,5,6
sekolah,-0.1823215567939546,5,6
kemana,-0.1823215567939546,20,24
bangett,-0.1823215567939546,5,6
quarter,-0.1823215567939546,5,6
dikeluarkan,-0.1823215567939546,5,6
buang,-0.1941560144409575,14,17
kmren,-0.2006706954621511,9,11
serem,-0.2006706954621511,9,11
kasus,-0.20972053098206903,30,37
pekerja,-0.2231435513142097,4,5
kujual,-0.2231435513142097,4,5
gantian,-0.2231435513142097,4,5
setaun,-0.2231435513142097,4,5
terpopuler,-0.2231435513142097,4,5
bounce,-0.2231435513142097,4,5
jir,-0.2231435513142097,4,5
sapi,-0.2231435513142097,4,5
ebitda,-0.2231435513142097,8,10
ambles,-0.2231435513142097,16,20
skin,-0.2231435513142097,4,5
ngurus,-0.2231435513142097,4,5
cabut,-0.2231435513142097,8,10
breakdown,-0.2231435513142097,4,5
dilawan,-0.2231435513142097,4,5
ges,-0.2231435513142097,8,10
unrealized,-0.2231435513142097,4,5
pelantikan,-0.2231435513142097,4,5
nitip,-0.2231435513142097,4,5
lagging,-0.2231435513142097,8,10
urusan,-0.2231435513142097,4,5
moment,-0.2231435513142097,4,5
diliat,-0.2231435513142097,8,10
tenggelam,-0.2231435513142097,4,5
ngeh,-0.2231435513142097,4,5
again,-0.2231435513142097,4,5
avd,-0.2231435513142097,4,5
gegara,-0.2411620568168881,11,14
jebol,-0.2411620568168881,22,28
batu,-0.2411620568168881,11,14
holder,-0.2411620568168881,33,42
plis,-0.25131442828090605,7,9
dijual,-0.25452986513488046,69,89
floating,-0.2682639865946794,13,17
jatuh,-0.2787134024690205,28,37
downtrendnya,-0.2876820724517809,3,4
insider,-0.2876820724517809,3,4
ngmg,-0.2876820724517809,3,4
maap,-0.2876820724517809,3,4
wkt,-0.2876820724517809,3,4
brapa,-0.2876820724517809,3,4
sekalipun,-0.2876820724517809,3,4
mandek,-0.2876820724517809,3,4
nunjukin,-0.2876820724517809,3,4
tukar,-0.2876820724517809,3,4
tersisa,-0.2876820724517809,3,4
ketir,-0.2876820724517809,3,4
anying,-0.2876820724517809,3,4
pula,-0.2876820724517809,9,12
roller,-0.2876820724517809,3,4
gabisa,-0.2876820724517809,9,12
grafiknya,-0.2876820724517809,3,4
digoreng,-0.2876820724517809,3,4
hrg,-0.2876820724517809,3,4
realita,-0.2876820724517809,3,4
nol,-0.2876820724517809,3,4
melemahnya,-0.2876820724517809,3,4
ygy,-0.2876820724517809,3,4
rebuan,-0.2876820724517809,3,4
jantung,-0.2876820724517809,3,4
pling,-0.2876820724517809,3,4
fire,-0.2876820724517809,3,4
puyeng,-0.2876820724517809,3,4
kuu,-0.2876820724517809,3,4
tersangka,-0.2876820724517809,3,4
bngt,-0.2876820724517809,3,4
merasakan,-0.2876820724517809,3,4
fix,-0.2876820724517809,6,8
secepat,-0.2876820724517809,3,4
gainnya,-0.2876820724517809,3,4
nyaris,-0.2876820724517809,3,4
wkwkwkkw,-0.2876820724517809,3,4
balikin,-0.2876820724517809,3,4
buangan,-0.2876820724517809,3,4
ketar,-0.2876820724517809,3,4
side,-0.2876820724517809,3,4
bnyk,-0.2876820724517809,6,8
sendirian,-0.2876820724517809,3,4
jujur,-0.2876820724517809,6,8
goblok,-0.2876820724517809,3,4
woi,-0.2876820724517809,3,4
push,-0.2876820724517809,3,4
sopan,-0.2876820724517809,3,4
melorot,-0.2876820724517809,6,8
infra,-0.2876820724517809,3,4
shock,-0.2876820724517809,3,4
men,-0.2876820724517809,3,4
coaster,-0.2876820724517809,3,4
beres,-0.2876820724517809,3,4
mengandung,-0.2876820724517809,3,4
nyimpen,-0.2876820724517809,3,4
pol,-0.2876820724517809,3,4
bodoh,-0.2876820724517809,3,4
dilepas,-0.2876820724517809,12,16
than,-0.2876820724517809,3,4
awasi,-0.2876820724517809,3,4
munggah,-0.2876820724517809,3,4
terkena,-0.2876820724517809,3,4
emosi,-0.2876820724517809,3,4
intervensi,-0.2876820724517809,3,4
lemes,-0.2876820724517809,3,4
aroma,-0.2876820724517809,3,4
dear,-0.2876820724517809,3,4
drawdown,-0.2876820724517809,3,4
oalah,-0.2876820724517809,3,4
kejual,-0.2876820724517809,3,4
iep,-0.2876820724517809,3,4
amsyong,-0.2876820724517809,3,4
sms,-0.2876820724517809,3,4
terdepak,-0.2876820724517809,3,4
serikat,-0.2876820724517809,3,4
rugi,-0.3087354816496133,47,64
kebakaran,-0.3184537311185346,8,11
rusia,-0.3184537311185346,8,11
skema,-0.3184537311185346,8,11
mulu,-0.33024168687057687,23,32
jokowi,-0.3364722366212129,5,7
case,-0.3364722366212129,5,7
lower,-0.3364722366212129,5,7
rela,-0.3364722366212129,5,7
stuck,-0.3364722366212129,5,7
shareholder,-0.3364722366212129,5,7
kehilangan,-0.3364722366212129,5,7
arb,-0.3536400402435783,33,47
darah,-0.35667494393873245,7,10
sedih,-0.35667494393873245,14,20
mtg,-0.35667494393873245,7,10
fear,-0.35667494393873245,7,10
penyebabnya,-0.35667494393873245,7,10
dollar,-0.35667494393873245,7,10
kocak,-0.35667494393873245,7,10
dipake,-0.35667494393873245,7,10
ketolong,-0.35667494393873245,7,10
knp,-0.3629054936893685,16,23
penyebab,-0.3677247801253174,9,13
berkurang,-0.3677247801253174,9,13
loser,-0.37037378829689427,29,42
trauma,-0.40546510810816444,4,6
diterima,-0.40546510810816444,4,6
aslinya,-0.40546510810816444,4,6
investornya,-0.40546510810816444,4,6
gemes,-0.40546510810816444,4,6
buruk,-0.40546510810816444,8,12
kasian,-0.40546510810816444,4,6
state,-0.40546510810816444,4,6
kebawah,-0.40546510810816444,4,6
dibawa,-0.40546510810816444,4,6
rdtx,-0.40546510810816444,4,6
ambrol,-0.40546510810816444,10,15
merugi,-0.40546510810816444,4,6
kabur,-0.4353180712578455,11,17
lesu,-0.4418327522790392,9,14
minus,-0.45058554338863405,65,102
influencer,-0.4700036292457356,5,8
tolol,-0.4700036292457356,5,8
stagnan,-0.48550781578170077,8,13
owned,-0.5108256237659907,3,5
jualin,-0.5108256237659907,3,5
laa,-0.5108256237659907,3,5
tertingginya,-0.5108256237659907,3,5
bkrky,-0.5108256237659907,3,5
sinyalnya,-0.5108256237659907,3,5
voter,-0.5108256237659907,3,5
gemoy,-0.5108256237659907,3,5
teknisi,-0.5108256237659907,3,5
ditanya,-0.5108256237659907,3,5
gcg,-0.5108256237659907,3,5
bnr,-0.5108256237659907,3,5
kejaksaan,-0.5108256237659907,3,5
okelah,-0.5108256237659907,3,5
pemicu,-0.5108256237659907,3,5
hilang,-0.5108256237659907,6,10
rejection,-0.5108256237659907,3,5
downgrade,-0.5108256237659907,3,5
hah,-0.5108256237659907,3,5
jemput,-0.5108256237659907,3,5
perasaan,-0.5108256237659907,6,10
komisi,-0.5108256237659907,3,5
khan,-0.5108256237659907,3,5
logika,-0.5108256237659907,3,5
minim,-0.5108256237659907,3,5
ditunda,-0.5108256237659907,3,5
raw,-0.5108256237659907,3,5
bearish,-0.5212969236332861,19,32
masalahnya,-0.5596157879354228,8,14
menekan,-0.5596157879354228,4,7
ampun,-0.5596157879354228,4,7
provisi,-0.5596157879354228,4,7
ukraina,-0.5596157879354228,8,14
pengadaan,-0.5596157879354228,4,7
hancur,-0.587786664902119,5,9
boncos,-0.587786664902119,10,18
kacau,-0.587786664902119,5,9
asingnya,-0.6190392084062235,7,13
anjlok,-0.6225296133459919,44,82
pecah,-0.6286086594223742,8,15
kongsi,-0.6286086594223742,8,15
dalem,-0.6359887667199967,9,17
ancur,-0.6359887667199967,9,17
jelek,-0.6592456288842639,15,29
bangkrut,-0.6931471805599453,7,14
merona,-0.6931471805599453,4,8
dugaan,-0.6931471805599453,6,12
mgc,-0.6931471805599453,5,10
sialan,-0.6931471805599453,3,6
narik,-0.6931471805599453,5,10
waduh,-0.6931471805599453,6,12
lake,-0.6931471805599453,3,6
dead,-0.6931471805599453,3,6
aduh,-0.6931471805599453,6,12
njirr,-0.6931471805599453,3,6
dalamnya,-0.6931471805599453,3,6
poll,-0.6931471805599453,3,6
maki,-0.6931471805599453,3,6
gangguan,-0.6931471805599453,4,8
saudara,-0.6931471805599453,4,8
bayangin,-0.6931471805599453,3,6
anj,-0.6931471805599453,3,6
terbongkar,-0.6931471805599453,3,6
bangke,-0.6931471805599453,4,8
gocap,-0.6931471805599453,3,6
bebas,-0.723918839226699,16,33
kerugian,-0.7731898882334817,6,13
dibanting,-0.8109302162163288,4,9
maker,-0.8109302162163288,4,9
kpk,-0.8109302162163288,4,9
lemot,-0.8109302162163288,4,9
berdarah,-0.8266785731844679,7,16
fca,-0.8472978603872037,3,7
ownernya,-0.8472978603872037,3,7
merosot,-0.8472978603872037,9,21
rungkad,-0.8472978603872037,3,7
spam,-0.8472978603872037,3,7
bersabar,-0.8472978603872037,3,7
nyesek,-0.8472978603872037,3,7
penundaan,-0.8472978603872037,3,7
mental,-0.8754687373538999,5,12
rontok,-0.8754687373538999,5,12
seok,-0.916290731874155,2,5
kog,-0.916290731874155,2,5
kesini,-0.916290731874155,2,5
grok,-0.916290731874155,2,5
int,-0.916290731874155,2,5
terancam,-0.916290731874155,2,5
respect,-0.916290731874155,2,5
buzzer,-0.916290731874155,6,15
pinjol,-0.916290731874155,2,5
ppatk,-0.916290731874155,2,5
terseok,-0.916290731874155,2,5
kouta,-0.916290731874155,2,5
gws,-0.916290731874155,2,5
terdalam,-0.916290731874155,4,10
hahah,-0.916290731874155,2,5
uninstall,-0.916290731874155,2,5
blanja,-0.916290731874155,2,5
periksa,-0.916290731874155,2,5
ujian,-0.916290731874155,2,5
wkwkwkwkw,-0.916290731874155,2,5
was,-0.916290731874155,4,10
yaelah,-0.916290731874155,2,5
dotop,-0.916290731874155,2,5
kapok,-0.916290731874155,2,5
kalua,-0.916290731874155,2,5
ambyar,-0.916290731874155,2,5
brics,-0.916290731874155,2,5
cokk,-0.916290731874155,2,5
terendahnya,-0.916290731874155,2,5
inclusion,-0.916290731874155,2,5
babi,-0.916290731874155,2,5
sial,-0.9808292530117262,3,8
bgst,-0.9808292530117262,3,8
busuk,-0.9808292530117262,3,8
zat,-0.9808292530117262,3,8
ambruk,-1.0116009116784799,4,11
beban,-1.0169342576538425,17,47
semenjak,-1.0986122886681098,3,9
menangis,-1.0986122886681098,3,9
owner,-1.0986122886681098,2,6
downtren,-1.0986122886681098,2,6
telpon,-1.0986122886681098,2,6
patah,-1.0986122886681098,2,6
pdhal,-1.0986122886681098,2,6
niatnya,-1.0986122886681098,2,6
dilego,-1.0986122886681098,2,6
anjirr,-1.0986122886681098,2,6
sangkut,-1.0986122886681098,2,6
ampas,-1.0986122886681098,2,6
starlink,-1.0986122886681098,2,6
rusak,-1.0986122886681098,2,6
tergelincir,-1.0986122886681098,2,6
dump,-1.0986122886681098,2,6
mules,-1.0986122886681098,2,6
only,-1.0986122886681098,4,12
cat,-1.0986122886681098,2,6
parah,-1.0986122886681098,11,33
komunikasi,-1.0986122886681098,2,6
woy,-1.0986122886681098,2,6
longsor,-1.0986122886681098,7,21
edc,-1.0986122886681098,3,9
tunda,-1.0986122886681098,2,6
jeblok,-1.2163953243244932,8,27
tergerus,-1.2237754316221157,5,17
meanwhile,-1.252762968495368,2,7
pasrah,-1.252762968495368,2,7
asu,-1.252762968495368,2,7
harap,-1.252762968495368,2,7
apestor,-1.252762968495368,2,7
mom,-1.252762968495368,2,7
korupsi,-1.2729656758128873,7,25
anjing,-1.2992829841302609,3,11
gelap,-1.3217558399823195,4,15
payung,-1.3862943611198906,2,8
kampret,-1.3862943611198906,2,8
nyangkut,-1.4724720573609429,25,109
terjun,-1.4781019103730135,13,57
bubar,-1.5040773967762742,2,9
bapuk,-1.5040773967762742,2,9
dibawahnya,-1.5040773967762742,2,9
tekan,-1.540445040947149,3,14
nyungsep,-1.589235205116581,10,49
mines,-1.6094379124341003,3,15
losers,-1.6739764335716716,3,16
anjeng,-1.791759469228055,1,6
surem,-1.791759469228055,1,6
wahai,-1.791759469228055,1,6
kontol,-1.791759469228055,1,6
brutal,-1.791759469228055,1,6
monyet,-1.791759469228055,1,6
asalnya,-1.791759469228055,1,6
serangan,-1.791759469228055,1,6
ndlosor,-1.791759469228055,1,6
bandarnya,-1.791759469228055,2,12
tai,-1.791759469228055,1,6
witel,-1.9459101490553135,1,7
ftse,-1.9459101490553135,1,7
korban,-1.9459101490553135,1,7
kempes,-1.9459101490553135,1,7
rezagada,-1.9459101490553135,1,7
lelet,-1.9459101490553135,1,7
bastante,-1.9459101490553135,1,7
pemberat,-2.0794415416798357,1,8
nyangkuters,-2.0794415416798357,1,8
reject,-2.1400661634962708,2,17
judol,-2.1972245773362196,1,9
