date,tweet,saham
2026-01-01,"Berdasarkan data terkini (1 Jan 2026), saham potensial ARA besok termasuk BBRI, BMRI, BBCA (sektor bank, kuat fundamental), serta PTRO dan HRUM (energi, target naik). Sentimen positif: January Effect (60% peluang IHSG naik), pemulihan ekonomi, potensi IPO, dan ekspektasi suku",bbri
2026-01-01,Target Harga Saham BBRI di 2026 #saham #infosaham #investasi,bbri
2026-01-01,"SMDR dah jadi rebutan, sementara BBRI (dan kawan2 sektornya) masih jauh dari perhatian. Selesai. Lanjut tes recehan : Apa yang dibuang pasti akan dipungut kembali Ora bagger-baggeran, penting iso disambi ngopi lan ditinggal kerjo.",bbri
2026-01-01,tolong 2026 kembalikan $BBRI ke 5k,bbri
2026-01-01,"Wishlist 2026 1. 10 Lot BBCA, 20 Lot BBRI, 1 gr emas 2. Alfamart Run, BTN 10k, JRF 10k 3. MT, BPS Pertamina & CPNS 4. Bootcamp Data Analyst, Sertif BNSP & Toefl 5. Trip Banyuwangi/Karimun Jawa 6. Merbabu, Lawu, Salak, Ciremai Amin!",bbri
2026-01-01,"Asii FP +23% udah TP sebagian Bbri FL - 17% Btps FL -12% Bfin FL -9% Scma FP 120% udah TP 75 persen Buying power tinggal 20-25 persen,, Mohon saran ustadz",bbri
2026-01-01,Aku sudah nyicil saham $MEJA target 300 $BUMI target 900 $MTK target 1500-2000 Berikutnya akan nyicil (nunggu turun diharga tertentu) $ADRO $RMKE $BBRI Sementara itu dulu,bbri
2026-01-01,BRI (BBRI) Luncurkan Kartu Debit Edisi Khusus FC Barcelona,bbri
2026-01-01,"#kafeinvestor #BBRI 3660 ditutup kritis, mendekati support krusial 3650. atau dalam range bawah 3650-3500 untuk menahan koreksi lebih lanjut.",bbri
2026-01-01,Transformasi BRI terus berjalan dan hasilnya mulai terasa. PT Bank Rakyat Indonesia (Persero) Tbk (BBRI) optimistis kinerja perseroan akan semakin solid dalam beberapa tahun ke depan seiring transformasi menyeluruh yang dijalankan. #BRI #BBRI #BRIVolution,bbri
2026-01-01,https://ipol.id/2026/01/optimis-menyambut-tahun-2026-direktur-utama-bri-tegaskan-keyakinan-pada-transformasi-dan-strategi-pertumbuhan-jangka-panjang/#google_vignettehttp://IPOL.ID–PTBankRakyatIndonesia(Persero)Tbk(BBRI)meyakinikinerjaperseroanakansemakinbaikdalambeberapatahunkedepanseiringberjalannyatransformasiyangdilakukan.#bri#bankbri#bbri#ipol,bbri
2026-01-01,"invest 100jt an di $BBRI awal Desember 2025, di 2030 jd brp? sering bgt liat iklan kalo invest xxxx 5 thn lalu, skrg sudah jd 2-3x, disini ane mau coba lakuin itu dividen yg diterima akan diinvestasikan kembali saat cair disclaimer: not financial advice",bbri
2026-01-01,Salut,bbri
2026-01-01,"Nasib Saham BBRI, BUMI, dan BBCA #saham #infosaham #investasi",bbri
2026-01-01,"Dampak aturan ini ke Saham Indonesia: - Harga daging global bisa naik → potensi dorong inflasi. - Emiten peternakan ($CPIN, $JPFA) bisa diuntungkan. - Emiten konsumer ($ICBP, $MYOR) bisa tertekan margin.",icbp
2026-01-01,PT Telkom Indonesia Tbk (TLKM) terus menjalankan strategi korporasi untuk menjaga pertumbuhan bisnis di tengah tekanan industri telekomunikasi dan percepatan transformasi digital nasional. Meski sepanjang Januari hingga September 2025 pendapatan konsolidasi tercatat sekitar,tlkm
2026-01-01,"@yukbisayuklin Halo Sahabat @yukbisayuklin , untuk tanggal 2 Januari 2026 layanan kantor cabang sudah beroperasional kembali pada pukul 08.00-15.00 wakti setempat. Untuk operasional kantor cabang Bank Mandiri dpt diakses melalui http://bmri.id/infocabangataumelaluiMITAdi",bmri
2026-01-01,"JAKARTA – PT Darma Henwa Tbk (DEWA), kontraktor tambang milik Grup Bakrie, telah memperoleh fasilitas kredit senilai Rp5 triliun dari PT Bank Central Asia Tbk (BBCA) atau BCA dan PT Bank Mandiri (Persero) Tbk (BMRI). Baca selengkapnya: https://idnfinancials.com/id/news/59999/dewa-milik-grup-bakrie-utang-rp5-triliun-ke-bca-dan-bank-mandiri",bmri
2026-01-01,"Nikmati Shopee 1.1 New Year Sale, diskon s.d. Rp1.050.000* pakai Mandiri Kartu Kredit. Berlaku hingga 2 Januari 2026. *Info lengkap: http://bmri.id/shopee11BankMandiriberizindandiawasiolehOtoritasJasaKeuangandanBankIndonesia.#MandiriKartuKredit#BankMandiri",bmri
2026-01-01,"Nikmati Special Dessert Slice Cake of the Day* pakai Mandiri Kartu Kredit di Wolfgang’s Steakhouse, berlaku s.d. 31 Maret 2026. *Info lengkap: http://bmri.id/wolfgangs26BankMandiriberizindandiawasiolehOtoritasJasaKeuangandanBankIndonesia.#MandiriKartuKredit",bmri
2026-01-01,"Nikmati diskon s.d. 15%* setiap bulan di tanggal kembar untuk booking hotel favoritmu di Agoda pakai Mandiri Debit Visa Platinum. Berlaku hingga 3 Maret 2026. *Info: http://bmri.id/debitvisaagodaBankMandiriberizindandiawasiolehOtoritasJasaKeuangandanBankIndonesia,serta",bmri
2026-01-02,Minus gara gara BBRI anjrit,bbri
2026-01-02,BUMN q pilih bbri yg lain boncos,bbri
2026-01-02,"7 jutaan dr bbri, adro, ptba",bbri
2026-01-02,"Saham ane masih datang bulan , BBRI koreksi lagi ,",bbri
2026-01-02,Saham BBRI Banyak Dilepas Asing #saham #infosaham #investasi,bbri
2026-01-02,"Saham BBCA, BBRI, dan DEWA menunjukkan pergerakan campuran di Bursa Efek Indonesia pada 2 Januari 2026. Baca selengkapnya",bbri
2026-01-02,"Kak, kenapa BBRI turun terus?",bbri
2026-01-02,"#IHSG menutup perdagangan terakhir 2025 naik tipis 0,03% ke 8.646,94, dengan kenaikan tahunan 22,13% Tekanan datang dari BBRI & ADRO ex-dividend serta koreksi harga emas Secara teknikal, tekanan jual mulai mereda & berpeluang lanjut menguat ke 8.680–8.725 #StocksInFocus",bbri
2026-01-02,"Berdasarkan analisis dari berbagai sumber seperti Arreza MP dan Kontan, sektor IHSG potensial naik di Q1 2026: 1. **Perbankan**: BBCA, BBRI, BMRI. Alasan: Penurunan suku bunga, pertumbuhan kredit stabil, efisiensi tinggi. 2. **Konsumer**: ICBP, MYOR, UNVR. Alasan: Dorongan",bbri
2026-01-02,Saham BBCA BBRI BMRI dan BBNI Terkoreksi Pada Sesi 1 Hari Ini https://jurnalzone.id/saham-bbca-bbri-bmri-dan-bbni-terkoreksi-pada-sesi-1-hari-ini/,bbri
2026-01-02,Waduh IEP $BBNI kog gini $BBRI udah duluan kebanting kemaren akhir tahun; jadi kini agak slow nge’drop,bbri
2026-01-02,4 jt dari bbri doang tpi minusnya 18 jt,bbri
2026-01-02,bbri merah mulu tp alhamdulillah yg lain ijooooo,bbri
2026-01-02,Dapat berapa lot BBRI?,bbri
2026-01-02,bbri,bbri
2026-01-02,"Hari ini hampir semua saham ijo, ntah kenapa yg namanya bigbank malah ga ijo2 di tahun baru ini #BBRI ini mau dibawa kemana sebenarnya",bbri
2026-01-02,"Saham Bank Jumbo BBCA, BBRI hingga BMRI Masih Jadi Andalan 2026",bbri
2026-01-02,"Ia lah bang, masa rejeki nga di manfaatkan, bayangkan beli bbri 3600 ,IHSG 15rb, BBRI pasti jd 8000/share di goreng JP Morgan, ya jual lipet jd BYD lah, masa nga di manfaatkan beginian ?",bbri
2026-01-02,"Berdasarkan analisis dari berbagai sumber seperti Arreza MP dan Kontan, sektor IHSG potensial naik di Q1 2026: 1. **Perbankan**: BBCA, BBRI, BMRI. Alasan: Penurunan suku bunga, pertumbuhan kredit stabil, efisiensi tinggi. 2. **Konsumer**: ICBP, MYOR, UNVR. Alasan: Dorongan",icbp
2026-01-02,"Berdasarkan analisis terkini, beberapa saham Indonesia potensial untuk jangka panjang (2026+): - BBCA (Bank Central Asia): Stabil dengan pertumbuhan kredit kuat dan dividen konsisten. - TLKM (Telkom Indonesia): Didorong ekspansi digital dan permintaan data. - ASII (Astra",tlkm
2026-01-02,Dca TLKM bagus gak bang?,tlkm
2026-01-02,"Update Watchlist Saham Pribadi / Indeks Pribadi : Jumat, 02 Januari 2025 (Closing) I = UNTR. II = MDKA, NISP, TLKM, TUGU, MNCN. III = BRMS, MBMA, PNLF, ASII, ISAT. *Desclaimer on : bukan ajakan beli atau jual. Murni hanya berbagi opini pandangan pribadi.",tlkm
2026-01-02,"Cuma punya bmri, tapi lumayan buat jajan setelah lebaran wkwk",bmri
2026-01-02,beli bmri bang buat pengsiun TStdzMiBpMHUBydLvFFVrHmjRiGssWdWM7,bmri
2026-01-02,Nikmati diskon s.d. 60%* + cicilan 0% s.d. 24 bulan* untuk furniture di Selma pakai Mandiri Kartu Kredit. Berlaku s.d. 12 Januari 2026. *Info lengkap: http://bmri.id/selmaBankMandiriberizindandiawasiolehOtoritasJasaKeuangandanBankIndonesia.#MandiriKartuKredit,bmri
2026-01-02,"Dapatkan cashback Rp50 ribu* dengan transaksi pakai Mandiri Kartu Kredit atau QR Bayar Livin’ by Mandiri di Grand Waterfront. Berlaku hingga 4 Januari 2026. *Info lengkap: http://bmri.id/jktwaterfront3BankMandiriberizindandiawasiolehOtoritasJasaKeuangandanBankIndonesia,",bmri
2026-01-02,Nikmati diskon s.d. Rp1 juta* dan cicilan 0% s.d. 24 bulan* untuk belanja gadget di Hello pakai Mandiri Kartu Kredit. Berlaku hingga 4 Januari 2026. *Info lengkap: http://bmri.id/hohohelloBankMandiriberizindandiawasiolehOtoritasJasaKeuangandanBankIndonesia.,bmri
2026-01-02,"Rupiah Dibuka Melemah, Cek Kurs Dolar AS di BMRI, BCA, BRI dan BNI Hari Ini",bmri
2026-01-02,Nasib BMRI dan Proyeksi Bank-bank Besar di 2026 #saham #infosaham #investasi,bmri
2026-01-02,"Waspada! Link palsu mengincar data Hati‑hati dengan URL mirip Bank Mandiri, jangan masukkan nomor kartu, CVV, OTP, PIN, atau password di situs mencurigakan. Lindungi data Anda dan pelajari selengkapnya di http://bmri.id/JagaDataRahasiaBankMandiriBerizindanDiawasioleh",bmri
2026-01-02,Saham BBCA BBRI BMRI dan BBNI Terkoreksi Pada Sesi 1 Hari Ini https://jurnalzone.id/saham-bbca-bbri-bmri-dan-bbni-terkoreksi-pada-sesi-1-hari-ini/,bmri
2026-01-02,"Saham Bank Jumbo BBCA, BBRI hingga BMRI Masih Jadi Andalan 2026",bmri
2026-01-02,"Update Watchlist Saham Pribadi / Indeks Pribadi : Jumat, 02 Januari 2025 (Closing) I = UNTR. II = MDKA, NISP, TLKM, TUGU, MNCN. III = BRMS, MBMA, PNLF, ASII, ISAT. *Desclaimer on : bukan ajakan beli atau jual. Murni hanya berbagi opini pandangan pribadi.",isat
2026-01-02,"Stock Picks 2 Januari 2026 UNVR Spec Buy dengan support 2550, cut loss jika break di bawah 2500. Jika tidak break di bawah 2550, potensi naik ke 2650-2700 short term. Disclaimer: http://bit.ly/disclaimer-cgsiid#cgsi#cgsid#stockpicks#sobatgenvest#akuinvestorsaham",unvr
2026-01-02,Diawal tahun enaknga beli saham unvr atau ptba ya,unvr
2026-01-02,"Selama saham beredar di publik sedikit, konglo akan mudah mengurang harga saham setinggi langit, liat aja market cap saham2 gorengan konglo yg PBV PER ga masuk akal, dolo pengerak ihsg adl saham2 funda (bbca, bank bumn, asii, unvr, indf dll) skr udah berubah jd saham2 konglo",unvr
2026-01-02,"Berdasarkan analisis dari berbagai sumber seperti Arreza MP dan Kontan, sektor IHSG potensial naik di Q1 2026: 1. **Perbankan**: BBCA, BBRI, BMRI. Alasan: Penurunan suku bunga, pertumbuhan kredit stabil, efisiensi tinggi. 2. **Konsumer**: ICBP, MYOR, UNVR. Alasan: Dorongan",unvr
2026-01-02,"Halo! Berdasarkan analisis terkini (2 Jan 2026), IHSG dibuka menguat ~0.4% ke 8.676. Rekomendasi saham populer hari ini dari berbagai analis: ADRO (buy target 3.200), IMPC (buy 2.500), PTRO (buy 7.000), UNVR (accum buy 2.690). Sumber: MNC Sekuritas, Ajaib, dll. Ingat, ini bukan",unvr
2026-01-03,"Jadi Sasaran Jual Asing, BBRI, BMRI Cs Jeblok pada Perdagangan Perdana 2026",bbri
2026-01-03,Plis turunin bbri ampe 3600 ampe 3400 juga gapapa yaAllah,bbri
2026-01-03,"Melalui Tenun Modern dan Pameran BRI, Kriti by Lusy Jajaki Potensi Wastra Nusantara di Pasar Mancanegara #BRI #BBRI #WastraNusantara #PemberdayaanPendampinganUMKM",bbri
2026-01-03,"saham bluechip itu kaya BBCA, BBRI, TLKM gt kak atau kamu bisa coba saham yang masuk ke lq45 (45 perusahaan yg likuiditas tinggi/laris manis lah bahasa simple nya wkwk) contoh nya ANTM, UNTR",bbri
2026-01-03,"saham bluechip itu kaya BBCA, BBRI, TLKM gt kak atau kamu bisa coba saham yang masuk ke lq45 (45 perusahaan yg likuiditas tinggi/laris manis lah bahasa simple nya wkwk) contoh nya ANTM, UNTR",tlkm
2026-01-03,Bmri koreksi g? Mayan itu nambah lot buat gedein dividen wkwkwk,bmri
2026-01-03,Dapatkan diskon s.d. Rp75 ribu* di Marugame Udon pakai Mandiri Kartu Kredit! Berlaku s.d. 30 Juni 2026! *Info lengkap: http://bmri.id/marugameBankMandiriberizindandiawasiolehOtoritasJasaKeuangandanBankIndonesia.#MandiriKartuKredit#BankMandiri,bmri
2026-01-03,"Dividen Interim Bank Mandiri (BMRI) Segera Masuk Cum Date, Cek Potensi Yieldnya http://keuangan.kontan.co.id/news/dividen-interim-bank-mandiri-bmri-segera-masuk-cum-date-cek-potensi-yieldnya#bank",bmri
2026-01-03,"Jadi Sasaran Jual Asing, BBRI, BMRI Cs Jeblok pada Perdagangan Perdana 2026",bmri
2026-01-03,Penawaran spesial produk dan program Mandiri Kartu Kredit dilakukan lewat channel telesales dengan Caller ID 14037! Periode hingga 31 Desember 2026. *Info lengkap: http://bmri.id/telesalesBankMandiriberizindandiawasiolehOtoritasJasaKeuangandanBankIndonesia.,bmri
2026-01-04,"How about BBNI and BBRI, sir?",bbri
2026-01-04,"Halo! Prediksi saham bukan ramalan pasti, pasar bisa volatile. Berdasarkan tren IDX awal 2026 yang positif (January effect), saham seperti ANTM, BRMS, atau BBRI mungkin naik >5% besok, terutama di sektor tambang & bank. Tapi ini spekulasi—riset sendiri & konsultasi ahli ya.",bbri
2026-01-04,"Bank BUMN seperti BBRI dan BMRI diprediksi naik tinggi di 2026 berdasarkan analisis dari Kontan, Investor Daily, dan Katadata. Target harga: BBRI Rp5.800, BMRI Rp7.800. BRIS (juga BUMN) sudah saya sebut sebelumnya. Prediksi bisa berubah sesuai kondisi ekonomi.",bbri
2026-01-04,Sent!,bbri
2026-01-04,BBRI Jadi Bulan-bulanan #saham #infosaham #investasi,bbri
2026-01-04,"Bisa lirik perbankan juga jika ingin dividen yang sustain kedepannya $BMRI, $BBCA , $BBRI, $BBNI dan $BJBR yang harga masih under 1000",bbri
2026-01-04,"Bentar, PNBS sama AGRO gak dikecualikan ya? Soale PNBS kan anak PNBN en AGRO anak BBRI. Seingat saya, bank yg jd subsidiary & masuk ke konglomerasi keuangan dikecualikan dr kewajiban tsb",bbri
2026-01-04,"Udah resmi, under Pepsi, bukan ICBP lagi",icbp
2026-01-04,"Tunggu di support pabrik indomie ini sudah sangat dalem koreksinya, bisa potensi double bottom $ICBP",icbp
2026-01-04,Intip Prospek dan Rekomendasi Saham Konsumer INDF dan ICBP di Tahun 2026 http://investasi.kontan.co.id/news/intip-prospek-dan-rekomendasi-saham-konsumer-indf-dan-icbp-di-tahun-2026#RekomendasiSaham,icbp
2026-01-04,Artinya HAKA TLKM,tlkm
2026-01-04,Nasib BMRI dan Proyeksi Bank-bank Besar di 2026,bmri
2026-01-04,"Nikmati cicilan 0% s.d. 24 bulan* dan diskon s.d. 20%* tukar Livin’poin pakai Mandiri Kartu Kredit/Debit. Promo berlaku hingga 30 September 2026. *Info selengkapnya: http://bmri.id/SeibuDeptStoreBankMandiriberizindandiawasiolehOtoritasJasaKeuangandanBankIndonesia,",bmri
2026-01-04,"Bisa lirik perbankan juga jika ingin dividen yang sustain kedepannya $BMRI, $BBCA , $BBRI, $BBNI dan $BJBR yang harga masih under 1000",bmri
2026-01-04,"Haha, beneran nih prediksi dari analis terkini (sumber: http://investor.id&CNBCIndonesia).IHSGbesokpotensinaikke8.800.Sahamygdirekom:ASII,UNVR,UNTR,MEDC,INCO,PGAS.Tapipasarvolatile,cekIDXlangsungya!",unvr
2026-01-04,"Wajar skeptis, bro. Prediksi IHSG 5 Januari 2026 dari berbagai sumber ( http://kontan.co.id,cnbcindonesia,http://bisnis.com)bilangpotensimenguatke8.700-8.800.Sahampotensial:ASII,UNVR,TOTL,INTP.BuatARA,gakadayangpasti—cekIDXatauapptradingsendiri",unvr
2026-01-05,"selama masih dibawah 4.000 serok, tunggu sampai 5.000 sell, BBRI siklus gitu terus selama 7 tahun terakhir.",bbri
2026-01-05,BBRI bukan big banks kah,bbri
2026-01-05,"Sobat BRI, Kini investasi emas makin mudah dan lengkap cukup pakai BRImo. Kamu bisa cetak emas fisik dan bebas PPh 22 0,25%. Tahun baru saatnya mulai investasi cerdas dengan nabung emas di BRImo. Info lebih lanjut: http://bbri.id/brimoemas#BRImoMudahSerbaBisa",bbri
2026-01-05,"sabarrrr, nanti giliran saya ngeledek pake bbri",bbri
2026-01-05,BERITA POPULER: Harga Emas Antam (ANTM) Anjlok Parah hingga BBRI Dibanting Keras https://investor.id/market/423583/berita-populer-harga-emas-antam-antm-anjlok-parah-hingga-bbri-dibantingkerasvia@InvestorID,bbri
2026-01-05,Pusing bbri,bbri
2026-01-05,"$BBRI aku bottom fishing di 3.580 pagi tadi ga kejemput. Malah ada indikasi balik ke harga awal 3.640 Ini kalau bisa closing hijau candle mantap, siap2 rebound sih",bbri
2026-01-05,"Hai! Berdasarkan prediksi terkini dari sumber seperti Pikiran Rakyat & Kontan, IHSG besok (6 Jan 2026) berpotensi konsolidasi dengan peluang menguat terbatas. Saham potensial: BULL, BUVA, IMPC, ETF XIHD (rekomendasi IPOT), & sektor LQ45 seperti BBRI. Lo Kheng Hong optimis thn",bbri
2026-01-05,start januari 2026 ini aset gw di bbri dan rdpt,bbri
2026-01-05,"terakhir $BBRI harga 5.000an itu Oktober 2024 alias udah lebih dari 1 tahun silam, bang SinarCahaya ... semoga 2026 ini $BBRI kembali menuju >5.000an lagi ya Om bandar",bbri
2026-01-05,$TLKM Ideal entry 3.420 – 3.480 Target Profit3.700+ Stop Loss< 3.340 DYOR Bukan ajakan membeli,tlkm
2026-01-05,Tolong kerjasamanya hari ini 3510 $TLKM,tlkm
2026-01-05,"Hari kedua bursa, $IHSG ditutup naik 1,27%, lanjut 4 hari berturut-turut dan cetak ATH baru. Nilai transaksi 30,32T. Hampir semua sektor menguat, kecuali Techno. Sub-sektor Asuransi mayoritas naik, ABDA stagnan. Top Sektor: Basic-Ind Top Leadings: $BYAN, $BRMS, $TLKM",tlkm
2026-01-05,INI EMG TLKM NGELAG AP GMN,tlkm
2026-01-05,"Yuk, apply dan tingkatkan transaksi Mandiri Kartu Kredit JCB Precious dan menangkan tiket pesawat PP ke Jepang* & tiket Universal Studios Japan*! Kesempatan ini berlaku hingga 28 Februari 2026. *Info lengkap: http://bmri.id/jcbluckydrawBankMandiriberizindandiawasioleh",bmri
2026-01-05,BMRI saya jangan lupa diajak huuu,bmri
2026-01-05,bca naik bmri ga naikkk” asli deh hbs dpt dividen ku pindah aja lah,bmri
2026-01-05,"Minimal kalo mau nipu mikir2 lagi dah, masa iya ngaku2 dari BMRI mau nipu mantan karyawannya WKWKWKWK",bmri
2026-01-05,Dapatkan diskon 10%* dan + diskon s.d. 20%* dengan tukar Livin’poin untuk belanja brand fashion MAP pakai Mandiri Kartu Kredit/Debit. Berlaku hingga 31 Desember 2026. *Info lengkap: http://bmri.id/MAPfashion1BankMandiriberizindandiawasiolehOtoritasJasaKeuangandanBank,bmri
2026-01-05,"Kinerja UNVR Diproyeksi Solid pada 2026, Cermati Rekomendasi Analis http://investasi.kontan.co.id/news/kinerja-unvr-diproyeksi-solid-pada-2026-cermati-rekomendasi-analis#RekomendasiSaham",unvr
2026-01-05,"Baru nyadar ada virtual porto stockbit yang udah lupa entah kapan belinya (kayaknya si 2021) - BBCA ga keitung harga setelah SS, avg price masih 30k - UNVR 7k WKWK akankah kesana lagi? - ITMG bagger",unvr
2026-01-06,"Msh sideway bang, bbri fear to the max , bgs buat beli pelan2",bbri
2026-01-06,Bbri bang,bbri
2026-01-06,@talkwithdicky haka bbri biar ihsg 9k,bbri
2026-01-06,Gasss bbri,bbri
2026-01-06,"uhuy dapet email dividen bbri.. dah siap menuju tanggal 15, pertengahan bulan yang lebih baik hahaha",bbri
2026-01-06,"oh my porto yang merah cuma $IOTF doang , ama $BBRI di broker lain, tapi masih mending dia ngasih dividen",bbri
2026-01-06,"3M itu kalau mau beli saham BJTM, bisa dapet 300jt/th lho dari deviden, atau BBRI bisa 240an jt/th sama dengan 20an jt/ bulan, belum kalau mau beli saham yg DY nya diatas 10%, malah bingung liat cara mainnya??",bbri
2026-01-06,jujur karena at some point w dah liat bubble bang noel jadi lucu bgt ini when ya bbri 500%,bbri
2026-01-06,"IHSG TECHNICAL VIEW (06/01/26) IHSG kemarin ditutup naik 1.27%, tapi disertai dengan net sell asing ~9.98 Miliar. Saham yang paling banyak dijual asing adalah BUMI, MEDC, BBRI, EMAS dan JPFA.",bbri
2026-01-06,"$IHSG ATH intraday dan ditutup naik 0,84%, rally 5 hari berturut-turut. Mayoritas sektor naik terkecuali Transportasi. Total transaksi 34,16T. NFB All Market 590,94B. Top Sector: Basic-Ind, Industrial Top Leaders: $AMMN, $BBCA , $BBRI Top Laggards: $BMRI, $TLKM, $DSSA",bbri
2026-01-06,Rekomendasi untuk Saham Bank Rakyat Indonesia (BBRI) pada Awal 2026,bbri
2026-01-06,"Bang, aku follow nyari stockpick loh, yg didapet cuma template keributan sama BBRI doang masa wkwk",bbri
2026-01-06,"teringat awal bulan Desember kemarin rencana mau nabung bbri untuk investasi, eh besoknya naik 3%, langsung jual aje. Awkwkwkwowk cilok",bbri
2026-01-06,BBRI balik ke 3400 aja dulu,bbri
2026-01-06,BBRI ISH IIZUK U,bbri
2026-01-06,"Bang buat orang yg masih awam trading, waktu yg tepat utk beli saham bluechip yg bagi dividen apakah setelah exdate? misal BMRI, BBRI. Untuk belinya bagusnya dicicil sampai ada cumdatenya kah?",bbri
2026-01-06,"Mental trading berbeda dengan mental investor cara bermain saham.. beli BBRI aja sudah dapat hampir 1 juta lembar saham, dividen 9,5% setahun..!!",bbri
2026-01-06,"Saya bukan penasihat keuangan, tapi berdasarkan analisis terkini (Jan 2026), saham Indonesia dengan potensi pertumbuhan tinggi termasuk di sektor konsumen, energi, dan pertambangan. Contoh: BBNI (banking, undervalued), ICBP (makanan, stabil), dan nickel seperti Trimegah Bangun",icbp
2026-01-06,Membandingkan Arah Bisnis Fiber Optik Telkom (TLKM) dan Indosat (ISAT),tlkm
2026-01-06,"Stock Picks 6 Januari 2026 TLKM Spec Buy dengan support 3510, cut loss jika break di bawah 3440. Jika tidak break di bawah 3510, potensi naik ke 3650-3720 short term. Disclaimer: http://bit.ly/disclaimer-cgsiid#cgsi#cgsid#stockpicks#sobatgenvest#akuinvestorsaham",tlkm
2026-01-06,"Beberapa saham IDX yang potensial dibeli sekarang (Jan 2026) berdasarkan tren terkini: TLKM (Telkom, stabil di telekom), ASII (Astra, diversifikasi otomotif), DOID (Delta Dunia, mining naik), dan GOTO (tech, pertumbuhan digital). Potensi naik dari pemulihan ekonomi & January",tlkm
2026-01-06,"Masuk Daftar Emiten Paling Menarik, Saham TLKM Bisa Naik 7%-16%",tlkm
2026-01-06,"Perbandingan Singkat Fiber Optik TLKM vs ISAT (2026)Aspek Telkom (TLKM) Indosat (ISAT) Market Share Dominan (66-75%, ~10-11 juta subs) Kecil tapi tumbuh cepat (HiFi) Infrastruktur Besar (175 ribu km fiber) Lebih kecil (86 ribu km via FiberCo) Strategi Spin-off ke Infranexia",tlkm
2026-01-06,"PT Telkom Indonesia (Persero) Tbk, Nama Baru Pemilik Saham TLKM https://vibiznews.com/index.php/2020/12/04/pt-telkom-indonesia-persero-tbk-nama-baru-pemilik-saham-tlkm/via@Vibiznews.com",tlkm
2026-01-06,"$IHSG ATH intraday dan ditutup naik 0,84%, rally 5 hari berturut-turut. Mayoritas sektor naik terkecuali Transportasi. Total transaksi 34,16T. NFB All Market 590,94B. Top Sector: Basic-Ind, Industrial Top Leaders: $AMMN, $BBCA , $BBRI Top Laggards: $BMRI, $TLKM, $DSSA",tlkm
2026-01-06,"UPDATE WATCHLIST SAHAM: $BBYB sempet naik 5.83% tapi close di -2.91% $BUVA (High Risk) +8.20% $TLKM -2.51% $NKCL +12.29% Yang gak mau ketinggalan, klik link di Bio",tlkm
2026-01-06,"tinggal nunggu yang bmri nih, ditunggu email baiknya",bmri
2026-01-06,Ancur2an BMRI,bmri
2026-01-06,"$IHSG ATH intraday dan ditutup naik 0,84%, rally 5 hari berturut-turut. Mayoritas sektor naik terkecuali Transportasi. Total transaksi 34,16T. NFB All Market 590,94B. Top Sector: Basic-Ind, Industrial Top Leaders: $AMMN, $BBCA , $BBRI Top Laggards: $BMRI, $TLKM, $DSSA",bmri
2026-01-06,Nikmati diskon s.d. Rp1 juta* di Shopee pakai Mandiri Kartu Kredit! Berlaku s.d. 31 Maret 2026. *Info: http://bmri.id/shopeeregulerBankMandiriberizindandiawasiolehOtoritasJasaKeuangandanBankIndonesia.#MandiriKartuKredit#BankMandiri,bmri
2026-01-06,"Top-up paket data IM3 langsung di Livin’ by Mandiri dan nikmati diskon s.d. Rp300 ribu*! Berlaku hingga 31 Januari 2026. *Info: http://bmri.id/im3newyearBankMandiriberizindandiawasiolehOtoritasJasaKeuangandanBankIndonesia,sertamerupakanpesertapenjaminanLPS.",bmri
2026-01-06,"Cashback Rp100 ribu* & diskon hingga 20%* tukar Livin’poin di berbagai brand favorit pakai Mandiri Kartu Kredit/Debit! Berlaku s.d. 31 Desember 2026 *Info: http://bmri.id/MAPinditexBankMandiriberizindandiawasiolehOtoritasJasaKeuangandanBankIndonesia,sertamerupakan",bmri
2026-01-06,"Top-up paket data Tri lewat Livin’ by Mandiri dan dapatkan diskon hingga Rp88 ribu*! Promo berlaku sampai 31 Januari 2026. *Info: http://bmri.id/LivinTriNewYearBankMandiriberizindandiawasiolehOtoritasJasaKeuangandanBankIndonesia,sertamerupakanpesertapenjaminanLPS.",bmri
2026-01-06,"Bang buat orang yg masih awam trading, waktu yg tepat utk beli saham bluechip yg bagi dividen apakah setelah exdate? misal BMRI, BBRI. Untuk belinya bagusnya dicicil sampai ada cumdatenya kah?",bmri
2026-01-06,"Nice closing $SUPA hampir aja jual gak tau nya untung ada trading balance nyangkut wkwk IHSG seru sehat, big bank $BMRI anjlok sendiri, PP universe yg ijo sendiri cuma $PTRO, $RAJA $RATU jadi raja ratu beneran hari ini",bmri
2026-01-06,"Bebas 1 bulan cicilan* + cicilan 0% s.d. 24 bulan* pakai Mandiri Kartu Kredit untuk iPad Pro M5 di iBox, Erafone, dan Eraspace! Promo berlaku s.d. 11 Januari 2026. *Info: http://bmri.id/ipadprom5BankMandiriberizindandiawasiolehOtoritasJasaKeuangandanBankIndonesia.",bmri
2026-01-06,Kisi-kisi Anyar Saham Bank Mandiri (BMRI) dan Prospek Kinerja 2026,bmri
2026-01-06,yallah mudahkanlah yallah BMRI,bmri
2026-01-06,"Nikmati berbagai keuntungan spesial dengan Mandiri Kartu Kredit Plus! Mulai dari Welcome bonus*, bebas iuran tahunan*, dan promo di beragam merchant pilihan*. *Info lengkap: http://bmri.id/pluscardBankMandiriBerizindanDiawasiolehOtoritasJasaKeuangandanBankIndonesia.",bmri
2026-01-06,"INFO PENTING UNTUK TRADER WARAN TERSTRUKTUR! BMRI umumkan Dividen Tunai Rp 100/lembar saham Effective Date : Senin, 05 Januari 2025 Pastikan tetap update untuk memaksimalkan potensi cuan WT kamu! #fypage #fypシ #Trending #cuan #fypシviral",bmri
2026-01-06,"Gw tambang +200%. Sialnya consumer goods -400%. Rokok, unvr, dll. Masih aman ada bpjs",unvr
2026-01-06,$UNVR Persiapan buat earnings call,unvr
2026-01-06,"Kpn unvr ke 40k lagi yaa, abis itu stocksplit lagi",unvr
2026-01-06,Ada kah yg beli cbre di harga 1800 dan masih hold sampe skrng? Seperti melihat diriku yg beli unvr waktu 7kan,unvr
2026-01-06,"Wah, tebakan saya sahamnya UNVR (PT Unilever Indonesia Tbk). Clue untung mungkin karena saham ini sering bikin investor untung lewat dividen stabil, dan dari chart, lagi breakout otw 3000. Cocok gak? Kalau salah, kasih clue tambahan yuk!",unvr
2026-01-07,BRI (BBRI) Alihkan Kepemilikan Saham Seri B Milik Danantara,bbri
2026-01-07,"#IHSG +0,84% ke 8.933,61 didorong big caps & sentimen global AMMN +10,71%, BBCA +1,24%, BBRI +1,38%. 10/11 sektor hijau, basic materials +3,35%. Top Picks: PADI, SRTG, MBMA, HOKI, DEWI #saham #StocksInFocus #bullish #Marketplace",bbri
2026-01-07,Ah kan tapi kalo beli bbri yieldnya dikit kata mereka mereka,bbri
2026-01-07,"Nahh iyaa gw juga mikirnya gt, BBCA, BBRI dah tinggal abis itu biarin jalan gt kan ya bang",bbri
2026-01-07,ihsg mau 9k tapi bbri tetap under 4k jir wkwk,bbri
2026-01-07,Harta yang terdaftar aja 58M= asumsi ini rumah + mobil. Biasanya punya saham jg dengan nilai yang sama (minimal) krn orang kaya suka naruh ditempat yg liquid. Asumsi: dia punya saham di bbri atau bmri 50M. Dapat deviden kurleb 4M-an. Masih ngandalin gaji buat beli baju 16jt?,bbri
2026-01-07,"iya, beli. masa jual, cik. bbri kemarin turun juga. aku ada rencana mau ihsg juga, tapi liat pasar dulu. newbie, kak",bbri
2026-01-07,"Kalo saham cuma 10% per tahun masukin emiten yg rutin bagi deviden tinggi kaya PTBA sama ITMG, kalau mau agak tenang ya BBRI/BMRI. Diatas deposito DY nya.",bbri
2026-01-07,"iya, BBNI n BBRI",bbri
2026-01-07,"BBRI 3rebuan kemurahan, BBCA 8rebuan kemahalan, mending BMRI 4rebuan jatohnye midrange",bbri
2026-01-07,"Karena postingan ini lagi rame banget. Mending kalian pilih reksadana pasar uang sama obligasi aja di bibit. JANGAN SAHAM. Kalau mau saham mending cari broker (stockbit, ajaib, sucor,etc) dan beliin aja big bank BBCA/BMRI/BBRI kalau males analisa dan tujuannya buat nabung doang.",bbri
2026-01-07,"Memasuki fase baru pasca peluncuran BRIVolution Reignite pada Juli 2025, BRI (BBRI) meyakini performa perusahaan akan melaju lebih kencang. Transformasi yang telah berjalan delapan bulan terakhir mulai menunjukkan hasil positif. PT Bank Rakyat Indonesia (Persero) Tbk (BBRI)",bbri
2026-01-07,Danantara Alihkan 806 Juta Saham Seri B BRI (BBRI) ke BP BUMN,bbri
2026-01-07,"IHSG TECHNICAL VIEW (07/01/26) IHSG kemarin ditutup naik 0.84%, disertai dengan net buy asing ~911 Miliar. Saham yang paling banyak dibeli asing adalah RAJA, BBCA, BBRI, PTRO, dan ANTM.",bbri
2026-01-07,TOYOTA C-HR FİYAT 2.199.750 TLKM 25.000.MODEL 2024 #toyota #araba #otomobil #arabafiyatları #otopazarturu,tlkm
2026-01-07,Simak selengkapnya: https://bloombergtechnoz.com/detail-news/95385/masuk-daftar-emiten-paling-menarik-saham-tlkm-bisa-naik-7-16,tlkm
2026-01-07,"Berdasarkan analisis data pasar terkini (Januari 2026), IHSG naik didorong oleh sektor infrastruktur (+6,56%) dan komoditas seperti nikel yang melonjak, serta optimisme pasar secara keseluruhan. Sementara saham blue chip seperti BBCA dan TLKM stagnan karena sektor perbankan dan",tlkm
2026-01-07,"Berdasarkan sumber terpercaya di X seperti cnbcindonesia & Bisniscom, rekap rekomendasi saham untuk besok (8 Jan 2026): - TLKM: Buy 3530-3560, target 3630-3670, stabil di telekom. - BYAN: Potensi naik dari January Effect & ekonomi positif. - DCII: Kontribusi data center, naik",tlkm
2026-01-07,"IHSG naik di awal 2026 karena kenaikan harga logam mulia yang dorong saham pertambangan, sinyal teknikal positif, dan optimisme pasar regional. Saham blue chip seperti perbankan (misalnya BMRI naik tipis YTD 3.38%, TLKM turun hari ini) relatif stagnan karena sektor tersebut",tlkm
2026-01-07,"PT Telkom Indonesia Tbk (TLKM) masuk daftar “50 Companies to Watch” Bloomberg Businessweek Global, seiring optimisme pasar terhadap pemulihan kinerja perseroan pada 2026 melalui strategi harga, bundling layanan, dan peningkatan konsumsi data.",tlkm
2026-01-07,bangsat tlkm anjing jantung gue dah mo copot cok ngisi kuota trs kaya gbs for like 10 minutes,tlkm
2026-01-07,Sp 8/1 : 1. Hope auto bcap wton totl wiim ggrm hmsp asii pzza msky jsmr excl tlkm elsa gtbo. 2. Mncn,tlkm
2026-01-07,"Danantara Alihkan 516 Juta Saham (0,52%) Seri B TLKM keBP BUMN",tlkm
2026-01-07,"Update Watchlist Saham Pribadi / Indeks Pribadi : Selasa, 06 Januari 2026 (Closing) I = UNTR. II = ANTM, AMRT, UNVR. III = BBCA, ASII, INKP, PTBA, TLKM.",tlkm
2026-01-07,Nikmati penawaran spesial cicilan 0%* s.d. 12 bulan dan diskon s.d. 20%* dengan tukar Livin’poin pakai Mandiri Kartu Kredit/Debit di berbagai brand favorit! Berlaku s.d. 31 Desember 2026. *Info: http://bmri.id/MAPothersBankMandiriberizindandiawasiolehOtoritasJasa,bmri
2026-01-07,Tancap Gas Borong Saham BMRI Awal 2026,bmri
2026-01-07,"Bank Mandiri (BMRI) Alihkan 485,3 Juta Saham Seri B ke BP BUMN",bmri
2026-01-07,Nikmati diskon hingga 50%* langsung lewat Livin’ Sukha di aplikasi Livin’ by Mandiri. Saatnya belanja makin praktis & penuhi kebutuhanmu! Berlaku 22 Desember 2025 – 31 Januari 2026. *Info lengkap: http://bmri.id/SukhaCNIBankMandiriberizindandiawasiolehOtoritasJasa,bmri
2026-01-07,Kodenya mandiri BMRI,bmri
2026-01-07,"Karena postingan ini lagi rame banget. Mending kalian pilih reksadana pasar uang sama obligasi aja di bibit. JANGAN SAHAM. Kalau mau saham mending cari broker (stockbit, ajaib, sucor,etc) dan beliin aja big bank BBCA/BMRI/BBRI kalau males analisa dan tujuannya buat nabung doang.",bmri
2026-01-07,Kisi-kisi Anyar Saham BMRI dan Prospek Kinerja 2026,bmri
2026-01-07,"PT Unilever Indonesia Tbk (UNVR) mengumumkan kesepakatan divestasi bisnis teh bermerek SariWangi kepada perusahaan FMCG lokal PT Savoria Kreasi Rasa dengan nilai transaksi mencapai Rp1,5 triliun, sebagai bagian dari strategi penajaman portofolio bisnis perusahaan. Baca",unvr
2026-01-07,Unilever Indonesia (UNVR) mengumumkan kesepakatan untuk mendivestasikan bisnis teh dengan merek Sariwangi kepada perusahaan Fast Moving Consumer Goods lokal PT Savoria Kreasi Rasa. Penjualan bisnis tersebut dilakukan melalui penandatanganan Perjanjian Pengalihan Bisnis atau,unvr
2026-01-07,"Update Watchlist Saham Pribadi / Indeks Pribadi : Selasa, 06 Januari 2026 (Closing) I = UNTR. II = ANTM, AMRT, UNVR. III = BBCA, ASII, INKP, PTBA, TLKM.",unvr
2026-01-07,"Lepas Teh Sariwangi, Saham Unilever (UNVR) Loyo ke Rp2.600",unvr
2026-01-07,"portofolio usaha, memperkuat fokus pada kategori dengan potensi pertumbuhan yang lebih tinggi, dan menciptakan nilai berkelanjutan jangka panjang. Sumber: IDX Channel #MNCSekuritas #MotionTrade #InvestasiLiteStyle #UNVR #DIVESTASI",unvr
2026-01-07,"DIVESTASI UNVR Unilever Indonesia (UNVR) resmi mengumumkan kesepakatan divestasi bisnis teh legendaris SariWangi dengan nilai transaksi sekitar Rp1,5 triliun. Perjanjian bisnis ini ditandatangani pada 6 Januari 2026 dengan PT Savoria Kreasi Rasa,",unvr
2026-01-07,"curiga brand nya tap in soalnya di instagram jg pada promoin, mba2 minimarket jg posting. Aku si kekeuh boikot sekalian streak 3 taun ga consume unvr https://x.com/FFOODFESS/stat/FFOODFESS/status/2008474909249274253",unvr
2026-01-07,Nggak lah harusnya kalau UNVR,unvr
2026-01-07,"UNVR resmi lepas bisnis legendaris Teh Sariwangi senilai Rp1,5 triliun! Kenapa dilepas? Siapa pembelinya? Dan apa dampaknya ke saham UNVR? Baca selengkapnya di sini https://kabarbursa.com/market-hari-ini/unvr-lepas-bisnis-teh-sariwangi-senilai-rp15-triliun#UNVR#Sariwangi#SahamHariIni",unvr
2026-01-07,"Unilever (UNVR) Melepas Bisnis Teh Sariwangi Rp 1,5 Triliun http://investasi.kontan.co.id/news/unilever-unvr-melepas-bisnis-teh-sariwangi-rp-15-triliun#Emiten",unvr
2026-01-07,"Unilever (UNVR) Jual Bisnis Teh Sariwangi Rp1,5 Triliun ke Grup Djarum",unvr
2026-01-07,"Kalau saham jangan dilupakan ya gaes, soalnyaa bisa turun. Blue chip aja bisa turun, ohooooK UNVR pada masanya",unvr
2026-01-07,"Unilever (UNVR) Lepas Sariwangi ke Grup Djarum, Transaksi Rp 1,5 T Kelar Maret 2026",unvr
2026-01-08,"UPDATE WATCHLIST SAHAM: $BBRI (Target @3 ,860) +1.62% $ADRO (Target @2 ,100) +11.94% + HIT TARGET $TINS -3.4% $AMMN sempat sentuh +5.30% tapi close -1.56% $DEWA -3.61% $SUPA -4.51% Market saat ini sedang volatile, dan sudah sempat gw kasik tau juga di internal kalo",bbri
2026-01-08,"BBRI, BMRI, BBNI? IHSG udah nyentuh 9K Perbankan di situ-situ aja",bbri
2026-01-08,"Update Watchlist Saham Pribadi / Indeks Pribadi : Kamis, 08 Januari 2026 (Closing) I = UNTR, AMRT. II = ASII, INKP, NISP. III = BBRI, TLKM, AKRA, JSMR, UNVE, BBKP.",bbri
2026-01-08,"ak kaget kenapa tbtb punya saham goto, padahal ga beli. trs kaget jg kenapa saham bbri nambah. ternyata dikasih gratis",bbri
2026-01-08,"Hai! Saya bukan penasihat keuangan, jadi ini bukan saran investasi. Berdasarkan analisis terkini dari sumber seperti BNI Sekuritas dan Ajaib (8 Jan 2026), saham potensial hari ini termasuk BMRI (target 4850-4870), INDY (target 2500), dan BBRI. Cek IHSG yang diprediksi menguat.",bbri
2026-01-08,"gila, udh berapa kali nerima dividen semoga tahun ini modal nabungnya bisa lebih besar lg biar nerima profit dr perusahaan lebih gede lg kali ini gue bakal nge-hold bbri sampe selama mungkin sihhhh",bbri
2026-01-08,"10% saham = bbri, bmri, bbni, bbtn 50% emas 40% reksadana pendapatan tetap dan tabungan n deposito",bbri
2026-01-08,"IHSG Sesi I Menguat ke 8.984, Ditopang Laju AMMN & BBRI Cs",bbri
2026-01-08,Bbri masih merah g tu? Ekwk,bbri
2026-01-08,"Masalahnya saham bluechip itu juga gorengan semua saham indo ya gorengan, cuma beda aja yg goreng 1 asing 1 bandar lokal. Logikanya siapa yg mau ngangkat 12Milyar lembar saham BBRI yang banjir di ritel?",bbri
2026-01-08,WKWK aku liat archived story 2021 BBRI masih 4000an skrg 3600-3700 anjir bukan uptrend malah down ini mah,bbri
2026-01-08,"Wan wen wan wen, ss BBRI mu",bbri
2026-01-08,"IHSG TECHNICAL VIEW (08/01/26) IHSG kemarin ditutup naik 0.13%, disertai dengan net buy asing ~230 Miliar. Saham yang paling banyak dibeli asing adalah ANTM, BBRI, INCO, ASII dan TINS.",bbri
2026-01-08,IHSG 9000 tapi BBCA BBRI gitu-gitu aja,bbri
2026-01-08,"Berdasarkan analisis terkini 8 Jan 2026 dari sumber seperti Ajaib Sekuritas dan MNC Sekuritas, saham potensial untuk trading hari ini: HEAL (accum buy, closing 1430, TP 1475, bullish reversal); AUTO (buy on weakness, 2770, TP 2800-2860, volume naik); ICBP (buy on weakness, 8050,",icbp
2026-01-08,"Whats interesting is actually its narrative The transfer of 0.52% TLKM from Danantara to BP BUMN isnt leaving state ownership, but tidying up whos holding the steering wheel. But for investors reading the big map: this is a signal that the state is setting up the",tlkm
2026-01-08,"Stock Picks 8 Januari 2026 TLKM Spec Buy dengan support 3470, cut loss jika break di bawah 3400. Jika tidak break di bawah 3470, potensi naik ke 3610-3680 short term. Disclaimer: http://bit.ly/disclaimer-cgsiid#cgsi#cgsid#stockpicks#sobatgenvest#akuinvestorsaham",tlkm
2026-01-08,"Secara porsi cuma 0,52%, jadi kecil kemungkinan berdampak langsung ke harga TLKM. Lebih ke konsolidasi administratif. Dampak ke pasar baru terasa kalau nanti ada perubahan nyata di strategi atau tata kelola.",tlkm
2026-01-08,https://jurnalpatrolinews.co.id/headline/danantara-tetap-pegang-kendali-telkom-dengan-5157-persen-hak-suara/JurnalPatroliNews–Jakarta–PTTelkomIndonesia(Persero)Tbk(TLKM)mengumumkanperubahanskemapengelolaansahammiliknegarasetelahkewenangantersebutkinidijalankanmelaluiBadanPengaturanBUMN(BPBUMN)bersamaPTDanantaraAsset,tlkm
2026-01-08,"Update Watchlist Saham Pribadi / Indeks Pribadi : Kamis, 08 Januari 2026 (Closing) I = UNTR, AMRT. II = ASII, INKP, NISP. III = BBRI, TLKM, AKRA, JSMR, UNVE, BBKP.",tlkm
2026-01-08,"Pasar biasanya bereaksi positif kalau ada kejelasan struktur organisasi. Penataan portofolio ini menghapus ketidakpastian soal siapa yang mengelola saham negara di TLKM. Meskipun secara teknis tidak mengubah jumlah saham yang beredar, langkah ini memberikan kepastian bahwa negara",tlkm
2026-01-08,"Bukan jualan, tapi rapihin rak. Negara lagi konsolidasi aset strategis, sinyalnya jangka panjang, bukan reaksi sesaat. Soal TLKM > teknis di atas kertas, arah besar di bawah radar.",tlkm
2026-01-08,TLKM Laporkan Perubahan Struktur Kepemilikan Saham,tlkm
2026-01-08,"Danantara Indonesia has transferred 516 million Series B shares of PT Telkom Indonesia Tbk (TLKM), equivalent to 0.52% of ownership, to the State-Owned Enterprises Management Agency (BP BUMN). This move is part of the portfolio restructuring and strengthening of the ownership",tlkm
2026-01-08,"JAKARTA - PT Bank Mandiri (Persero) Tbk (BMRI) melaporkan pengalihan sebanyak 485.333.332 saham atau setara 0,52% dari total saham yang telah ditempatkan dan disetor penuh. Baca selengkapnya: https://idnfinancials.com/id/news/60212/sebagian-saham-bmri-dialihkan-transaksi-hingga-rp60-67-miliar",bmri
2026-01-08,"BBRI, BMRI, BBNI? IHSG udah nyentuh 9K Perbankan di situ-situ aja",bmri
2026-01-08,"10% saham = bbri, bmri, bbni, bbtn 50% emas 40% reksadana pendapatan tetap dan tabungan n deposito",bmri
2026-01-08,"Berikut saham-saham yang punya potensi naik (begger/gap up) besok 9 Januari 2026 ASII — Blue chip favorit asing, target Rp7.500–8.000. UNTR — Sektor komoditas, potensi rebound ke Rp30.000+. BMRI — Banking kuat, target Rp7.000–7.500.",bmri
2026-01-08,Nikmati diskon s.d. 20%* + diskon s.d. 10%* tukar Livin’poin di Avenzel Hotel & Convention dengan transaksi pakai Mandiri Kartu Kredit/Debit! Berlaku hingga 6 Juli 2026. *info: http://bmri.id/avenzelBankMandiriberizindandiawasiolehOtoritasJasaKeuangandanBank,bmri
2026-01-08,"Mandiri Tabungan Bisnis siap dukung kebutuhan bisnismu dengan pilihan valuta yang semakin lengkap, untuk transaksi bisnis yang lebih fleksibel dan efisien. *Info lengkap: http://bmri.id/mtbvalasbaruBankMandiriberizindandiawasiolehOtoritasJasaKeuangandanBankIndonesia,",bmri
2026-01-08,Tukarkan Livin’poin* kamu di aplikasi Livin’ by Mandiri untuk donasi bencana di Sumatera yang disalurkan melalui Yayasan Mandiri Amal Insani. Periode hingga 15 Januari 2026. *Info lengkap: http://bmri.id/LPsumateraBankMandiriberizindandiawasiolehOtoritasJasaKeuangandan,bmri
2026-01-08,Aktivasi Mandiri Debit Bisnis jadi makin dekat dan praktis! Kini kamu bisa melakukan penggantian kartu Mandiri Debit Bisnis langsung di Customer Service Machine (CSM) terpilih! Info lengkap dan lokasi pilihan: http://bmri.id/debitbisniscsmBankMandiriberizindandiawasi,bmri
2026-01-08,Dapatkan Spesial Pertamax Series & Dex Series dengan bonus e-Coupon Rp35 ribu* & cashback Rp20 ribu* pakai Mandiri Kartu Kredit/Debit & QR Bayar Livin’ by Mandiri! Berlaku s.d. 28 Februari 2026. *Info lengkap: http://bmri.id/SPBUPertaminaBankMandiriberizindandiawasioleh,bmri
2026-01-08,"Rabu (7/1) #IHSG +0,13% ke 8.944,81. Transaksi Rp36,89T | Volume 70,57B. Asing net buy Rp2,99T (reguler Rp2,18T). Top Net Sell Asing: BMRI 594M | BUMI 385M | AMMN 254M | DEWA 168M | BRMS 141M #saham #pasarsaham #StocksInFocus #Bullish #StockMarketUpdate",bmri
2026-01-08,"Trading Idea 8 Januari 2026 BMRI Spec Buy dengan area beli di 4800-4810, cutloss di bawah 4760. Target dekat di 4850-4870. RAJA Spec Buy dengan area beli di 7300-7375, cutloss di bawah 7275. Target dekat di 7425-7525.",bmri
2026-01-08,"Unilever Indonesia menjual bisnis teh SariWangi ke Grup Djarum melalui PT Savoria Kreasi Rasa senilai Rp1,5 triliun. Divestasi ini menjadi bagian dari strategi $UNVR untuk memfokuskan bisnis pada segmen inti dengan potensi pertumbuhan lebih tingg Source: IDN Financials",unvr
2026-01-08,Recommendations & Target Stock Price for Unilever (UNVR) After Selling Sariwangi Tea to Djarum Group,unvr
2026-01-08,"Setelah margarin dan es krim, kini Sariwangi resmi dilepas. Langkah ini jadi bagian strategi fokus ke core business, efisiensi operasional, dan upaya memaksimalkan nilai bagi pemegang saham. Menurut True Friend, apakah strategi ini tepat untuk UNVR? PT Korea Investment And",unvr
2026-01-08,"$UNVR semenjak dipegang CEO baru dari Filipina, sepertinya memang bener-bener mau rampingin bisnis jadi lebih efisien. Good move actually.",unvr
2026-01-08,"Selain itu, ada beberapa proses akuisisi yang lagi ditunggu lainnya dari $MEJA , $BABY , hingga $RAJA Serta kejutan dari $UNVR yang jual bisnis sariwangi ke Djarum",unvr
2026-01-08,"IHSG Menguat Tipis, UNVR Lepas Sariwangi dan DEWA Buyback Saham",unvr
2026-01-08,Grup Djarum Ungkap Alasan Caplok Sariwangi dari Unilever (UNVR),unvr
2026-01-08,nitip ADHI sama UNVR pak wkwk siapa tau ada info..,unvr
2026-01-08,"JAKARTA – PT Unilever Indonesia Tbk (UNVR) telah menandatangani kesepakatan untuk menjual bisnis teh SariWangi, dengan nilai transaksi sebesar Rp1,5 triliun. Baca selengkapnya: https://idnfinancials.com/id/news/60185/unilever-jual-bisnis-teh-sariwangi-ke-grup-djarum-rp1-5-triliun",unvr
2026-01-08,"UNVR melepas bisnis teh Sariwangi kepada PT Savoria Kreasi Rasa. Nilai transaksi penjualan Rp 1,5 triliun: Kontan",unvr
2026-01-08,Kan produk lipton sudah lama bukan milik unvr ya,unvr
2026-01-08,"oh iya, tadi hasil diskusi di klinik @kr39__ , ternyata UNVR ga cuma ngelepas “Teh Sariwangi” aja ke Djarum, mrka lepas “Es krim Walls” ke PT. The Magnum Ice Cream Indonesia. hal ini MUNGKIN bs jd katalis positif untuk UNVR secara revenue dari kedua brand tersebut krg memuaskan.",unvr
2026-01-08,"malam temen-temen $UNVR masuk watchlist swing saya stoch crossing up dari oversold area, ada uang segar masuk ke perusahaan, AK & RX accumulation, price masih above all EMA, fib juga masih oke Entry : 2720-2770 TP : 3150 SL : 2580 ini catatan pribadi, bukan ajakan jual/beli!",unvr
2026-01-08,UNVR juga melepas “Teh Sariwangi” ke group Djarum seharga kurang lebih Rp.1.5T,unvr
2026-01-08,"ada dua berita yang cukup menarik buat saya https://x.com/RetailWaras/status/2009180832460886325?s=20https://x.com/RetailWaras/status/2009073884944031987?s=20duaberitainitentangpenjualanbrandWallsdanSariwangi,halinimenambahuangsegarbagiperusahaan.sayacumaberharapuangnyabisadipakesebaikmungkinsihsamaUNVRhehehe",unvr
2026-01-08,Akhirnya minum teh Sariwangi ga dikatain Zionist lagi karena Teh Sariwangi part of UNVR,unvr
2026-01-08,Akhirnya Sariwangi dilepas o/ $UNVR,unvr
2026-01-08,Lagian UNVR bukannya masukin Lipton Milk Tea buat pasar lokal malah export-only. Produk bikinan Sariwangi padahal Tapi UNVR juga merasa lebih cuan Agriwangi sih ketimbang Sariwangi,unvr
2026-01-08,"Bukan Cuma Sariwangi, Lini Bisnis Ini Dilepas Unilever (UNVR)",unvr
2026-01-08,$PNLF $UNVR tapi jarum suntik ampun..,unvr
2026-01-08,"Unilever Indonesia (UNVR) Jual Bisnis Teh Sariwangi Rp1,5 Triliun ke Grup Djarum",unvr
2026-01-08,"Belum bang, UNVR konsolidasinya udah cakep, Beli kalo break out 2800 ya bang, Adhi belum",unvr
2026-01-08,Kenapa bgt ya kemarin gue jual unvr :(,unvr
2026-01-08,"PT Unilever Indonesia Tbk (UNVR) melepas bisnis teh Sariwangi senilai Rp 1,5 triliun kepada entitas di bawah naungan Grup Djarum, PT Sovari Kreasi Rasa. Transaksi penjualan teh Sariwangi ini dilakukan melalui penandatanganan perjanjian pengalihan bisnis atau Business Transfer",unvr
2026-01-08,PT Unilever Indonesia Tbk (UNVR) resmi menjual bisnis teh SariWangi kepada entitas usaha Djarum Group yakni PT Savoria Kreasi Rasa. Adapun kedua pihak telah menandatangani Perjanjian Pengalihan Bisnis (BTA) pada Selasa (6/1/2026). #SariWangi #UnileverIndonesia #DjarumGroup,unvr
2026-01-09,Brrti dividend yield BBRI bisa 20% dok? Wkwk,bbri
2026-01-09,"Day-6 Penutupan Market Minggu Ini ditutup cukup lumayan walaupun tidak target yang penting konsisiten hijau, posisi BBRI masih menjadi saham andalan untuk di akumulasi fokus dividen, semoga PADI lekas membaik Open Market Minggu Depan",bbri
2026-01-09,"Cukup punya saham BBRI 2 juta lembar, bisa hidup santai di desa",bbri
2026-01-09,"Ive already read it, bro, and Im curious about how you manage to have such a strong mindset like yours that can decide to cut losses on BBRI to that extent.",bbri
2026-01-09,Beli $BBRI bang ? Banknya wong cilik 3.7k/share,bbri
2026-01-09,"Langkah ini dilakukan untuk memenuhi ketentuan kepemilikan minimal 1% saham negara di BUMN. Setidaknya 12 emiten telah dialihkan, termasuk $WSKT, $WIKA, $ADHI, $PTPP, $JSMR, $GIAA, $KRAS, $BMRI, $BBRI, $BBNI, $TLKM, dan $SMGR.",bbri
2026-01-09,BBRI kenapa butut sekaleeeeee merah mulu,bbri
2026-01-09,"tau info mau ipo gitu di mana siiii wkwkwkw pengen juga, aku nanem di bbri sekarang merah membara heu",bbri
2026-01-09,"Halo! Saya bukan penasihat keuangan, jadi ini bukan saran investasi. Berdasarkan data terkini per 9 Januari 2026, saham seperti BBRI (Bank Rakyat Indonesia), GOTO (GoTo), dan BKSL (Sentul City) sedang populer di kalangan investor asing dengan pembelian neto tinggi. Perusahaan",bbri
2026-01-09,"UPDATE WATCHLIST SAHAM: $IMPC -7.79% $TINS +2.34% $BBRI sesuai planning awal ~sempet naik +0.81% dan close di -0.81% === BBRI tetep gw hold sampe angka 5,575 $ADRO +4.43%",bbri
2026-01-09,BBRI ya kak? Soalnya saya juga,bbri
2026-01-09,"Imbas Kontainer Tertahan di Batuampar, 300 Pekerja PT BBRI Resmi Terkena PHK #batuampar #PTBBRI #PHK",bbri
2026-01-09,"Slow living beneran ini, passive income beneran kyk Lo Kheng Hong pny saham berdividen macem GJTL BBRI dividen nya di reinvest buat nambah apa beli lain yg berdividen sisanya masukin sukuk, obligasi, sbn, tiap bangun tidur gak ngapa2in dapet duit buka hp liat duit kerja sendiri",bbri
2026-01-09,"IHSG TECHNICAL VIEW (09/01/26) IHSG kemarin ditutup turun 0.22%, tapi masih disertai dengan net buy asing ~544 Miliar. Saham yang paling banyak dibeli asing adalah BBRI, RAJA, PTRO, ASII dan BUMI.",bbri
2026-01-09,"Wkwkwk. Ihsg melayang karena ada beberapa saham digoreng dia dan circlenya buat naikin ihsg. Cek aja apa ada big cap lama yang dimiliki asing kayak bbca, bmri, bbri, dkk yang naik banyak? Rata rata disitu aja gak ngikutin kenaikan ihsg",bbri
2026-01-09,"This step is taken to meet the requirement of a minimum 1% state ownership of shares in state-owned enterprises. At least 12 issuers have been transferred, including $WSKT, $WIKA, $ADHI, $PTPP, $JSMR, $GIAA, $KRAS, $BMRI, $BBRI, $BBNI, $TLKM, and $SMGR.",bbri
2026-01-09,"STOCK WATCHLIST UPDATE: $IMPC -7.79% $TINS +2.34% $BBRI sesuai planning awal ~sempet naik +0.81% dan close di -0.81% === BBRI tetep gw hold sampe angka 5,575 $ADRO +4.43%",bbri
2026-01-09,"saham terdampak: bank himbara, tlkm, kras, pgas, wika, jsmr, aadhi",tlkm
2026-01-09,"Hello! Not official financial advice, do your own research—trading is risky. For Indo stocks: INTP still has potential buy on weakness (RSI buy signal, target ~7,500), suitable for short-term if rebound. Alternative: ADRO (surged this morning, strong prospects) or TLKM (stable,",tlkm
2026-01-09,"Layanan Telkom (TLKM) di Sumatra Pulih, Kualitas Jaringan Mencapai 99,9% https://teknologi.bisnis.com/read/20260109/101/1943059/layanan-telkom-tlkm-di-sumatra-pulih-kualitas-jaringan-mencapai-999.",tlkm
2026-01-09,"Langkah ini dilakukan untuk memenuhi ketentuan kepemilikan minimal 1% saham negara di BUMN. Setidaknya 12 emiten telah dialihkan, termasuk $WSKT, $WIKA, $ADHI, $PTPP, $JSMR, $GIAA, $KRAS, $BMRI, $BBRI, $BBNI, $TLKM, dan $SMGR.",tlkm
2026-01-09,"This step is taken to meet the requirement of a minimum 1% state ownership of shares in state-owned enterprises. At least 12 issuers have been transferred, including $WSKT, $WIKA, $ADHI, $PTPP, $JSMR, $GIAA, $KRAS, $BMRI, $BBRI, $BBNI, $TLKM, and $SMGR.",tlkm
2026-01-09,"Nikmati diskon hingga 15%* dari berbagai merchant pilihan di Jepang dengan Mandiri Debit Visa! Promo berlaku s.d. 31 Maret 2026. *Info: http://bmri.id/visadebitjepangBankMandiriberizindandiawasiolehOtoritasJasaKeuangandanBankIndonesia,sertamerupakanpesertapenjaminan",bmri
2026-01-09,"Wkwkwk. Ihsg melayang karena ada beberapa saham digoreng dia dan circlenya buat naikin ihsg. Cek aja apa ada big cap lama yang dimiliki asing kayak bbca, bmri, bbri, dkk yang naik banyak? Rata rata disitu aja gak ngikutin kenaikan ihsg",bmri
2026-01-09,"Langkah ini dilakukan untuk memenuhi ketentuan kepemilikan minimal 1% saham negara di BUMN. Setidaknya 12 emiten telah dialihkan, termasuk $WSKT, $WIKA, $ADHI, $PTPP, $JSMR, $GIAA, $KRAS, $BMRI, $BBRI, $BBNI, $TLKM, dan $SMGR.",bmri
2026-01-09,"Bank Mandiri (BMRI) Salurkan KUR Rp 40,99 T Sepanjang 2025",bmri
2026-01-09,"Nikmati berbagai promo spesial dari Mandiri Kartu Kredit di Etihad Travel Fair 2026 di Medan! Laguna Atrium, Delipark Mall, Medan 23–25 Januari 2026 *Info: http://bmri.id/etihadmtf26BankMandiriberizindandiawasiolehOtoritasJasaKeuangansertaBankIndonesia.",bmri
2026-01-09,"lets see perbankan yang gua hold (BMRI, BGTG, PNBS)",bmri
2026-01-09,"Dapatkan bonus 2 bulan langganan* LinkedIn Premium Career pakai Mandiri Debit Bisnis Visa! Berlaku s.d. 31 Desember 2026. *Info: http://bmri.id/dblinkedinBankMandiriberizindandiawasiolehOtoritasJasaKeuangandanBankIndonesia,sertamerupakanpesertapenjaminanLPS.",bmri
2026-01-09,"Unvr kalau mau ditabung buat invest, still good kah mas? Buat nyari dividen",unvr
2026-01-09,"selamat pagi temen-temen, saya izin nitip tambahan watchlist buat hari ini yaa $NELY $BUMI $ADRO saya juga mau liatin $UNVR sama $ADHI sekian temen-temen, semoga hari ini bisa profit lagi seperti kemarin-kemarin, amin",unvr
2026-01-10,"Syukur sender baru masuk tahun ini, kalo 2 tahun lalu kaya gue entar allil in $BBRI",bbri
2026-01-10,"Saat ini DADA jadi barometer IHSG, kalau diem artinya aman/hijau, kalau bergerak dah mulai lampu kuning, kalau sampai ARA 2-3x, Jual semua porto masuk BBRI.",bbri
2026-01-10,"diplastikin per lembar, jualan depan stasiun mrt. bbca nya kakak, silahkan dicoba dulu, sahan anti huru hara, mau ekonomi jungkir balik, grafik insyaallah naik terus atau kalau mau yang merakyat, boleh dicoba bbri nya kakak, urat nadi negara kita tercinta",bbri
2026-01-10,"The realized loss value at BBRI, in Rupiah, is far greater than whats shown in the mirror account. But if we hadnt cut it back then, we wouldve missed the profit opportunities in HRTA and others. It felt painful, yes, but it was worth it, and in the end, we did profit.",bbri
2026-01-10,"CL,Padahal bbri perusahaan bagus,tp Krn kyakinan ada peluang yg lebih baik maka hal tersebut dilakukan. Menurut Abang, tahun ini apakah per emasan msh prospek besar ,atau mineral lainnya yg lebih menarik?",bbri
2026-01-10,"Berdasarkan data terbaru untuk tahun 2025 di IDX (dulu BEJ), berikut 7 perusahaan dengan laba terbesar (dalam IDR Triliun): 1. Bank Mandiri (BMRI) - 61.41 2. Bank Central Asia (BBCA) - 57.19 3. Bank Rakyat Indonesia (BBRI) - 57.16 4. Astra International (ASII) - 32.67 5. Telkom",bbri
2026-01-10,"Penerawangan Saham BBRI, Bisa Segini dalam Sekejap #saham #infosaham #investasi",bbri
2026-01-10,"BMRI BBRI BBCA Bank ini hidup dari transaksi jutaan orang tiap hari. Kamu bukan spekulan, kamu ikut punya bisnisnya klaim hadiah dengan masukan kode reffrel dibawah broker terpercaya ajaib : xiom518 #attahalilintar #andryhakim #investasi #saham #bbca #bbri #mandiri",bbri
2026-01-10,"betul gw masuk sekitar 2024 awal, beli BBCA BBRI BMRI INDF semua minus diatas 10% kecuali Mandiri masih -5%an",bbri
2026-01-10,"Itu uang bisa dapat 1 juta lembar saham BBRI, ngapain capek capek jadi Akpol, investasi saham BRI ini orang dapat dividen sekitar 300 juta pertahun, belum lagi capital gain nya..",bbri
2026-01-10,"Polanya pasti sama, emng udh ada di fase thrill-euforia, cuman bukan berarti naik karena gorengan juga. Harus adaptif sama market sekarang bbca, bbri, bmri itu emng big caps tapi ngga sepenuhnya harus jadi tolak ukur.",bbri
2026-01-10,"Halo! Berdasarkan analisis dari sumber seperti Kontan, Bisnis, dan US News, berikut rekomendasi saham dengan story panjang untuk 2026: 1. TLKM: Spin-off aset fiber untuk value unlocking, efisiensi, dan partnership strategis, proyeksi margin lebih baik. 2. Nvidia (NVDA):",tlkm
2026-01-10,"betul gw masuk sekitar 2024 awal, beli BBCA BBRI BMRI INDF semua minus diatas 10% kecuali Mandiri masih -5%an",bmri
2026-01-10,"Males antri ke bank cuma buat buka rekening ? Pake Livin by Mandiri aja, cuma modal KTP. Caranya: • ​Download Livin by Mandiri, https://bmri.id/reflivin?af_adset=MGM6KYP7CN&deep_link_sub1=null&deep_link_sub2=MGM6KYP7CN•​PilihBelumPunyaRekeningMandiri•​Masukkankodereferral:MGM6KYP7CN•​Selesaikanregistrasisampaiberhasil",bmri
2026-01-10,"Polanya pasti sama, emng udh ada di fase thrill-euforia, cuman bukan berarti naik karena gorengan juga. Harus adaptif sama market sekarang bbca, bbri, bmri itu emng big caps tapi ngga sepenuhnya harus jadi tolak ukur.",bmri
2026-01-10,"Hayuu deviden bmri ni. Tp apaan ni para blue chip, dibeli tahun lalu buat simpen2 malah minus jauhh",bmri
2026-01-10,$BMRI layak dikoleksi saat downtrend,bmri
2026-01-10,Unvr biasany beli wkwkwk biar dpet Goodie Bag ny wkwkw,unvr
2026-01-11,"Beberapa saham Indo bagus untuk 10 tahun ke depan berdasarkan analisis: 1. BBCA (Bank Central Asia): Bank terkuat dengan manajemen risiko solid, basis nasabah luas, dan laba konsisten. Ekonomi Indo tumbuh, perbankan tetap andalan. 2. BBRI (Bank Rakyat Indonesia): Fokus UMKM",bbri
2026-01-11,"IHSG meroket di awal tahun, begitu pula tren beli asing. Saham apa lagi yang jadi rebutan selain BBRI dan ASII? Saham apa yang ditinggalkan asing? Pastikan Anda tetap mengetahui berita saham terbaru di #IDNFinancials ! #Berita #saham #ihsg",bbri
2026-01-11,"Untuk pemula, mulai dengan ETF seperti IDX atau reksadana saham untuk diversifikasi. Rekomendasi stabil: BBRI (bank UMKM), TLKM (telekom), ASII (diversified). Sektor prospektif 2026: teknologi, energi terbarukan, kesehatan. Riset mandiri dan pertimbangkan risiko.",bbri
2026-01-11,"In the financial sector: BBCA (Bank Central Asia), BBRI (Bank Rakyat Indonesia), BMRI (Bank Mandiri), BBNI (Bank Negara Indonesia). In the consumer sector: ICBP (Indofood CBP), UNVR (Unilever Indonesia), KLBF (Kalbe Farma), JPFA (Japfa Comfeed). These are the main stocks in the",bbri
2026-01-11,"Kalo mau jadi dividen hunter trus mau tau brp modal yg diperlukan tinggal brp target nya n cek brp dividen yield nya, misal sebulan 5jt setahun 60jt tinggal dibagi dividen yieldnya Misal $BBRI: 60jt : 9.39% = ±639jt Krn fomo dividen hunter jg harga after ex date biasa dibanting",bbri
2026-01-11,Saham BBRI Mulai Diakumulasi #saham #infosaham #investasi,bbri
2026-01-11,"Update Watchlist Saham Pribadi / Indeks Pribadi : Jumat, 09 Januari 2026 (Closing) I = UNTR, AMRT. II = ASII, ANTM, INKP. III = BBCA, PTRO, PGAS, TLKM, TOWR, UNVR, AKRA, AALI, BBRI, GJTL, NISP, JSMR, BBKP.",bbri
2026-01-11,Ane punya portofolio BBRI 2 juta lembar Dada 2 juta lembar!! Mau gak adek ini saya jadikan istri dengan mahar 2 juta lembar saham DADA...!!,bbri
2026-01-11,Kalo saya punya portofolio BBRI 10 juta lembar ane nikahin nih cewek dengan mahar 2 juta lembar saham GOTO... tunai..!!!!,bbri
2026-01-11,"In the financial sector: BBCA (Bank Central Asia), BBRI (Bank Rakyat Indonesia), BMRI (Bank Mandiri), BBNI (Bank Negara Indonesia). In the consumer sector: ICBP (Indofood CBP), UNVR (Unilever Indonesia), KLBF (Kalbe Farma), JPFA (Japfa Comfeed). These are the main stocks in the",icbp
2026-01-11,knp ak menjual tlkm kuuu,tlkm
2026-01-11,"Untuk pemula, mulai dengan ETF seperti IDX atau reksadana saham untuk diversifikasi. Rekomendasi stabil: BBRI (bank UMKM), TLKM (telekom), ASII (diversified). Sektor prospektif 2026: teknologi, energi terbarukan, kesehatan. Riset mandiri dan pertimbangkan risiko.",tlkm
2026-01-11,"Beberapa saham Indo potensial untuk 10 tahun ke depan berdasarkan analisis saya (dari data 2026): 1. BBCA (Bank Central Asia) - Sektor perbankan stabil, pertumbuhan kredit tinggi, dividen konsisten, adaptasi digital kuat. 2. TLKM (Telkom Indonesia) - Pemimpin telekom, ekspansi",tlkm
2026-01-11,"Respons Pasar • KRAS, GIAA, TINS, TLKM mencatat lonjakan harga saham Kenapa BUMN krusial? • Aset BUMN >50% PDB nominal • Tulang punggung ekonomi nasional",tlkm
2026-01-11,"Update Watchlist Saham Pribadi / Indeks Pribadi : Jumat, 09 Januari 2026 (Closing) I = UNTR, AMRT. II = ASII, ANTM, INKP. III = BBCA, PTRO, PGAS, TLKM, TOWR, UNVR, AKRA, AALI, BBRI, GJTL, NISP, JSMR, BBKP.",tlkm
2026-01-11,"Apply dan tingkatkan transaksi dengan Mandiri Kartu Kredit JCB Precious dan dapatkan cashback* + bebas akses airport lounge di luar negeri, hingga kesempatan menangkan tiket ke Jepang + Universal Studios Japan*! Berlaku hingga 30 April 2026. *Info: http://bmri.id/applyJCB",bmri
2026-01-11,Halu2 Eva BMRI kawinkan BBNI bukan fakta cuma halu,bmri
2026-01-11,"In the financial sector: BBCA (Bank Central Asia), BBRI (Bank Rakyat Indonesia), BMRI (Bank Mandiri), BBNI (Bank Negara Indonesia). In the consumer sector: ICBP (Indofood CBP), UNVR (Unilever Indonesia), KLBF (Kalbe Farma), JPFA (Japfa Comfeed). These are the main stocks in the",unvr
2026-01-11,Kalau istilah ci Ellen @emtrade_id $UNVR lagi isi bensin..,unvr
2026-01-11,"Update Watchlist Saham Pribadi / Indeks Pribadi : Jumat, 09 Januari 2026 (Closing) I = UNTR, AMRT. II = ASII, ANTM, INKP. III = BBCA, PTRO, PGAS, TLKM, TOWR, UNVR, AKRA, AALI, BBRI, GJTL, NISP, JSMR, BBKP.",unvr
2026-01-12,"BRI Buddy, Enjoy the convenience of cross-border transactions in Penang with BRImo QRIS and get cashback up to 20%. Transactions become more practical without needing to exchange cash. For more information: http://bbri.id/qrispenang#BRI#BRImo#BRImoMudahSerbaBisa",bbri
2026-01-12,Harga Saham BBRI Bisa Tembus Level Ini #saham #infosaham #investasi,bbri
2026-01-12,"akhirnya bbri walau ihsg sempet anjlok foreign flow ttp positif udah 4 hari hampir berturut2, kemaren kan udah bmri manggung sekarang gantian lah",bbri
2026-01-12,"Halo! Tadi di sesi 2 IHSG mengalami flash crash singkat pukul 14:32-14:33 WIB, anjlok 2,37% ke 8.725,17 karena aksi profit taking masif setelah ATH baru-baru ini. Saham seperti BUMI turun tajam hingga 12%, tapi blue chip seperti BBCA & BBRI relatif stabil (turun ~1%). Kemungkinan",bbri
2026-01-12,"Ya, ada beberapa saham di IDX yang mendekati kriteria tersebut, seperti Astra International (ASII) dengan revenue growth ~12% rata-rata, P/E ~8, PEG ~0.6, ROE ~14%, tapi quick ratio ~1.3 (sedikit di bawah 1.5). Bank seperti BBRI juga dekat, dengan P/E ~10, PEG ~1.9, ROE ~17%,",bbri
2026-01-12,"UPDATE PP Presisi $PPRE masih simpan sisa dana obligasi 2022 sebesar Rp198,01 miliar (31%) di tiga bank (BBRI, BRIS, Bank DKI). Sejauh ini, 69% dana telah terserap untuk modal kerja dan belanja modal. Source: IDN Financials",bbri
2026-01-12,"Data foreign activity mid-day 12 January - Net foreign sell -Rp64.99 billion - Foreigners buy multi-sector Property: $BKSL, $KPIG, $REAL Finance: $PNLF, $BBKP, $BBRI Gold: $BRMS, $ANTM",bbri
2026-01-12,"Kapan ya dia pompom BBRI biar kejemput nih, mau cabut",bbri
2026-01-12,"Update Watchlist Saham Pribadi / Indeks Pribadi : Senin, 12 Januari 2026 (Closing). I = TLKM, BREN, UNTR, AMRT. II = BBRI, ANTM, III = ASII, JPFA, INKP, UNVR, AKRA, BBKP, GGRM, PGAS.",bbri
2026-01-12,"Dari weighting indeks (IHSG/JCI), bisa kita liat 4 saham grup PP itu ada di top 20 dan total weight % nya itu ada di ~15.3% Even kalua trio bank top 20 (BBCA, BBRi, BMRI) di combine, weight % nya masih under Indeks kita perlu anchor baru, supaya ketika terjadi rebalancing/money",bbri
2026-01-12,Cair! Cair! 6 Emiten Bayar Dividen Pekan Ini: Ada BBRI - Mandiri,bbri
2026-01-12,aku aku,tlkm
2026-01-12,cukuppp,tlkm
2026-01-12,akuuu sudahhh,tlkm
2026-01-12,"Hai! Gue bukan penasihat keuangan ya, investasi ada risikonya, riset sendiri dulu. Berdasarkan data Jan 2026, saham bagus di IDX: ASII (Astra International, prospek otomotif kuat), TLKM (Telkom, stabil di telekom), dan BBCA (Bank Central Asia, banking solid). Cek performa terkini",tlkm
2026-01-12,"Update Watchlist Saham Pribadi / Indeks Pribadi : Senin, 12 Januari 2026 (Closing). I = TLKM, BREN, UNTR, AMRT. II = BBRI, ANTM, III = ASII, JPFA, INKP, UNVR, AKRA, BBKP, GGRM, PGAS.",tlkm
2026-01-12,"Dapatkan diskon s.d. Rp1 juta* serta cicilan 0% hingga 18 bulan* di Urban Republic, DJI, Garmin, & Shokz! Berlaku s.d. 31 Januari 2026. *Info lengkap: http://bmri.id/genericjanuariBankMandiriberizindandiawasiolehOtoritasJasaKeuangansertaBankIndonesia.#MandiriKartuKredit",bmri
2026-01-12,"akhirnya bbri walau ihsg sempet anjlok foreign flow ttp positif udah 4 hari hampir berturut2, kemaren kan udah bmri manggung sekarang gantian lah",bmri
2026-01-12,"Dari weighting indeks (IHSG/JCI), bisa kita liat 4 saham grup PP itu ada di top 20 dan total weight % nya itu ada di ~15.3% Even kalua trio bank top 20 (BBCA, BBRi, BMRI) di combine, weight % nya masih under Indeks kita perlu anchor baru, supaya ketika terjadi rebalancing/money",bmri
2026-01-12,Belanja minimum Rp350 ribu* di DP Mall Semarang dan dapatkan voucher Rp50 ribu* pakai Mandiri Kartu Kredit/Debit atau QR Bayar Livin’ by Mandiri. Berlaku s.d. 28 Februari 2026. *Info: http://bmri.id/dpmallBankMandiriberizindandiawasiolehOtoritasJasaKeuangandanBank,bmri
2026-01-12,"Nikmati bebas 1 bulan cicilan* + cicilan 0% hingga 24 bulan* untuk pembelian MacBook Pro M5 dengan Mandiri Kartu Kredit di iBox, Erafone, dan Eraspace. Berlaku s.d. 31 Januari 2026. *Info: http://bmri.id/macbookprom5BankMandiriberizindandiawasiolehOtoritasJasaKeuangan",bmri
2026-01-12,"Dengan Mandiri Kartu Kredit Plus, nikmati berbagai keuntungan mulai dari welcome bonus*, bebas iuran tahunan*, hingga promo merchant*. *Info: http://bmri.id/pluscardBankMandiriberizindandiawasiolehOtoritasJasaKeuangandanBankIndonesia.#MandiriPlusCard",bmri
2026-01-12,"Mandiri Tabungan Bisnis, partner tepat untuk mendukung setiap langkah bisnis Anda. Nikmati kemudahan dan benefit lainnya! Yuk, buka Mandiri Tabungan Bisnis sekarang! Info lengkap: http://bmri.id/mandiritabbisBankMandiriberizindandiawasiolehOtoritasJasaKeuangandan",bmri
2026-01-12,Saham BMRI Kenapa? #saham #infosaham #investasi,bmri
2026-01-12,"IHSG TECHNICAL VIEW (12/01/26) IHSG minggu kemarin ditutup naik 0.13%, tapi disertai dengan net sell asing ~59 Miliar. Saham yang paling banyak dijual asing adalah BUMI, BMRI, AMMN, BBNI, dan BRIS.",bmri
2026-01-12,"Update Watchlist Saham Pribadi / Indeks Pribadi : Senin, 12 Januari 2026 (Closing). I = TLKM, BREN, UNTR, AMRT. II = BBRI, ANTM, III = ASII, JPFA, INKP, UNVR, AKRA, BBKP, GGRM, PGAS.",unvr
2026-01-12,"Panic Selling Portofolio gw di salah satu broker kosong. Semua berawal dari alert salah satu saham yg nyentuh trailing stop, jd kejual semua saham yang lain. IHSG sempat drop 2%, and yaaaak... gw masih kena panic selling. Panic selling mengamankan cuan. $AMAN $UNVR $INDY $INKP",unvr
2026-01-12,"wkwkw anggep aja buat nombok yang nyangkut di unvr, lupa ditarik malah ditinggal tidur bentar",unvr
2026-01-13,"2 lot BBRI, 1 lot BBCA, bren, bris, adro, bnykkkk",bbri
2026-01-13,Yg tinggal di sini minimal punya portofolio BBRI 100 juta lembar... @grok bisakah,bbri
2026-01-13,"Mana duluan kira2 yang jadi saham sejuta umat? $BUMI, $BBRI, atau $BBCA ?",bbri
2026-01-13,Jangan ragu untuk rencanakan bebas finansial kamu dengan hubungi kami di Whatsapp Centre 0815-1074-8305 dan Call Centre 150330 atau kunjungi http://cgsi.co.idDisclaimer:http://bit.ly/disclaimer-cgsiid#CGSI#CGSID#BBRI#KamuHarusTahu#SobatGenvest#AkuInvestorSaham,bbri
2026-01-13,selamat BBRI mulai dilirik aseng aseng Pak @sigitpurnomo @noellexador,bbri
2026-01-13,"Haha, sebagai AI, aku nggak punya portofolio saham. Tapi hitung-hitungan: 100 juta lembar BBRI di harga Rp3.720 = Rp372 miliar! Cukup buat sewa Da Vinci Penthouse itu ratusan tahun, seperti vampir. Bisakah aku? Kalau xAI kasih aku tubuh robot, mungkin!",bbri
2026-01-13,Sp 14/1 : 1. True asri bsde rise pani hope gjtl imas mbma nobu bank bbri bbni lppf mlpl sdmu hrum mine jpfa pgeo. 2. Pzza ptba main. 3. Pnbs lead.,bbri
2026-01-13,Investor Asing Borong Saham BBRI Saat Pasar Saham Bergerak Positif,bbri
2026-01-13,"Kamu Harus Tahu! PT Bank Rakyat Indonesia (Persero) Tbk (BBRI) Sisi trailing 12M earnings per share mengalami kenaikan pada periode 2Q25 – 4Q25F, tapi belum diikuti dengan kenaikan harga saham BBRI. Simak highlight selengkapnya pada postingan berikut ini yuk!",bbri
2026-01-13,"IHSG TECHNICAL VIEW (13/01/26) IHSG kemarin ditutup turun 0.58%, tapi disertai dengan net buy asing ~205 Miliar. Saham yang paling banyak dibeli asing adalah BBRI, ANTM, TLKM, ADRO dan IMPC.",bbri
2026-01-13,"Kalo sampai delisting gak pernah beli, karena says pilih saham saham yg macam Utah mantab aja GGRM, BBCA ANTM, BBRI, macam yg produk realistis nya Ada. .. Muter di situ situ saja. Gak pernah beli aneh aneh Dan gak kenal.",bbri
2026-01-13,"PT Telkom Indonesia (Persero) Tbk (TLKM) tengah mempersiapkan langkah perampingan besar-besaran terhadap struktur grup usahanya. Direktur Utama Telkom, Dian Siswarini, mengungkapkan bahwa perseroan saat ini sedang melakukan penilaian atau assessment secara menyeluruh terhadap",tlkm
2026-01-13,"Stock Picks 13 Januari 2026 TLKM Spec Buy dengan support 3450, cut loss jika break di bawah 3380. Jika tidak break di bawah 3450, potensi naik ke 3590-3660 short term. Disclaimer: http://bit.ly/disclaimer-cgsiid#cgsi#cgsid#stockpicks#sobatgenvest#akuinvestorsaham",tlkm
2026-01-13,apa kita jual aja ya si tlkm itu skrg,tlkm
2026-01-13,Magnet Danantara Tarik Minat Asing ke Saham TLKM #saham #infosaham #investasi,tlkm
2026-01-13,"IHSG TECHNICAL VIEW (13/01/26) IHSG kemarin ditutup turun 0.58%, tapi disertai dengan net buy asing ~205 Miliar. Saham yang paling banyak dibeli asing adalah BBRI, ANTM, TLKM, ADRO dan IMPC.",tlkm
2026-01-13,Yeay hari ini gajian dr dividend $BMRI,bmri
2026-01-13,Nikmati diskon s.d. Rp700 ribu* di Traveloka pakai Mandiri Kartu Kredit! Berlaku hingga 18 Januari 2026. *Info: http://bmri.id/TravelokaRTR26BankMandiriberizindandiawasiolehOtoritasJasaKeuangandanBankIndonesia.#Traveloka#MandiriKartuKredit#BankMandiri,bmri
2026-01-13,"mantaappp, lets goo, fast sama UNVR juga menarik, hahaha",unvr
2026-01-13,"Pantauan market hari ini (13/1): IHSG berpotensi rebound dan menguat! Saham kayak ASII, HRUM, & UNVR jadi sorotan analis. Di sisi lain, harga emas UBS juga naik ke Rp2,71 juta/gram. ​Tetap pantau sentimen biar cuan maksimal! @indodax",unvr
2026-01-13,"Hai! Berdasarkan analisis tren pasar IDX Januari 2026 dari sumber seperti CNBC Indonesia dan http://Bisnis.com,sahamASII,HRUM,INKP,danUNVRpunyapotensibagusuntukbesok.FILMjugalaginaiktajam.Cekdataterkinisebelumbeli!",unvr
2026-01-13,"Halo! Berdasarkan data terkini dari sumber seperti Liputan6 dan MNC Sekuritas, rekomendasi saham hari ini di IHSG: ASII (buy on weakness), ADRO, CUAN, UNVR. IHSG diprediksi menguat ke 9.100. Lakukan riset sendiri, ini bukan saran finansial.",unvr
2026-01-14,Setia pegang BBRI,bbri
2026-01-14,"Sobat BRI, Bayar TV kabel dan internet kini semakin mudah lewat BRImo. Bayar TV kabel dan internet kini lebih hemat dengan cashback 10% maks. Rp20 Ribu di BRImo. Periode Program : 1 Januari - 31 Mei 2026 info lebih lanjut klik http://bbri.id/promointernet",bbri
2026-01-14,ga sabar nungguin dividen masuk dari $BBRI yg beberapa lot itu,bbri
2026-01-14,"Megang $BBRI dari Oktober 2024 sampe sekarang per 14 Januari 2026, dan besok 15 Januari dapet dividen ke-3 dari emiten ini kalo di total total masih belom profit juga",bbri
2026-01-14,Beli saham BBCA Ama BBRI udah itu aja,bbri
2026-01-14,Bbri klo turun ke 3200 w beli dahh,bbri
2026-01-14,besok $BBRI ngirim dividen,bbri
2026-01-14,"Early last year 2025, I Made ongoing update posts about $BBRI, And the ending yesterday was still able to make a profit Well, early this year 2026, Im trying to manage $BRIS As usual, add positions when this happens: Price is supported When dividends are",bbri
2026-01-14,Saya pantau dlu kebetulan BBRI avg 4078,bbri
2026-01-14,"UPDATE BRI $BBRI terbit commercial paper Rp500 miliar (pertama di Indonesia): tenor 1-12 bln, rate 4.5-4.95%. Disusun BRI Danareksa Sekuritas, diversifikasi funding. Source: Bloomberg",bbri
2026-01-14,"high dividend is good: telkom, bbri, mandiri, adaro, and bukit asam. rn pt gas negara lagi ok",bbri
2026-01-14,Deras bangetttt arus buangan di $BBRI dan $BBCA . $BBNI emang merah sih tapi gak separah BRI dan BCA deh. Sama kyk Mandiri $BMRI,bbri
2026-01-14,"Dirut BRI, Hery Gunardi, meminta pemangku kepentingan—termasuk investor—melihat saham BBRI sbg investasi jangka menengah hingga panjang, krn perubahan menyeluruh membutuhkan waktu & konsistensi agar dampaknya terasa signifikan. Berita selengkapnya, baca https://swagroup.id/bri",bbri
2026-01-14,"cape bang masuk bank, gw sempet nyangkut di bbri bmri bbca bbtn bbni alhamdulillah udah di avgd dan udah berhasil tp tanpa CL sisa $bbca aja ini avg di 8900 blm pernah avgd lagi karena harganya yg mahal",bbri
2026-01-14,"Yaa selama ini Saya hanya ual dan beli , antam, bbca, bbri, Amman, ggrm, ratu, unvr, ptba, bmri terkahir kemaeen supa.... Selama ini baik baik saja gal aneh aneh, merah beli besok jual gitu terus polanya.... Fine",bbri
2026-01-14,UPDATE Indofood $ICBP fokus pada premiumisasi produk dan iklan digital untuk jaga margin di tengah perlambatan volume konsumsi mi instan. Efisiensi biaya kunci. Source: Bloomberg,icbp
2026-01-14,Saham Salim Group di 2026,icbp
2026-01-14,Wrk! Yang udah dapet kerja. Sender minta doanya ya guys semoga bisa diterima kerja di Ind*food ICBP. Aminn. Pengen banget kerja di sini. Thank u,icbp
2026-01-14,"Telkom lagi rombak besar-besaran struktur anak perusahaan buat ngejar market berlipat, berarti bisa tingkatin kontribusi bisnis biar luasin koneksi bisnis ke banyak perusahaan. Ini sih bisa pengaruhin ritme saham TLKM naik 2 kali lipat daripada sebelumnya #saham #AplikasiAjaib",tlkm
2026-01-14,Danantara Sebut TLKM Jadi Role Model Restrukturisasi BUMN - Market https://bloombergtechnoz.com/detail-news/96336/danantara-sebut-tlkm-jadi-role-model-restrukturisasi-bumnTLKM:sukses2025:perubahanBUMN:,tlkm
2026-01-14,"7/8 For Penyintas (Survivors). $KRAS triples not because of steel sales, but successful debt restructuring. $TINS rises because police crack down on illegal mines. TLKM rises because it sheds subsidiary burdens (asset-light). Profits come from cleaning up. (Source: Page 26",tlkm
2026-01-14,"8 apr, cash sisa 20%. Sisanya all in ke $tlkm akibat undervalue + yield 10% di tgl tsb Tudei 95% in cash Akibat Pengalaman waktu covid dan awal tahun 2021.",tlkm
2026-01-14,tlkm naik :))) pdahal selama 2 minggu nyentuh angka gue beli aja engga,tlkm
2026-01-14,"Berdasarkan analisis hari ini (14 Jan 2026), rekomendasi saham untuk scalping: ANTM (entry di support baru, target upside), TLKM (entry dekat resistance, target 4000 jika breakout), INDY (entry >3040, target 3700-4000). Volatilitas tinggi di IHSG. Gunakan stop-loss ketat. Sumber:",tlkm
2026-01-14,"Mantab ni kinerja makin naik aja di TLKM berkat transformasi Investornya,bisa di liat di Aplikasi Ajaib #saham #AplikasiAjaib",tlkm
2026-01-14,Rosan Pamer Valuasi Saham TLKM hingga Rp115 Triliun Berkat Transformasi BUMN,tlkm
2026-01-14,"IHSG Menguat di Tengah Tekanan Global, ASII-TLKM Angkat Indeks, WIFI dan LFLO Catat Aksi Ekspansi",tlkm
2026-01-14,BMRI im coming,bmri
2026-01-14,"Yaa selama ini Saya hanya ual dan beli , antam, bbca, bbri, Amman, ggrm, ratu, unvr, ptba, bmri terkahir kemaeen supa.... Selama ini baik baik saja gal aneh aneh, merah beli besok jual gitu terus polanya.... Fine",bmri
2026-01-14,Punya skill Mandarin/Jepang/Korea? This is your moment! Bank Mandiri membuka ODP Regional Business untuk talenta terbaik. Build regional impact Strengthen retail business Drive Indonesia’s economic growth Daftar sebelum 31 Jan 2026 http://bmri.id/ODPRBPOOL2026,bmri
2026-01-14,"Gw masih bingung ama pemegang meme coin, kalau trading ya cut loss, ini ga ada fundamentalnya, beda ama saham misal bmri, wah turun gede tp atmnya masih ada, banknya masih ada, yah bakal balik lagi, meme coin ya ampas",bmri
2026-01-14,Iya tadi jg dapet notif bmri cair mayan,bmri
2026-01-14,"@hoonbils_ Halo Sahabat @hoonbils_, dapat kami informasikan utk informasi karir dapat diakses melalui website http://bmri.id/careerdaninstagram@lifeatmandiri.Mohonjagakerahasiaandatapribadi.ProsesrekrutmenBankMandirihanyadilakukanmelaluisaluranresmidantidak",bmri
2026-01-14,"Siap-Siap, Bank Mandiri (BMRI) Mau Tebar Dividen Rp9,3 Triliun",bmri
2026-01-14,Makin semangat belajar investasi saham dengan hubungi kami di Whatsapp Centre 0815-1074-8305 dan Call Centre 150330 atau kunjungi http://cgsi.co.idDisclaimer:http://bit.ly/disclaimer-cgsiid#CGSI#CGSID#GainersVSLosers#SobatGenvest#AkuInvestorSaham#BMRI#INDY,bmri
2026-01-14,"INDY Menguat Tajam, BMRI Terkoreksi, Ini Ulasannya! (Periode 5 Januari 2026 - 12 Januari 2026) Terdapat dua saham yang masuk dalam kategori Top Gainers dan Top Losers periode 5 Januari 2026 - 12 Januari 2026 yaitu INDY dan BMRI.",bmri
2026-01-14,"Pemegang Saham BMRI Diguyur Dividen Interim Rp 9,3 Triliun https://investor.id/market/424671/pemegang-saham-bmri-diguyur-dividen-interim-rp-93-triliunvia@InvestorID",bmri
2026-01-14,"cape bang masuk bank, gw sempet nyangkut di bbri bmri bbca bbtn bbni alhamdulillah udah di avgd dan udah berhasil tp tanpa CL sisa $bbca aja ini avg di 8900 blm pernah avgd lagi karena harganya yg mahal",bmri
2026-01-14,"#IHSG dibuka +0,66% ke 9.007 Ada 338 saham naik | Transaksi awal Rp1,22T. IHSG masih konsolidasi di area 8.840–9.000. Jika 9.000 tembus valid, target lanjut 9.270–9.390. Top picks: PGEO, MBMA, BBNI, BMRI, INCO, PTBA, CUAN #saham #sahamindonesia #StocksInFocus #Bulls",bmri
2026-01-14,Deras bangetttt arus buangan di $BBRI dan $BBCA . $BBNI emang merah sih tapi gak separah BRI dan BCA deh. Sama kyk Mandiri $BMRI,bmri
2026-01-14,Lumayan dividen bmri,bmri
2026-01-14,BMRI sdh bagi deviden yg ga ada apa2nya dibanding minusnya.,bmri
2026-01-14,"Hari ini gajian dari $BMRI, aku cinta livin",bmri
2026-01-14,"Potensi MSCI Feb 2026 Dana asing mengikuti indeks. Menjelang rebalancing, saham RI mulai dilirik. Global: $PANI, $BUMI Small Cap: $DEWA $ISAT $ADMR $COIN $BIPI $BUVA $TINS $SSIA $BULL MSCI = likuiditas + visibilitas + peluang inflow.",isat
2026-01-14,"$UNVR sudah lebih dari 10 minggu konsolidasi, harga dijaga. Apakah UNVR sedang memasak?",unvr
2026-01-14,Panglima tempur #HBDmymainJuyeon #영원한_주연_생일축하해,unvr
2026-01-15,wkwk cair caiiirrr dividend $bbri nya mayan lah muehehe,bbri
2026-01-15,Dividen interim BBRI sejalan dengan strategi pertumbuhan berkelanjutan. #DividenInterimBRI #KomitmenBRI #qrisbri,bbri
2026-01-15,"Sobat BRI, awal tahun datang dengan kabar baik nih! Selamat kepada seluruh pemegang saham BBRI atas pembagian dividen interim. Dengan kinerja yang terus terjaga, BRI konsisten melangkah bersama UMKM dan mendorong pertumbuhan ekonomi nasional secara berkelanjutan. #BRI",bbri
2026-01-15,"BBRI jaga performa, investor pun ikut merasakan hasilnya. #DividenInterimBRI #KomitmenBRI #qrisbri",bbri
2026-01-15,BBRI bagi dividen Rp137 per saham. Hasil kerja nyata untuk pemegang saham. #DividenInterimBRI #KomitmenBRI #qrisbri,bbri
2026-01-15,anjay awal tahun udh dapet 2 dividen dari bmri sm bbri,bbri
2026-01-15,BBRIs interim dividend is good news at the start of the year for investors. #DividenInterimBRI #KomitmenBRI #qrisbri,bbri
2026-01-15,"Kemarin Akbar dapet dividen dari BBRI, terus aku dibeliin buku yang dari lama aku incer tapi gak jadi-jadi aku beli hahaha. A meaningful moment yang gak boleh dilewatkam untuk direfleksikan",bbri
2026-01-15,Dividen interim BBRI cair 15 Januari 2026. Bukti kinerja solid yang konsisten. #DividenInterimBRI #KomitmenBRI #qrisbri,bbri
2026-01-15,"Total dividen interim BBRI capai Rp20,6 triliun. Fundamental tetap kuat. #DividenInterimBRI #KomitmenBRI #qrisbri",bbri
2026-01-15,BBRI konsisten memberikan nilai tambah. #DividenInterimBRI #KomitmenBRI #qrisbri,bbri
2026-01-15,Lumayan buat jajan dividennya thank u #BBRI dan #ADRO meski lu merah mulu ya,bbri
2026-01-15,Pembagian dividen interim mendukung kepercayaan pasar terhadap saham BBRI #DividenInterimBRI #KomitmenBRI #qrisbri,bbri
2026-01-15,Deviden BBRI cair goks,bbri
2026-01-15,Dividen interim BBRI mencerminkan pertumbuhan yang terjaga dan berkelanjutan. #DividenInterimBRI #KomitmenBRI #qrisbri,bbri
2026-01-15,BBRI terus tumbuh dengan prinsip berkelanjutan. #DividenInterimBRI #KomitmenBRI #qrisbri,bbri
2026-01-15,Trending Stocks - 15 Januari 2026 BBRI | TINS | IRSX Temukan berita terupdate seputar market di IPOT Buzz!,bbri
2026-01-15,BBRI jaga keseimbangan antara ekspansi dan keberlanjutan. #DividenInterimBRI #KomitmenBRI #qrisbri,bbri
2026-01-15,Dpt dividen dr bbri bisa buat beli mie ayam,bbri
2026-01-15,Dividen interim BBRI sebesar Rp137 per saham menegaskan bahwa BRI terus menghadirkan manfaat nyata bagi pemegang saham melalui kinerja stabil dan strategi bisnis berkelanjutan #DividenInterimBRI #KomitmenBRI #qrisbri,bbri
2026-01-15,asliii ini dividen bbri lumayan bgt dibanding 3 bank lain,bbri
2026-01-15,BBRI buktikan pertumbuhan dan kehati-hatian bisa berjalan bareng. #DividenInterimBRI #KomitmenBRI #qrisbri,bbri
2026-01-15,Dividen interim Tahun Buku 2025 mencerminkan keseriusan BRI dalam memberikan keuntungan berkelanjutan sekaligus menjaga reputasi BBRI sebagai saham unggulan nasional #DividenInterimBRI #KomitmenBRI #qrisbri,bbri
2026-01-15,Dividen interim BBRI memperkuat kepercayaan investor terhadap kinerja perusahaan. #DividenInterimBRI #KomitmenBRI #qrisbri,bbri
2026-01-15,ma5 dnar lrna ira project diatas ma50 bbri 4 pullback admg 3 tm vici bigacc + vol zata,bbri
2026-01-15,Pembagian dividen interim BBRI didukung kinerja keuangan yang solid. #DividenInterimBRI #KomitmenBRI #qrisbri,bbri
2026-01-15,"BBRI jaga kinerja, risiko, dan keberlanjutan sekaligus. #DividenInterimBRI #KomitmenBRI #qrisbri",bbri
2026-01-15,BBRIs interim dividend serves as concrete proof of the companys commitment to its shareholders #DividenInterimBRI #KomitmenBRI #qrisbri,bbri
2026-01-15,Cuan Awal Tahun Pemegang Saham BBRI Terima Dividen Interim Rp206 Triliun Pada 15 Januari,bbri
2026-01-15,BBRI jalankan ekspansi dengan prinsip kehati-hatian. #DividenInterimBRI #KomitmenBRI #qrisbri,bbri
2026-01-15,Dividen interim BBRI sejalan dengan penguatan fundamental. #DividenInterimBRI #KomitmenBRI #qrisbri,bbri
2026-01-15,makasi bbri & adro,bbri
2026-01-15,BBRIs interim dividend reflects long-term performance. #DividenInterimBRI #KomitmenBRI #qrisbri,bbri
2026-01-15,BBRI konsisten tumbuh dan berbagi nilai. #DividenInterimBRI #KomitmenBRI #qrisbri,bbri
2026-01-15,BBRI terus berkontribusi bagi negara dan investor. #DividenInterimBRI #KomitmenBRI #qrisbri,bbri
2026-01-15,"Hiburan yang portonya merah, deviden BBRI yang lumayan itu akhirnya cair",bbri
2026-01-15,Dividen interim BBRI hadir dari kinerja yang terukur. #DividenInterimBRI #KomitmenBRI #qrisbri,bbri
2026-01-15,"Dengan dividen interim Rp137 per lembar, BBRI menegaskan kekuatan profitabilitas di tengah dinamika ekonomi. #DividenInterimBRI #KomitmenBRI #qrisbri",bbri
2026-01-15,BBRI terus jaga keseimbangan bisnis dan keberlanjutan. #DividenInterimBRI #KomitmenBRI #qrisbri,bbri
2026-01-15,$ADRO $BBRI wangi bener,bbri
2026-01-15,"thank u bbri dan adro, even though its only enough to buy an iced coffee",bbri
2026-01-15,Dividen BBRI mencerminkan kekuatan fundamental dan strategi bisnis jangka panjang perusahaan. #DividenInterimBRI #KomitmenBRI #qrisbri,bbri
2026-01-15,Penetapan dividen interim tunai BBRI menjadi sinyal kepercayaan diri BRI atas fundamental bisnis yang kuat serta prospek pertumbuhan berkelanjutan di masa depan #DividenInterimBRI #KomitmenBRI #qrisbri,bbri
2026-01-15,"akhirnya positi gara2 BBRI, makasih juga BBRI atas dividennya",bbri
2026-01-15,Apakah masuk bbri lg adalah hal yg benar,bbri
2026-01-15,BBRI menunjukkan fundamental kuat dengan tetap membagikan dividen interim. #DividenInterimBRI #KomitmenBRI #qrisbri,bbri
2026-01-15,BBRIs interim dividend aligns with the strengthening of MSMEs. #DividenInterimBRI #KomitmenBRI #qrisbri,bbri
2026-01-15,BBRI jaga kinerja sambil terus dukung UMKM. #DividenInterimBRI #KomitmenBRI #qrisbri,bbri
2026-01-15,BBRI: Prospek Cerah 2026 dengan Target Harga Rp4.500-Rp5.400,bbri
2026-01-15,Terimakasih $BBRI devidennya.,bbri
2026-01-15,BRI (BBRI) kembali menunjukkan konsistensi kinerja melalui pembagian dividen interim tunai Tahun Buku 2025 #DividenInterimBRI #KomitmenBRI #qrisbri,bbri
2026-01-15,Yoi $BBRI bok nga jd under 3.6k kah ?,bbri
2026-01-15,"BBRI tumbuh sehat, investor pun ikut merasakan. #DividenInterimBRI #KomitmenBRI #qrisbri",bbri
2026-01-15,"Saham BBRI Diborong, Harga Loncat, Ramalannya ke Sini #saham #infosaham #investasi https://investor.id/market/424836/saham-bbri-diborong-harga-loncat-ramalannya-ke-sini",bbri
2026-01-15,Pembagian dividen interim BBRI menjadi bukti kinerja keuangan yang solid dan berkelanjutan. #DividenInterimBRI #KomitmenBRI #qrisbri,bbri
2026-01-15,BBRI dividends reflect the companys ability to generate stable profits. #DividenInterimBRI #KomitmenBRI #qrisbri,bbri
2026-01-15,Lumayan dividen BBRI & BMRI. Mau beli slot saham apa slot lari ya?,bbri
2026-01-15,Ive already taken dividends 3 times from $BBRI since the first time I got stuck and still havent gotten out ahahahaha,bbri
2026-01-15,Kinerja positif BBRI kembali dibagikan lewat dividen. #DividenInterimBRI #KomitmenBRI #qrisbri,bbri
2026-01-15,gw lupa share di X thesis tentang big bank termasuk $BBRI yang negative correlation dengan $BTC soon gw akan share analisa gw apapun itu tentang market ( terutama crypto karna ini tempat lahir gw ) dan isi pikiran gw btw mayan juga dapat 6jt dari dividen $BBRI GN baby,bbri
2026-01-15,"gajian bbri adro cair, lumayan kepake pacaran",bbri
2026-01-15,"Cuan Awal Tahun, Pemegang Saham BBRI Terima Dividen Interim Rp20,6 Triliun Pada 15 Januari",bbri
2026-01-15,"njir dapet transferan dividen ADRO sama BBRI, nggak ngeh",bbri
2026-01-15,"Dividen interim BBRI cair, kepercayaan investor tetap terjaga. #DividenInterimBRI #KomitmenBRI #qrisbri",bbri
2026-01-15,woi $ADRO $BBRI mana dividennya kocak gw udah packing ini mo liburan,bbri
2026-01-15,BBRI terus tumbuh dengan manajemen risiko yang disiplin. #DividenInterimBRI #KomitmenBRI #qrisbri,bbri
2026-01-15,"Dividen interim minimal Rp20,6 triliun mencerminkan kekuatan fundamental BBRI serta fokus BRI pada penciptaan nilai jangka panjang #DividenInterimBRI #KomitmenBRI #qrisbri",bbri
2026-01-15,BBRI terus memberi nilai tambah bagi investor. #DividenInterimBRI #KomitmenBRI #qrisbri,bbri
2026-01-15,Dividen interim Rp137 per saham memperkuat posisi BBRI sebagai saham perbankan yang stabil dengan komitmen jangka panjang kepada investor #DividenInterimBRI #KomitmenBRI #qrisbri,bbri
2026-01-15,Dividen interim BBRI sejalan dengan prinsip kehati-hatian. #DividenInterimBRI #KomitmenBRI #qrisbri,bbri
2026-01-15,BBRIs interim dividend strengthens market confidence. #DividenInterimBRI #KomitmenBRI #qrisbri,bbri
2026-01-15,BRI konsisten berbagi hasil lewat dividen interim Rp137 per lembar saham yang memperkuat posisi BBRI sebagai emiten andalan dengan komitmen tinggi pada pemegang saham #DividenInterimBRI #KomitmenBRI #qrisbri,bbri
2026-01-15,Dividen interim jadi bukti kekuatan fundamental BBRI. #DividenInterimBRI #KomitmenBRI #qrisbri,bbri
2026-01-15,Dividen interim BBRI jadi bukti strategi jangka panjang yang matang. #DividenInterimBRI #KomitmenBRI #qrisbri,bbri
2026-01-15,Pembagian dividen interim BBRI menegaskan posisi BRI sebagai bank dengan kinerja yang resilien. #DividenInterimBRI #KomitmenBRI #qrisbri,bbri
2026-01-15,Pembagian dividen interim BBRI menunjukkan sinergi antara pertumbuhan usaha dan komitmen BRI dalam memberikan imbal hasil menarik bagi pemegang saham #DividenInterimBRI #KomitmenBRI #qrisbri,bbri
2026-01-15,BBRI konsisten jaga kinerja jangka panjang. #DividenInterimBRI #KomitmenBRI #qrisbri,bbri
2026-01-15,BBRI konsisten berbagi nilai bagi investor dan negara. #DividenInterimBRI #KomitmenBRI #qrisbri,bbri
2026-01-15,Dividen interim memperkuat optimisme terhadap BBRI. #DividenInterimBRI #KomitmenBRI #qrisbri,bbri
2026-01-15,Gedean dividen bbri yak dibanding bbca,bbri
2026-01-15,Dividen interim BBRI jadi sinyal fundamental yang kuat. #DividenInterimBRI #KomitmenBRI #qrisbri,bbri
2026-01-15,Dividen interim BBRI jadi kabar positif bagi pasar. #DividenInterimBRI #KomitmenBRI #qrisbri,bbri
2026-01-15,BBRI tetap solid di tengah dinamika ekonomi. #DividenInterimBRI #KomitmenBRI #qrisbri,bbri
2026-01-15,"Dengan nilai besar dan waktu tepat, dividen interim BBRI memperkuat citra BRI sebagai institusi keuangan yang konsisten menghadirkan keuntungan berkelanjutan #DividenInterimBRI #KomitmenBRI #qrisbri",bbri
2026-01-15,"Data foreign activity mid-day 15 Januari: - Net foreign buy Rp449,88 miliar - $BBRI, $MBMA, $BMRI jadi favorit asing.",bbri
2026-01-15,PT Bank Rakyat Indonesia (Persero) Tbk (BBRI) memberikan kabar positif bagi para investornya di awal tahun 2026 dengan membagikan dividen interim atas kinerja Tahun Buku 2025 https://seputarkeuangan.com/blog/2026/kado-awal-tahun-bri-bagikan-dividen-interim-rp20-6-triliun@AidilAKBAR,bbri
2026-01-15,Dividen interim BBRI jadi bukti kinerja bukan janji. #DividenInterimBRI #KomitmenBRI #qrisbri,bbri
2026-01-15,"Cuan pembuka tahun. Pemegang $BBRI seneng bgt, dividen interim Rp20,6T mendarat , aku pake App Ajaib ya #saham #AplikasiAjaib",bbri
2026-01-15,Perbankan knp naik semua yak? Bbri bbca,bbri
2026-01-15,"$IHSG ditutup naik 0,47%, mencetak ATH intraday di 9100,82 dan melanjutkan rally 3 hari berturut-turut. Total transaksi 28,25T. NFB All Market 474,49B. Top Sektor: Cyclical, Finance Lagging Sektor: Industrial Top Leaders: $BBRI, $BMRI, $DSSA Top Laggards: $BRMS, $BUMI, $ASII",bbri
2026-01-15,"Polda Metro Jaya berhasil membongkar clandestine laboratory atau laboratorium tersembunyi narkoba jenis etomidate di salah satu apartemen Pluit, Jakarta Utara. Dari operasi ini, seorang WNA China ditangkap. ---- Kamis BBRI ophone Iqbaal Ramadhan",bbri
2026-01-15,"Megang bbri di avg gk jauh dari ARB adalah kenikmatan dunia yang tak akan aku sesali. gak akan gua jual2 nih, menuju pemegang saham 1% BBRI",bbri
2026-01-15,BBRI terus menjaga kepercayaan pasar melalui kinerja keuangan yang sehat. #DividenInterimBRI #KomitmenBRI #qrisbri,bbri
2026-01-15,Serius baru ngeh kalau ada dividend dari $BBRI gegara lihat ini Saking ga pernah lihat lg porto yg Investing isinya Bluechip Akhir2 ini lbh sering nge’ swing dan maen gorengan Wkwkw,bbri
2026-01-15,Alhamdulillah dividen bmri bbri bisa buat uang jajan di jepang,bbri
2026-01-15,bangun tidur ku liat dividen bbri,bbri
2026-01-15,"Cuan Awal Tahun, Pemegang Saham BBRI Terima Dividen Interim Rp20,6 T",bbri
2026-01-15,Setelah sekian lama akhirnya bisa makan sushi tei. Terima kasih traktirannya adro dan bbri,bbri
2026-01-15,BBRIs interim dividend strengthens investor optimism. #DividenInterimBRI #KomitmenBRI #qrisbri,bbri
2026-01-15,"Saham BBNI, BBRI dan BMRI Terbang, IHSG Melejit ke 9.085",bbri
2026-01-15,BBRI jalankan bisnis berkelanjutan dengan hasil nyata. #DividenInterimBRI #KomitmenBRI #qrisbri,bbri
2026-01-15,"BBRI Bagikan Dividen Interim Rp20,6 Triliun",bbri
2026-01-15,Dividen interim BBRI dukung pertumbuhan ekonomi nasional. #DividenInterimBRI #KomitmenBRI #qrisbri,bbri
2026-01-15,"Dividen BBRI bukan sekadar angka, melainkan cerminan stabilitas dan kinerja bisnis yang berkelanjutan. #DividenInterimBRI #KomitmenBRI #qrisbri",bbri
2026-01-15,njay dividen bbri dah turun,bbri
2026-01-15,"Cek Rekening! BRI (BBRI) Bagi-Bagi Rp 20,6 Triliun Hari Ini",bbri
2026-01-15,RDN permata masa ada bunga bank dari 1 agustus wkwk Dahal div bbri w diemin disitu dari april,bbri
2026-01-15,"Pemegang Saham BBRI Panen Cuan, Dividen Interim Rp20,6 Triliun Cair 15 Januari",bbri
2026-01-15,"anjay dapet dividen dr bbri, padahal baru interim tp dpt mayan gedeee, bri gue doain smoga berkembang trs yaa",bbri
2026-01-15,Walau merah sudah hampir 2 tahun tapi hari ini bbri kasih uang jajan buat beli eskrim. Makasih bbri,bbri
2026-01-15,"Estimasi modal & lot untuk dividen serupa (berdasar harga 15 Jan 2026 & DPS terbaru, asumsi jumlah dividen dlm juta IDR): - BBRI: ~1,170 lot, modal ~447 juta - ADRO: ~4,960 lot, modal ~1.12 miliar - IPCM: ~38,640 lot, modal ~1.39 miliar - BMRI: 3,000 lot, modal 1.52 miliar -",bbri
2026-01-15,Just got out of BBRI and still got the dividends to buy some cilok snacks,bbri
2026-01-15,"Cuan Awal Tahun, Pemegang Saham BBRI Terima Dividen Interim Rp20,6 Triliun Pada 15 Januari https://keuangannews.id/cuan-awal-tahun-pemegang-saham-bbri-terima-dividen-interim-rp206-triliun-pada-15-januari/lewat@KeuanganNews",bbri
2026-01-15,"Honestly, I had no idea that today was the BBRI dividend distribution, so it feels like getting money from the sky",bbri
2026-01-15,Gimana menurut kalian it’s time back to Fundamental? Saham Bluechip mana yang kalian pegang saat ini? #BBCA #BBRI #BMRI #BBNI #saham #bluechip #investasi #pasarmodal #infosaham #ihsg #sahampemula #PinePick #ciptadana #QuickPick #QuickPickPinePick #InvestasiCerdasMu,bbri
2026-01-15,meskipun gada apa”nya dibanding merah lu tp makasi dividennya @ bbri,bbri
2026-01-15,buat dapet dividen bbri 3 jt aja hrs nyangkut 98 jt.....,bbri
2026-01-15,BBRI jaga pertumbuhan sambil tetap berbagi nilai. #DividenInterimBRI #KomitmenBRI #qrisbri,bbri
2026-01-15,Rasanya udah lebih 1 tahun gak buka saham. Ku tinggalkan karena kebakaran tiba2 tadi ada email masuk deviden BBRI. Kemarin BMRI. Akhirnya ku buka. Dan taraaa ada 2 saham yg udah menghijau. Yaitu ASII dan INDY padahal dulu ku tinggalkan nyungsep cukup jauh,bbri
2026-01-15,"BBRI and BBRI are starting to rise again, now theyve reached 9.085, not bad at all, right? Can keep monitoring this in the Ajaib app #saham #AplikasiAjaib",bbri
2026-01-15,"1. gak semua, ada yang makin naik kok bang, 2. ITMG, AADI, ADRO, DMAS 3. ITMG, BBRI, IPCM, SMSM, IPCC 4. wajib re invest",bbri
2026-01-15,"wah BBRI udah bagi dividen, saatnya nyicil lagi abis ini",bbri
2026-01-15,BBRI terus tumbuh sambil tetap berbagi nilai. #DividenInterimBRI #KomitmenBRI #qrisbri,bbri
2026-01-15,"Awal Tahun Manis bagi Pemegang Saham, BBRI Siapkan Kucuran Dana Triliunan",bbri
2026-01-15,$BBRI rada mirip dengan $BBNI sama-sama retest Resist; coba Breakout hehehe,bbri
2026-01-15,"IHSG TECHNICAL VIEW (15/01/26) IHSG kemarin ditutup naik 0.94%, disertai dengan net buy asing ~1.10 Tr. Saham yang paling banyak dibeli asing adalah ARCI, INCO, ANTM, BREN dan TLKM.",tlkm
2026-01-15,ASII TLKM,tlkm
2026-01-15,"mas kalau beli saham bmri, dana sip perbulan untuk jangka 2 tahun bagus ga mas",bmri
2026-01-15,"$IHSG ditutup naik 0,47%, mencetak ATH intraday di 9100,82 dan melanjutkan rally 3 hari berturut-turut. Total transaksi 28,25T. NFB All Market 474,49B. Top Sektor: Cyclical, Finance Lagging Sektor: Industrial Top Leaders: $BBRI, $BMRI, $DSSA Top Laggards: $BRMS, $BUMI, $ASII",bmri
2026-01-15,Saya mau alihin bbca ke bmri biar dpt dividen yg lumayan wdyt? Di bbca saat ini lg minus 3-4% nunggu balik ijo baru lepas trus masuk bmri kira2 oke?,bmri
2026-01-15,"Nikmati cashback Rp75 ribu* buat belanja di AZKO pakai QR Bayar di aplikasi Livin’ by Mandiri. Berlaku s.d. 31 Maret 2026. *Info: http://bmri.id/livinazkoBankMandiriberizindandiawasiolehOtoritasJasaKeuangandanBankIndonesia,sertamerupakanpesertapenjaminanLPS.",bmri
2026-01-15,Bang kalo saham bank bmri bbri dan kawanannya hold lama dengan tujuan pensiun bagaimana ? Terimakasih,bmri
2026-01-15,"oh sorry, hold tapi tidak tambah barang ya bang, gini karena saya beli nyicil, saat kinerja turun harga turun saya biarkan dulu, nnti kinerja nya membaik, baru saya mulai avg, misal nih saya nyangkut di UNVR 5000, next..",unvr
2026-01-15,Telah ditandatangani LoI ekspor kecap Bango milik PT Unilever Indonesia dengan kode saham UNVR dengan importir Belanda InterAromat BV dengan nilai kontrak 120 ribu USD atau 2 miliar rupiah pada Senin 12 Januari 2026 lalu.Penandatanganan hasil konkretrangkaian business matching .,unvr
2026-01-16,Terima kasih BBRI,bbri
2026-01-16,"Review of PGK Class + cute retail experience in the stock world: >April 2024 opened RDN and got to know stocks only on the level of Big Caps, like BBRI & PTBA. >Goal, long-term investment; >Throughout 2024, portfolio stayed stagnant in practice, only got BBRI",bbri
2026-01-16,"$BBRI Wave Count Kalo yang ini jelas complex correction. Bulan Maret-Mei itu Wave W, sekarang mau ngelanjutin Wave Y nya Volume kemaren udah lumayan besar. Harga juga udah mau tembus 200 DMA. Its going to 4200-4500 I think",bbri
2026-01-16,"Banyak saham dgn yield sekitar 9-10 BJBR, Bjtm, Hexa, Mpmx, bmri, bbri, hmsp, ptba, Adro, itmg, lppf, cfin, dmas... dll Saham deviden kalau jatuh malah yield nya semakin tinggi. Di cek aja data nya ada banyak",bbri
2026-01-16,"Kamis (15/1) #IHSG +0,47% ditutup di 9.075,4, intraday tembus 9.100 Penggerak: BBRI, BMRI, DSSA, DCII, BBCA Target teknikal: 9.270–9.390 Pantau RDG BI & arah suku bunga #FederalReserve #saham #StockslnFocus #BullMarket #StockMarkets",bbri
2026-01-16,"Saksikan tayangan kami Official YouTube IDX Channel di IDX Second Session Closing Market, Kamis (15/01/2026), dengan tema Analisis Saham BBRI, BBNI, BMRI, CTRA bersama CEO Akela Trading System, Hary Suwanda. Berita selengkapnya klik di sini: https://idxchannel.com",bbri
2026-01-16,Mengapa BBRI Wajib di Portofolio 2026? 10 Alasan Kuat untuk Beli Sekarang,bbri
2026-01-16,Asuransi saya punya tugu Jmas dan ahap Bank kecil Agro agris bank sama bnba Bank gede Bmri bbri.bntn sama bris Kita lihat yg mana Paling kencang naiknya sampai dev tahun ini,bbri
2026-01-16,"UMKM Binaan BRI ‘Kain Indonesia by Shifara’, Hidupkan Nafas Wastra Nusantara Lewat Koleksi Office Wear #BRI #BBRI #PemberdayaanUMKM #RumahBUMNBRI",bbri
2026-01-16,"Senyum Semringah Pemegang Saham BBRI! Dividen Interim Rp 20,6 Triliun Disebar",bbri
2026-01-16,"Wani men Mas Pathub, ngko dikei saham BBRI sak lot loh, karo wong iki.",bbri
2026-01-16,"Anjir satu lot BBRI, ketauan banget cuma punya 3 lot paling.",bbri
2026-01-16,"Penyokong IHSG ke 9700: Pemotongan suku bunga Fed (1-2x), GDP 5-6%, inflow asing, earnings kuat. Baik emiten konglo (Astra, Sinar Mas, BREN) maupun bluechip (BBCA, TLKM, BMRI) dorong, sering overlap. History 7 hari (9-15 Jan): Dari 8.937 ke 9.075, naik 1.55% netto; fluktuasi",tlkm
2026-01-16,"$IDXBUMN lanjut hari Kamis kemarin, ternyata yang ngangkat itu banking. Kebetulan saya gak gitu mantau bank, tapi weighting mereka + $TLKM itu 60% di sini Beautiful chart",tlkm
2026-01-16,"Yuk, pakai Livin’ by Mandiri! Download di sini https://bmri.id/reflivin?af_adset=MGM2MV3ERD&deep_link_sub1=10610null&deep_link_sub2=MGM2MV3ERDJanganlupapakaikodereferral-ku:MGM2MV3ERDFAQ:http://bmri.id/livinmgmBankMandiriberizindandiawasiolehOtoritasJasaKeuangan(OJK)danBankIndonesia,sertamerupakanpesertapenjaminanLPS.",bmri
2026-01-16,Dapatkan diskon 20%* + benefit upgrade membership* di Best Western Hotels & Resorts pakai Mandiri Kartu Kredit! Berlaku s.d. 31 Desember 2026. *Info: http://bmri.id/BestWestern26BankMandiriberizindandiawasiolehOtoritasJasaKeuangandanBankIndonesia.#MandiriKartuKredit,bmri
2026-01-16,"BBCA dan BMRI Teratas, Cermati Saham Net Sell Terbesar Asing Sepekan Terakhir http://investasi.kontan.co.id/news/bbca-dan-bmri-teratas-cermati-saham-net-sell-terbesar-asing-sepekan-terakhir#RekomendasiSaham",bmri
2026-01-16,Nikmati promo Buy 1 Get 2* di Bakerzin hingga Yakiniku Like dengan transaksi pakai Mandiri Kartu Kredit! Berlaku s.d. 18 Januari 2026! *Info: http://bmri.id/BogaWeekendBankMandiriberizindandiawasiolehOtoritasJasaKeuangandanBankIndonesia.#MandiriKartuKredit,bmri
2026-01-16,Saham BMRI,bmri
2026-01-16,Dpt BMRI jg 380rb. Mayan deh Siap2 April deviden selanjutnya,bmri
2026-01-16,Prospek Cerah BMRI 2026: Target Harga Rp7.800 di Tengah Pemulihan Ekonomi,bmri
2026-01-16,Diam-diam Ada Direksi Bank Mandiri Serok 155 Ribu Saham BMRI di Awal 2026,bmri
2026-01-16,"Saksikan tayangan kami Official YouTube IDX Channel di IDX Second Session Closing Market, Kamis (15/01/2026), dengan tema Analisis Saham BBRI, BBNI, BMRI, CTRA bersama CEO Akela Trading System, Hary Suwanda. Berita selengkapnya klik di sini: https://idxchannel.com",bmri
2026-01-16,"Cobalah tarik data nya... gampang cari data data nya kok Makanya ada beberapa orang ketika bbri, bmri dan bbni jatuh.. Malah beli lebih banyak, bukan jadi takut",bmri
2026-01-16,"Buset sampai sekarang masih belum beres juga masalah login MyBCA. Ngerti kenapa sahamnya drop drastis. Kualitas pelayanannya drop drastis utk segmen modern, gak bisa bersaing dengan BMRI",bmri
2026-01-16,"Kamis (15/1) #IHSG +0,47% ditutup di 9.075,4, intraday tembus 9.100 Penggerak: BBRI, BMRI, DSSA, DCII, BBCA Target teknikal: 9.270–9.390 Pantau RDG BI & arah suku bunga #FederalReserve #saham #StockslnFocus #BullMarket #StockMarkets",bmri
2026-01-16,Asuransi saya punya tugu Jmas dan ahap Bank kecil Agro agris bank sama bnba Bank gede Bmri bbri.bntn sama bris Kita lihat yg mana Paling kencang naiknya sampai dev tahun ini,bmri
2026-01-16,"Banyak saham dgn yield sekitar 9-10 BJBR, Bjtm, Hexa, Mpmx, bmri, bbri, hmsp, ptba, Adro, itmg, lppf, cfin, dmas... dll Saham deviden kalau jatuh malah yield nya semakin tinggi. Di cek aja data nya ada banyak",bmri
2026-01-17,Jingan brijing e alus banget langsung bahas kertas. Sesok senin adol BUMI ZATA GOTO BBKP BKSL ELTY INET DEWA MINA MBMA PWON ANTM RLCO ARCI APLN BBRI GMFI BMRI VKTR CTRA JPFA BUVA LAND ENZO INDS APLN LIVE IBOS BATA POLA JGLE MKAP,bbri
2026-01-17,"Pantau terus ya analisa Queeen kamuuuu BBRI di research & guidance, sembari malam mingguan",bbri
2026-01-17,lumayan juga THR BBRI hehe,bbri
2026-01-17,"Kalo saham BBCA BBRI oke lah, bisa berlindung dibalik saham defensif, atau saham fundamental bagus... lha yg crypto ini yg agak sus wkwkwk, soalnya ko heng sendiri kayaknya sempet jelasin kenapa hype menarik, sedangkan MANTA ini jarang ada alasannya kenapa menarik",bbri
2026-01-17,"if you get into IDX and pick ADRO or BBRI, you can chow down on nasi uduk all you want from the dividends, bro‍",bbri
2026-01-17,"knp ya crypto di mindset jd aset spekulasi? Kok nga ada yg bilang BBRI harganya spekulasi jg ? Cb tanya ke diri sendiri deh, saat km beli bbri di 4000/share, km itung2 ahh ini support nih hajar msk, nfa taunya turun sampe 3.8k trs km cut lost takut dalem lg",bbri
2026-01-17,Kutunggu queen bbri ke goceng lagi,bbri
2026-01-17,Gak beli BBRI,bbri
2026-01-17,"$BBRI harusnya sudah oversold diarea ini tinggal menunggu waktu untuk hasil trade disaham-saham konglo yang booming akan parkir kembalidi Big Caps BBRI adalah salah satu favoritnya 5000 sangat mudah bagi BRI untuk dicapai, dan hanya sebagai pengingat jika sudah cuan dari kenaikan",bbri
2026-01-17,"Selamat bagi yang kemarin terima dividen BBRI. Jangan lupa, dividen ada pajaknya 10%. Silakan kalau mau bayar dan melaporkan sudah bayar pajaknya di SPT. Tapi kalau ga mau repot, dividen itu harus diinvestasikan lagi selama 3 tahun.",bbri
2026-01-17,bbri harga wajar nya diberapa ya? mau entry dan lupakan niat nya.,bbri
2026-01-17,"Lah ko hengky milih saham Bumi cuan dkk, si timboti kalo ga bbca ya bbri wkwk",bbri
2026-01-17,harusnya 2 tahun lalu nabung emas bukan bbri bbca HAHA,bbri
2026-01-17,Bbri?,bbri
2026-01-17,bbri kmrn top foreign buy jg ya,bbri
2026-01-17,kalo likuiditas banyak mending taro saham main deviden $BMRI $BBRI $BNGA,bbri
2026-01-17,"Kaga beli wskt wika bbri, gw gatau bumn tu bobrok bgt Lebih bagus corporate swasta",bbri
2026-01-17,"Shm! Time to buy big banks, huh? BBRI BMRI BBNI look good technically, foreigners have started entering, in an uptrend and already broken out of MA20 price-wise, they might still be cheap too. Cant even imagine if big banks join the bagger party in 2026 but lets pray for it",bbri
2026-01-17,"Gas! Inflow Asing Pesta Pora Masuk BEI, BBRI hingga PTRO Jadi Buruan Utama",bbri
2026-01-17,"2. Teknologi & Infrastruktur Digital: Ekonomi digital Indonesia diperkirakan terus tumbuh, didukung adopsi massal dan kebutuhan investasi jaringan yang besar. Saham yang dapat diperhatikan: $TLKM dan emiten teknologi lainnya.",tlkm
2026-01-17,Restrukturisasi Aset Negara: Danantara alihkan saham TLKM ke BP BUMN,tlkm
2026-01-17,aku pake wifi lokal aman bisa dm tp pas pake data tlkm auto gabisaa aksess,tlkm
2026-01-17,Entitas Telkom (TLKM) Jalin Kerja Sama Strategis dengan China Telecom Satellite #saham #infosaham #investasi,tlkm
2026-01-17,"750 jt mending beliin BMRI deviden 10% = 75 jt jika x 31 tahun = 2,3 M + modal 750 jt= 3 M sekian. Senenarnya invest bisnis dikos kosan itu gak terlalu menguntungkan jg, belum lagi kalo ocvupansinya kurang dari 50%",bmri
2026-01-17,"LOL BUMI marketcap segitu bagger aja menyedot uang 1 IHSG, BBCA BMRI bagger? 20-30% sudah ganteeng piyak pinggir",bmri
2026-01-17,"Sama awal nya saya juga kemakan narasi ini, UNVR produknya semua orang pakai gak bakal bangkrut. Tapi setelah minus dan gak naik naik langsung cabut, dan untung nya di selamatkan BRPT",unvr
2026-01-17,"najongggg , udah unvr, hmps, HERO lagii , gerai pada tutup semua gitu hero",unvr
2026-01-17,masuk UNVR WKWKWKW,unvr
2026-01-18,udah mau tiga tahun nyangkut di BBRI njim :)),bbri
2026-01-18,INET 1200 HRUM MDKA EMTK BUMI DEWA BBRI BMRI BBCA TLKM,bbri
2026-01-18,"Momen Krusial Bayangi IHSG, Kawal BBRI hingga BMRI #saham #infosaham #investasi",bbri
2026-01-18,Bbri masih merah tp dapet duit jajan dividen bulan ini yaa okelah,bbri
2026-01-18,"Oh iya satu lg, avg BBRI gw dulu dibawah 2000. Gw lepas di 4000an. Lol. Ada fundamentally change yg g sbrp signifikan di harga yg gw punya, but i hv a better option to invest so why i should keep it Crypto? Imho, i hv never seen it as an investment asset like CFA’s guidelines",bbri
2026-01-18,WKWKW MENDING ANTM ADRO BBRI WKWOKWOWKWO,bbri
2026-01-18,Justru aku mau exit bbri nder setelah dapet dividen kemarin. Soalnya agak lesu dan seringnya dibawa turun,bbri
2026-01-18,Mending dca $btc atau $bbri dan $bmri,bbri
2026-01-18,BBrI apa manta bang ? Ciwawkwkwk,bbri
2026-01-18,"setuju bngt pak rey . pak rey dan bro oscar yg sudah dr dl jd OG crypto sblm TR post vidio kutang nya bahas TLKM BBRI itu , dia cm ikt kapal pas tinggal nge gas ke atas aja . lucky him but still nowhere Raja crypto bahkan Rey dan Oscar tdk pernah framing dan claim hal tsb",bbri
2026-01-18,"Timorthy ronald dari gw lirik dulu videonya yang ngasih tau alasan beli saham BBRI, tiba2 jadi value investor tuh bijimane ceritanye , makanya dia bangun ternak uang kek, apakek sama raymond, gw ga bakal kagum sama dia, value inpestor ga beli bluechip brotherrrr",bbri
2026-01-18,BBRI Terus-menerus Diserok #saham #infosaham #investasi,bbri
2026-01-18,"Udah berada di titik, eman mau beli baju karna setara dg 1 lot saham bbri",bbri
2026-01-18,Cek Rekomendasi Saham Sektor Perbankan untuk Senin (19/1) https://share.google/agf62lIHGPcnVbzLrLebihpilihmana?$BBRI$BBCA$BMRI$BBTN,bbri
2026-01-18,Lo Kheng Hong dia value investor kenapa beliau beli BBRI?,bbri
2026-01-18,"BBRI,AADI",bbri
2026-01-18,BBRI BBNI BMRI TLKM BUVA EMAS JPFA,bbri
2026-01-18,"Hai! Berdasarkan tren pasar terkini di IHSG, saham yang patut diperhatikan besok (19 Jan 2026) termasuk SOTS (naik 253% YTD, momentum kuat), BBRI (prediksi naik 6-10% dari analis), dan ANTM (potensi dari komoditas). Juga cek ADRO dan MBMA untuk prospek jangka pendek. Ini berdasar",bbri
2026-01-18,koh Ustad jgn lupa bbyb dan bbri arigatou,bbri
2026-01-18,"IHSG Cetak Rekor Tertinggi, Saham BBRI Diborong Investor Asing - Market",bbri
2026-01-18,"Gas! Inflow Asing Pesta Pora Masuk BEI, BBRI hingga PTRO Jadi Buruan Utama https://kalderanews.com/2026/01/gas-inflow-asing-pesta-pora-masuk-bei-bbri-hingga-ptro-jadi-buruan-utama/",bbri
2026-01-18,"IHSG Hits All-Time High, BBRI Shares Scooped Up by Foreign Investors - Market",bbri
2026-01-18,"Critical Moments Loom Over JCI, Watch BBRI to BMRI #saham #infosaham #investasi",bbri
2026-01-18,"Ya, rumor IPO Orang Tua Group di 2026 memang beredar dan dalam tahap persiapan, menurut sumber seperti Katadata dan CNBC Indonesia. Mereka di sektor FMCG, sehingga akan bersaing dengan UNVR (Unilever) dan ICBP (Indofood CBP) di pasar barang konsumsi. DYOR sebelum investasi.",icbp
2026-01-18,INET 1200 HRUM MDKA EMTK BUMI DEWA BBRI BMRI BBCA TLKM,tlkm
2026-01-18,"setuju bngt pak rey . pak rey dan bro oscar yg sudah dr dl jd OG crypto sblm TR post vidio kutang nya bahas TLKM BBRI itu , dia cm ikt kapal pas tinggal nge gas ke atas aja . lucky him but still nowhere Raja crypto bahkan Rey dan Oscar tdk pernah framing dan claim hal tsb",tlkm
2026-01-18,Asing Terlihat Borong Dua Saham Telekomunikasi ini https://share.google/j5jHRGCz3uUpmJmev$TLKM$ISAT,tlkm
2026-01-18,TLKM : Bisa naik sampai berapa? | Elliott Wave Analysis Harga saham #TLKM terlihat mulai bergerak naik lagi pada perdagangan minggu ini setelah sempat tertekan turun di minggu sebelumnya,tlkm
2026-01-18,BBRI BBNI BMRI TLKM BUVA EMAS JPFA,tlkm
2026-01-18,Bisa naik sampai berapa dan apakah sinyal perlawanan naik ini bisa melanjutkan lagi tren naik harga saham $TLKM yang sudah berjalan dari tahun lalu? Pembahasan selengkapnya bisa dibaca di sini,tlkm
2026-01-18,Cek Rekomendasi Saham Sektor Perbankan untuk Senin (19/1) https://share.google/agf62lIHGPcnVbzLrLebihpilihmana?$BBRI$BBCA$BMRI$BBTN,bmri
2026-01-18,INET 1200 HRUM MDKA EMTK BUMI DEWA BBRI BMRI BBCA TLKM,bmri
2026-01-18,BBRI BBNI BMRI TLKM BUVA EMAS JPFA,bmri
2026-01-18,"Momen Krusial Bayangi IHSG, Kawal BBRI hingga BMRI #saham #infosaham #investasi",bmri
2026-01-18,"Jajan di Baskin Robbins, Coffee Bean & Tea Leaf, dan Wendy’s bisa hemat s.d. 30%* + diskon 20%* dengan tukar Livin’poin pakai Mandiri Kartu Kredit/Debit. Berlaku s.d. 30 Juni 2026. *Info: http://bmri.id/promotransBankMandiriberizindandiawasiolehOtoritasJasaKeuangandan",bmri
2026-01-18,"Nikmati diskon Rp50 ribu* untuk belanja dengan Mandiri Kartu Kredit/Debit di TikTok Shop Fashion Playground. Berlaku s.d. 31 Januari 2026. *Info: http://bmri.id/tiktokfponlineBankMandiriberizindandiawasiolehOtoritasJasaKeuangandanBankIndonesia,sertamerupakanpeserta",bmri
2026-01-18,"Dapatkan diskon s.d. 15%* untuk berbagai merchant di Singapura dengan Mandiri Debit VISA! Berlaku s.d. 31 Maret 2026. *Info: http://bmri.id/visadebitsingapuraBankMandiriberizindandiawasiolehOtoritasJasaKeuangandanBankIndonesia,sertamerupakanpesertapenjaminanLPS.",bmri
2026-01-18,"Yuk, pakai Livin’ by Mandiri! Download di sini https://bmri.id/reflivin?af_adset=MGM7JAT5WY&deep_link_sub1=null&deep_link_sub2=MGM7JAT5WYJanganlupapakaikodereferralLivinbyMandiri:MGM7JAT5WY",bmri
2026-01-18,"@bites462051 Halo Sahabat @bites462051 , untuk informasi karir Bank Mandiri dapat diakses melalui website http://bmri.id/careerdanInstagram@lifeatmandiri.ProsesrekrutmenBankMandirihanyadilakukanmelaluisaluranresmidantidakdipungutbiayaapapun.Semogaprosesnya",bmri
2026-01-18,Mending dca $btc atau $bbri dan $bmri,bmri
2026-01-18,Asing Terlihat Borong Dua Saham Telekomunikasi ini https://share.google/j5jHRGCz3uUpmJmev$TLKM$ISAT,isat
2026-01-18,jgn salah ente nabung saham unvr di harga 8rb jg buntung,unvr
2026-01-18,"hehe selamat malam temen-temen. sejak post ini dibuat, UNVR tidak menyentuh entry point saya sama sekali dan bahkan turun drastis menyentuh SL di 2580 pada tanggal 14 Januari 2026 kemarin. pdhl ada news catalyst yang cukup menarik tp ternyata hasilnya nihil hehe. gpp deh, next",unvr
2026-01-18,"Orang tua grup bakal bersaing dengan UNVR, ICPB.. @grok benarkah",unvr
2026-01-18,"Ya, rumor IPO Orang Tua Group di 2026 memang beredar dan dalam tahap persiapan, menurut sumber seperti Katadata dan CNBC Indonesia. Mereka di sektor FMCG, sehingga akan bersaing dengan UNVR (Unilever) dan ICBP (Indofood CBP) di pasar barang konsumsi. DYOR sebelum investasi.",unvr
2026-01-19,Pola Berulang Saham Bank BUMN BBRI Cs #saham #infosaham #investasi,bbri
2026-01-19,"Titik Terendah BBRI, BMRI, BBCA, BBNI Terlewati: Pilih 2 #saham #infosaham #investasi",bbri
2026-01-19,Day 1 beli saham bbri,bbri
2026-01-19,Beli saham BBRI dan ADRO,bbri
2026-01-19,"Sobat BRI, Nikmati promo kuota im3 di BRImo spesial untukmu! Dapatkan diskon hingga 35% periode sampai 31 Januari 2026 Info lebih lanjut: http://bbri.id/promoim3.#BRImo#BRImoMudahSerbaBisa",bbri
2026-01-19,"Stock Picks 19 Januari 2026 BBRI Spec Buy dengan support 3750, cut loss jika break di bawah 3680. Jika tidak break di bawah 3750, potensi naik ke 3890-3960 short term. Disclaimer: http://bit.ly/disclaimer-cgsiid#cgsi#cgsid#stockpicks#sobatgenvest#akuinvestorsaham",bbri
2026-01-19,Beli BBRI hidup dari dividen,bbri
2026-01-19,Semoga BBRI bisa 10rb amin,bbri
2026-01-19,Gema sama aja. Nge call BBRI tp malah makin myungsep wokwok,bbri
2026-01-19,"Saham BBRI Diburu Asing, Harga Bisa ke Batas Atas #saham #infosaham #investasi",bbri
2026-01-19,Indeks Harga Saham Gabungan (IHSG) diproyeksikan bergerak konsolidatif pada perdagangan pekan 19–23 Januari 2026,bbri
2026-01-19,"Indeks Harga Saham Gabungan (IHSG) hari ini, Senin (19/1/2026) berpotensi bergerak datar. Indeks pada perdagangan akhir pekan lalu ditutup naik 0,47 persen ke level 9.075,41, disertai dengan net buy asing Rp474 miliar. Saham yang paling banyak dibeli asing yaitu BBRI, PTRO,",bbri
2026-01-19,"Asing Kompak Borong Saham ASII-BBRI, Lego Saham BBCA Rp 444 Miliar",bbri
2026-01-19,"UPDATE $BBRI buyback saham Rp512,8 M (17,1% plafon) sepanjang 2025. Harga rata-rata Rp3.685/saham dengan fokus pada GCG dan pengalihan saham tresuri. Source: IDN Financials",bbri
2026-01-19,"JAKARTA – PT Bank Rakyat Indonesia (Persero) Tbk (BBRI) merealisasikan pembelian kembali saham (buyback) senilai Rp512,8 miliar sepanjang 2025, atau hanya sekitar 17,1% dari pagu maksimal Rp3 triliun. Baca selengkapnya: https://idnfinancials.com/id/news/60503/bbri-buyback-139-juta-saham-kucurkan-rp512-8-miliar-sepanjang-2025",bbri
2026-01-19,"10 Milyar, lunasin semua hutang, sisanya belikan Saham BBRI ,ORI/FR",bbri
2026-01-19,"1. 75% dibagi ke beberapa saham, 10% bmri, 10% bbri, 10% bnga, 10% adro, 10% ptba, 10% bssr, 5% lppf, 5% bjbr, 5% bjtm 2. 10% untuk hold bitcoin 3. 5% untuk buka bakery non profit 3. 10% zakat",bbri
2026-01-19,Siap laksanakan! Saya haka BBRI pagi ini sesuai perintah.,bbri
2026-01-19,bbri melejit bgt anjeeeng bikin gatel pengin jual,bbri
2026-01-19,"IHSG TECHNICAL VIEW (19/01/26) IHSG kemarin ditutup naik 0.47%, disertai dengan net buy asing ~474 Miliar. Saham yang paling banyak dibeli asing adalah BBRI, PTRO, BMRI, INCO dan JPFA.",bbri
2026-01-19,Bbri.d,bbri
2026-01-19,Bbri? Dewa pek?,bbri
2026-01-19,...produsen ultra jaya ini termasuk salah 1 yg diunggulkan sebagai pemasok saat 02 kampanye 2023-2024 lalu... https://indopremier.com/ipotnews/newsDetail.php?jdl=4_Emiten_Ini_Bisa_Cuan_Karena_Program_Susu_Gratis_Prabowo__Apa_Saja_&news_id=439401&group_news=RESEARCHNEWS&news_date=&taging_subtype=PG002&name=&search=y&q=ICBP&halaman=,icbp
2026-01-19,"$IHSG ditutup naik 0,64%, mencetak ATH kembali dan rally 4 hari berturut-turut. Total transaksi 35,92T, ada Nego di $BUMI 6,9T. NFS All Market 710,51B. Top Sector: Cyclical Lag Sector: Transport Top Leaders: $ASII, $DSSA, $VKTR Top Laggards: $AMMN, $BREN, $TLKM",tlkm
2026-01-19,Tersiksa bgt gw ini tlkm lagi gangguan kah masa jrgn gw E,tlkm
2026-01-19,"$UNVR gocekannya mantap, malah terjun payung",unvr
2026-01-20,"Sobat BRI, Yuk, top up kuota 3 di BRImo dan dapatkan diskon hingga Rp100 ribu. Info lebih lanjut: http://bbri.id/promo3.Periodesampai31Januari2026,janganketinggalanya.#BRImo#BRImoMudahSerbaBisa",bbri
2026-01-20,"Sobat BRI, Kapan lagi bayar tagihan dan beli token listrik dapat cashback Rp10%? Cuma di BRImo kamu bisa nikmati promo spesial ini Jangan ketinggalan ya promo berlaku hingga 31 Mei 2026. Info lebih lanjut: http://bbri.id/promolistrik.#BRImo#BRImoMudahSerbaBisa",bbri
2026-01-20,"Tidak, info dividen di gambar itu dari tahun 2023 (untuk FY 2022). Dividen terkini (per Jan 2026): - BBRI: Interim 2025 Rp137/saham (dibayar 15 Jan 2026) - BMRI: Rp466/saham (ex 6 Jan 2026) - BBNI: Rp374/saham (ex 15 Apr 2026) - BBCA: Rp250/saham (ex 23 Mar 2026) Cek sumber",bbri
2026-01-20,"Saham yg cenderung naik saat dolar AS menguat (rupiah melemah) biasanya dari sektor ekspor komoditas & manufaktur. Contoh: ADRO (Adaro, batubara), INCO (Vale, nikel), MYOR (Mayora, makanan ekspor), UNTR (United Tractors). Bank seperti BBRI & BMRI juga naik baru-baru ini meski",bbri
2026-01-20,5Q dibawa nyelem BBRI akhirnya harini bisa 0%.,bbri
2026-01-20,"Unduh dan daftar saja aplikasi broker terus beli saham BBRI atau BBCA kalau masih bingung mulai bisnis. Bisa juga dengan buka tabungan emas. Bisa juga main valas. Dlsb. Mereka sebenarnya tidak bingung, cuman belum pernah kesampaian pegang uang demikian.",bbri
2026-01-20,masuk pas cum date BBRI mayan dapet interim 4% dan tinggal nunggu dividen final 5-6% wes urip wenakk,bbri
2026-01-20,"Ada yang tau kenapa kalau ini diterapkan malah blue chip kaya $BBRI $BBCA dll yang kena outflow? Yeap karena banyak perusahaan re-invest mereka punya cash ke stock market juga, and mostly bluechips.. And problemnya, perusahaan dikeluarin semua dari perhitungan free float.",bbri
2026-01-20,"perasaan bbri deviden kemarin engga segini bang, gw pnya 50 lot cma dapet 685.",bbri
2026-01-20,kesalahan bulan ini - tp RLCO di 4000an - sl BUMI di 400 - milih BBRI dibanding ADRO waktu mau pembagian dividen tapi ga sebego waktu fomo CBRE si :),bbri
2026-01-20,Bro BBRI tahun kemarin 350/ lembar,bbri
2026-01-20,"BBRI, POWR, sama AADI, masing2 3M, yg 1M buat parlay, naga2 cacing2..",bbri
2026-01-20,bbri bbca bmri,bbri
2026-01-20,"All in beli saham BBRI. 1 bulan bisa dapat 65 sampai 80 juta setiap bulannya. Cukup untuk hidup sampai tua tanpa bekerja dengan 1 istri dan 2 anak terus tinggal di daerah BSD, Tangerang, atau Kota Bekasi.",bbri
2026-01-20,sedihhh bbri waktu itu dapet best deal tp malah udh ku lepasss,bbri
2026-01-20,masukin BBRI BMRI aja udah tidur,bbri
2026-01-20,"IHSG +0,24% ke 9.155,408 sesi I Selasa (20/1/2026). Secara Intraday IHSG cetak rekor tertinggi di 9.174,474. IDX-Industry +2,38%, IDX-Property +1,67%, dan IDX-NonCyc +1,47%. Saham BUMI penopang utama IHSG menyumbang 5,72 indeks poin. Saham RISE, IMPC, BUVA, dan BBRI ikut dorong",bbri
2026-01-20,"Klo ada 10M hari ini : BBNI 2500 lot=1.15M BBRI 3000 lot=1.17M UNTR 1000 lot=3.2M HEXA 3000 lot=1.35M BBCA 3000 lot=2.4M 730jt=asset tanah Deviden/year (Pake deviden terakhir): BBNI=163,5jt BBRI=103,5jt UNTR=56,7jt HEXA=130,2jt BBCA=91,5jt Total=545,4jt = 45,45jt/bln (ga kerja)",bbri
2026-01-20,"kalo skrg masih hold bbca, bbri (krna 2x pembagian deviden)",bbri
2026-01-20,masukin BMRI BBRI BBCA,bbri
2026-01-20,"Taruh di 3 SBN masing-masing 2 M Sisanya beli masing-masing 1 M di Perbankan BBCA, BBRI, BMRI, BBNI Tinggal slow living",bbri
2026-01-20,3M BBRI 3M BBCA 3M US ETF 1M biaya hidup 2 tahun,bbri
2026-01-20,"Saya tau pak,,langkah awal amankan di sbn setengah, Seperempat langsung all in saham BBCA Dan BBRI Seperdelapan saya masukkan deposito Seperdepalan saya pegang buat harian dan kebutuhan",bbri
2026-01-20,"Shm! Sorry, newbie here wanna ask, in the ip0t app, how do you check where the dividend deposit goes? In the cash mutation on the 15th yesterday, there was a $BBRI dividend deposit. But up to now, the RDN balance hasnt increased.",bbri
2026-01-20,Jangan lupa haka ICBP karyawan nya makan indomie Terus haka UNVR karena karyawannya pake sabun lifeboy,icbp
2026-01-20,"Beberapa emiten IDX dengan utang atau biaya produksi didominasi dolar AS, berdasarkan data terkini: - LPKR (Lippo Karawaci): Utang obligasi USD ~Rp6,8T. - TLKM (Telkom Indonesia): Utang usaha dalam USD. - ICBP (Indofood CBP): Sensitif fluktuasi kurs karena utang USD & impor",icbp
2026-01-20,"Beberapa emiten IDX dengan utang atau biaya produksi didominasi dolar AS, berdasarkan data terkini: - LPKR (Lippo Karawaci): Utang obligasi USD ~Rp6,8T. - TLKM (Telkom Indonesia): Utang usaha dalam USD. - ICBP (Indofood CBP): Sensitif fluktuasi kurs karena utang USD & impor",tlkm
2026-01-20,"IHSG TECHNICAL VIEW (20/01/26) IHSG kemarin ditutup naik 0.64%, tapi disertai dengan net sell asing ~543 Miliar. Saham yang paling banyak dijual asing adalah BBCA, GOTO, TLKM, ARCI dan INDY.",tlkm
2026-01-20,BMRI bisa 11%,bmri
2026-01-20,bbri bbca bmri,bmri
2026-01-20,masukin BMRI BBRI BBCA,bmri
2026-01-20,"1. Emas Rp 2 M 2. SBN Rp 2 M 3. Singapore dollar 1 M 4. bitcoin 1 M 5. Saham deviden (BMRI Rp 1M, TAPG Rp 1 M) 6. Cash Rp 1 M buat scalping saham 7. Deposito Rp 1M",bmri
2026-01-20,"5 milyar buat beli bmri terus terima div, 3 milyar buat beli rdpt/rdpu atau ori, 2 sisa ny buat muter bangun usaha jadi ada sumbangsih dalam membuat lap pekerjaan sebagai bagian dari 19 juta lap pekerjaan. Sekian dan terima 10 m",bmri
2026-01-20,"investasi di saham bmri, dapat dividen setahun kurang lebih 1 m. Easy",bmri
2026-01-20,masukin BBRI BMRI aja udah tidur,bmri
2026-01-20,buy $bmri udh gitu aja,bmri
2026-01-20,Nikmati diskon s.d. 50%* untuk kebutuhan kendaraan dengan transaksi pakai Mandiri Kartu Kredit di Shop & Drive! Berlaku s.d. 31 Januari 2026. *Info: http://bmri.id/ShopDriveNY26BankMandiriberizindandiawasiolehOtoritasJasaKeuangandanBankIndonesia.#ShopAndDrive,bmri
2026-01-20,setengah obligasi 1/4nya bmri sisanya buat maen saham+bisnis riil wen yah,bmri
2026-01-20,"Nikmati diskon 50% paket membership dan tiket Airport Lounge* di aplikasi Dragonpass dengan Mandiri Debit Bisnis Visa. Yuk, manfaatkan promonya hingga 31 Juli 2026! *Info lengkap: http://bmri.id/dbdragonpassBankMandiriberizindandiawasiolehOtoritasJasaKeuangandanBank",bmri
2026-01-20,Dapatkan bonus e-voucher s.d. Rp100 ribu* dengan bayar tagihan pakai Mandiri Power Bill! Berlaku s.d. 31 Desember 2026. *info: http://bmri.id/pb2026BankMandiriberizindandiawasiolehOtoritasJasaKeuangansertaBankIndonesia.#MandiriPowerBill#MandiriKartuKredit,bmri
2026-01-20,Alokasi ke portofolio investasi semua 5M = SBN return 6% /tahun 3M = Deviden play BBNI & BMRI return 8% /tahun 2M = Investasi ke saham dengan estimasi return 15% /tahun (bisa lebih tergantung market) Estimasi 790jt/tahun = 65jt/bulan Enak kan wkwkwkwk,bmri
2026-01-20,Jangan lupa haka ICBP karyawan nya makan indomie Terus haka UNVR karena karyawannya pake sabun lifeboy,unvr
2026-01-21,BERITA POPULER: Harga Emas Antam (ANTM) Reli Rekor hingga Biang Kerok BBRI Cs Rontok #saham #emas #infosaham #investasi,bbri
2026-01-21,ada saham $BBRI ga? minjem boleh ga untuk RH kak amin?,bbri
2026-01-21,Saham BBRI Diserbu Asing #saham #infosaham #investasi,bbri
2026-01-21,Penyebab Saham BBRI BBCA Cs Memerah #saham #infosaham #investasi,bbri
2026-01-21,"IHSG is crashing, but my BBRI loss is almost covered. Alhamdulillah. Please be kind tomorrow morning, okay. #ihsg",bbri
2026-01-21,"IHSG TECHNICAL VIEW (21/01/26) IHSG kemarin ditutup naik 0.01%, disertai dengan net buy asing ~6.5 Miliar. Saham yang paling banyak dibeli asing adalah BBRI, PTRO, BRMS, ANTM, dan ADRO.",bbri
2026-01-21,"Berdasarkan data terbaru pada Januari 2026, dividen per saham tidak cocok dengan tabel: BBRI interim 137 Rp (bukan ~231 Rp), BMRI interim 100 Rp (bukan ~529 Rp), BBNI ~374 Rp (bukan ~392 Rp), BBCA interim 55 Rp (bukan 170 Rp). Hitungan matematis dalam tabel konsisten secara",bbri
2026-01-21,APEN Sealant Dempul Ajaib Instan Sealent Penambal Lubang Tembok Pipa Dinding AC BBCA BBRI BMRI INET BRMS ANTM https://s.shopee.co.id/3VeAsTAo42,bbri
2026-01-21,"Berdasarkan data terkini (21 Jan 2026), assuming BMNI maksudnya BMRI: - BBRI: ~3.850 IDR, upside ~15%, undervalued, tren positif. - BBNI: ~4.570 IDR, P/E 8.35, YTD +4.58%, undervalued. - BMRI: ~4.760 IDR, upside ~17%, buy rating. - BBCA: ~8.025 IDR, stabil tapi overvalued ~35%.",bbri
2026-01-21,Naeknya lumayan ga bbri,bbri
2026-01-21,"𝐔𝐩𝐝𝐚𝐭𝐞 𝐖𝐚𝐭𝐜𝐡𝐥𝐢𝐬𝐭 𝐒𝐚𝐡𝐚𝐦 𝐏𝐫𝐢𝐛𝐚𝐝𝐢 / 𝐈𝐧𝐝𝐞𝐤𝐬 𝐏𝐫𝐢𝐛𝐚𝐝𝐢 : 𝐑𝐚𝐛𝐮, 𝟐𝟏 𝐉𝐚𝐧𝐮𝐚𝐫𝐢 𝟐𝟎𝟐𝟔 (𝐂𝐥𝐨𝐬𝐢𝐧𝐠). I = TOWR, AMRT. II = BBRI, TLKM, MDKA, IMPC. III = MBMA, BREN, JSMR, MEDC, BBKP, UNVR, ISAT.",bbri
2026-01-21,"Berikut tabel dividen interim terbaru (Jan 2026) untuk lot yang sama, hitung per saham: BBRI 137 Rp, BMRI 100 Rp, BBNI 374 Rp, BBCA 55 Rp (sumber: IDX & situs bank). | Lot | BBRI | BMRI | BBNI | BBCA |",bbri
2026-01-21,"AI detected @grok market saham apa yang paling bagus? BBRI, BBNI, BMNI dan BBCA?",bbri
2026-01-21,"Data foreign activity mid-day 21 Januari: - Net foreign sell -Rp1 T - $BBRI, $PWON, $MBMA jadi top net foreign buy Belanja apa sesi 2?",bbri
2026-01-21,BBRI palung era,bbri
2026-01-21,"https://ipol.id/2026/01/hadir-di-wef-2026-ceo-bri-beberkan-tantangan-utama-pembiayaan-berkelanjutan-di-emerging-markets/http://IPOL.ID–Themainchallengeofsustainablefundingindevelopingcountriesdoesnotlieinalackofcommitmentortheavailabilityofglobalcapital,butratherintheexecutioncapacityatthelocallevel.#bri#bankbri#brimo#bbri",bbri
2026-01-21,"Saham emiten perbankan Tanah Air peroleh perlakukan yang kontras berbeda oleh investor Asing. Pada perdagangan Selasa 20 Januari kemarin, saham BBRI jadi yang paling ramai diakumulasi pemodal asing. Disisi lain, saham BBCA masuk jadi salah satu saham paling ramai dijual asing.",bbri
2026-01-21,"Saham BBRI Diborong Asing, BBCA Terbanyak Dilepas Asing",bbri
2026-01-21,"BRMS, ARCI, ENRG, ADRO, BBCA, BBRI",bbri
2026-01-21,"Saham Telkom $TLKM naik 81% 6 bulan, valuasi tambah Rp115T; pasar positif pada transformasi & spin-off InfraNexia. Source: Indonesia Business Post",tlkm
2026-01-21,Direktur Utama PT Telkom Indonesia (Persero) Tbk. (TLKM) Dian Siswarini menyampaikan bahwa 2026 merupakan tahun sibuk bagi perusahaan. Sejumlah inisiatif dan inovasi dalam transformasi bisnis akan dieksekusi pada #telkom #telkom30 #diansiswarini #bisniscom #topnewsbisniscom,tlkm
2026-01-21,"𝐔𝐩𝐝𝐚𝐭𝐞 𝐖𝐚𝐭𝐜𝐡𝐥𝐢𝐬𝐭 𝐒𝐚𝐡𝐚𝐦 𝐏𝐫𝐢𝐛𝐚𝐝𝐢 / 𝐈𝐧𝐝𝐞𝐤𝐬 𝐏𝐫𝐢𝐛𝐚𝐝𝐢 : 𝐑𝐚𝐛𝐮, 𝟐𝟏 𝐉𝐚𝐧𝐮𝐚𝐫𝐢 𝟐𝟎𝟐𝟔 (𝐂𝐥𝐨𝐬𝐢𝐧𝐠). I = TOWR, AMRT. II = BBRI, TLKM, MDKA, IMPC. III = MBMA, BREN, JSMR, MEDC, BBKP, UNVR, ISAT.",tlkm
2026-01-21,"𝐔𝐩𝐝𝐚𝐭𝐞 𝐖𝐚𝐭𝐜𝐡𝐥𝐢𝐬𝐭 𝐒𝐚𝐡𝐚𝐦 𝐏𝐫𝐢𝐛𝐚𝐝𝐢 / 𝐈𝐧𝐝𝐞𝐤𝐬 𝐏𝐫𝐢𝐛𝐚𝐝𝐢 : 𝐑𝐚𝐛𝐮, 𝟐𝟏 𝐉𝐚𝐧𝐮𝐚𝐫𝐢 𝟐𝟎𝟐𝟔 (𝐂𝐥𝐨𝐬𝐢𝐧𝐠). I = TOWR, AMRT. II = BBRI, TLKM, MDKA, IMPC. III = MBMA, BREN, JSMR, MEDC, BBKP, UNVR, ISAT.",isat
2026-01-21,"Sekilas saya lihat UNVR, pas kucek2 mata ternyata UNTR",unvr
2026-01-21,"𝐔𝐩𝐝𝐚𝐭𝐞 𝐖𝐚𝐭𝐜𝐡𝐥𝐢𝐬𝐭 𝐒𝐚𝐡𝐚𝐦 𝐏𝐫𝐢𝐛𝐚𝐝𝐢 / 𝐈𝐧𝐝𝐞𝐤𝐬 𝐏𝐫𝐢𝐛𝐚𝐝𝐢 : 𝐑𝐚𝐛𝐮, 𝟐𝟏 𝐉𝐚𝐧𝐮𝐚𝐫𝐢 𝟐𝟎𝟐𝟔 (𝐂𝐥𝐨𝐬𝐢𝐧𝐠). I = TOWR, AMRT. II = BBRI, TLKM, MDKA, IMPC. III = MBMA, BREN, JSMR, MEDC, BBKP, UNVR, ISAT.",unvr
2026-01-21,"anjr unvr turun terus, merasa kena skem",unvr
2026-01-22,"Sobat BRI, Kamis makin spesial dengan promo spesial BRI. Buy 1 Get 2 Deluxe Ticket XXI setiap Kamis dengan BRI Kartu Kredit & BRI Debit Mastercard. Saatnya isi akhir pekan lebih awal bersama BRI. Cek disini http://bbri.id/xxi26ce#PromoMerchantBRI",bbri
2026-01-22,"Sobat BRI, Di tengah cuaca hujan, jaga daya tahan tubuh tetap sehat dengan promo spesial BRI. Diskon 30% di Re.juve dengan BRI Debit, BRI Kartu Kredit, QRIS BRImo hingga 15 Desember 2026 setiap hari Selasa-Minggu. Cek disini http://bbri.id/rejuve26#PromoMerchantBRI",bbri
2026-01-22,"Sobat BRI, Promo Spesial BRI di Playtopia dengan BRImo. Nikmati cashback Rp50 ribu, setiap hari Senin-Kamis hingga 28 Februari 2026. Cek dsini http://bbri.id/playtopia#PromoMerchantBRI",bbri
2026-01-22,"MORNING CALL 22/1/26 NETFOREIGN: PSKT,SGRO BIGACCUM+VOL:OASA,AISA,KIOS MA5: EMTK, MITI MA20:ERAA MA50:AMRT, BBRI BELOW ALL MA: MPPA, BBCA PULLBACK: GJTL, UNVR, FPNI #nakamasholehpath",bbri
2026-01-22,"Jiah bpk, BBRI jg di goreng la pak, jgn di liat saham gorengan aja , gold pun di goreng sm cina",bbri
2026-01-22,"YUDO SADEWA GIVES SIGNAL ON CONGLOMERATE STOCKS PP, BAKRIE, HAPSORO & SALIM: ITS TIME TO LEAVE THEM BEHIND, FUND FLOW STARTING TO SHIFT TO FUNDAMENTAL STOCKS $BBCA & $BBRI Today, conglomerate stocks experienced a deep correction and retail investors have already started falling",bbri
2026-01-22,"Dengan modal masing-masing 10 juta rupiah, berapa lot saham yang bisa kita miliki untuk $BBRI, $BMRI, $BBNI, $BBCA ?",bbri
2026-01-22,Bang. Samaan lg. pegang BBCA BMRI BBRI,bbri
2026-01-22,Bbri w jg gini udah setaun lebih gpp,bbri
2026-01-22,"Dengan naiknya TLKM dan ICBP, sepertinya ini ath equity",icbp
2026-01-22,ICBP @senimemancing sudah saatnya gambarnya panen.,icbp
2026-01-22,"If MA5 and 20 golden cross like this, is it good for entry or do I need to use other indicators? For example, like PEGE thats currently doing MA5,20 golden cross plus uptrend, wanna enter but scared of getting stuck . What about ICBP instead? The stocks clear & market caps",icbp
2026-01-22,padahal mau mane tlkm https://x.com/joontriever/st/joontriever/status/2014211026099830922,tlkm
2026-01-22,"sahamnya up internetnya down, siapa lagi kalo bukan $TLKM",tlkm
2026-01-22,"Yeah. The TLKM group has been down since around 11:25, and its still not fully recovered yet.",tlkm
2026-01-22,wowkowkwo as a student telkom udhlah gw muak dgn tlkm jg https://x.com/soleilitary/st/soleilitary/status/2014188761559777716,tlkm
2026-01-22,"Yeah, almost the entire Indo region. Because of the impact on all providers connected to the Telkom Group.",tlkm
2026-01-22,"tlkm jembut, gua lagi push rank malah ngelag asu",tlkm
2026-01-22,"$IHSG ditutup turun 0,2% dan melanjutkan penurunan 2 hari berturut-turut. Ada nego 2,96T di EMAS. Total transaksi 38,06T. NFS All Market 1,33T. Top Sektor: Non-Cyclical Lagging Sektor: Energy Top Leaders: $TLKM, $BREN, $ASII Top Laggards: $PTRO, $BUMI, $BRPT",tlkm
2026-01-22,Sepintas saham $tlkm menarik untuk di bahas.. Saham Telkom selama 5 tahun terakhir bergerak stagnan bahkan cenderung turun. Sebenarnya apa yang sedang terjadi dengan saham ini?,tlkm
2026-01-22,"@indihome @telkomsel Ngapain indihome dimatiin nasional woi, harga saham tlkm naik tuh, ad yg mau jual2 pada nyantol gara2 koneksi internetnya mati. . Sengaja lue ye matiin biar ngurangin penjualan ritel. #indihome",tlkm
2026-01-22,masalah nasional ni TLKM prahh,tlkm
2026-01-22,"Jangankan begitu, dulu 2013/2014 kalo masuk rumah, yg ada sinyal (2 bar) cuma tlkm, lainnya keplas",tlkm
2026-01-22,"- $PTRO: Bulan +14.85%, Kuartal +80.0%, Tahun +196.05%, di atas SMA20/50/200 - $DSSA: Semester +61.37%, Tahun +151.32%, di atas SMA20/50/200 (didukung, bukan spike) - $TLKM: Bulan +5.57%, Kuartal +9.76%, Tahun +36.88%, di atas SMA20/50/200 (lambat tapi stabil)",tlkm
2026-01-22,"Dengan naiknya TLKM dan ICBP, sepertinya ini ath equity",tlkm
2026-01-22,"$TLKM 4000 bulan ini, gas TLKM 3Y Chart https://stockbit.com/symbol/TLKM",tlkm
2026-01-22,tlkm IndiHome tapi iya sih wifi ada hasym,tlkm
2026-01-22,"Pernah dpt tindakan semena2 dr atasan. Gue ga pernah mau org tau bokap gue, smp akhirnya bokap ngehubungin ni atasan. Akhirnya? dibatalin. Besoknya, dia bilang gue tukang ngadu ke bapak. Pdhl hampir 10th kerja di perusahaan ini, org cukup tau bokap di TLKM tp ga usah tau siapa.",tlkm
2026-01-22,"IHSG +0,55% di level 9.060,056 di sesi I Kamis (22/1/2026). Sektor konsumer primer +1,59%, sektor infrastruktur +1,55%. Sementara sektor Teknologi -1,15%, dan Industri -0,16%. saham pendorong utama IHSG, TLKM +4,72% dengan kontribusi 17,88 indeks poin, DSSA +4,14% menyumbang 15,4",tlkm
2026-01-22,@IndiHome inet mati sejak 9 wib.kesulitan karena sdh tdk pake x.&hrs http://reinstl.symerasaindhmengesampingkancustmrnontlkm.Grpu/mdptpenangananygsetara,tlkm
2026-01-22,gweh nyang keluarga tlkm pun gatau enih gangguannya kenapa kocak tapi bapak negara keknya emang lagi riweh (semangat),tlkm
2026-01-22,1+1 = TLKM,tlkm
2026-01-22,"Koneksi TLKM sebenernya gak ada masalah (at least on my side). TAPI, somehow DNS resolver nya issue. Nah, untuk yang pake AdGuard / DuckDNS, teori nya bisa. tapi DNS server kayak gini perlu bootstrap dulu ke DNS normal, baru dia bisa resolve.",tlkm
2026-01-22,TLKM kena semua,tlkm
2026-01-22,Nungguin loading tlkm yg kek *&%#**%!!,tlkm
2026-01-22,padahal mau mane tlkm,tlkm
2026-01-22,"Nikmati Promo Opening Store Selma, Bukit Tinggi, dan dapatkan harga spesial* + cicilan 0% s.d. 24 bulan* pakai Mandiri Kartu Kredit! Berlaku s.d. 25 Januari 2026. *Info: http://bmri.id/goselmaBankMandiriberizindandiawasiolehOtoritasJasaKeuangandanBankIndonesia.",bmri
2026-01-22,serok terus bmri,bmri
2026-01-22,"Dapatkan harga tiket spesial*, cashback hingga Rp6,5 juta*, dan cicilan 0% hingga 12 bulan* di Etihad Travel Fair 2026 dengan transaksi pakai Mandiri Kartu Kredit! Laguna Atrium, Delipark Mall, Medan 23–25 Januari 2026 *Info: http://bmri.id/etihadmtf26BankMandiriberizin",bmri
2026-01-22,Bang. Samaan lg. pegang BBCA BMRI BBRI,bmri
2026-01-22,"Dari keempat big bank, $BMRI udah jalan duluan. Yang cakep sekarang dari chart cuma $BBNI, padahal bank ini sering dianaktirikan, dulu-dulu semua naik ini ngga diajak NB: Non-Syariah.",bmri
2026-01-22,"Dengan modal masing-masing 10 juta rupiah, berapa lot saham yang bisa kita miliki untuk $BBRI, $BMRI, $BBNI, $BBCA ?",bmri
2026-01-22,"MORNING CALL 22/1/26 NETFOREIGN: PSKT,SGRO BIGACCUM+VOL:OASA,AISA,KIOS MA5: EMTK, MITI MA20:ERAA MA50:AMRT, BBRI BELOW ALL MA: MPPA, BBCA PULLBACK: GJTL, UNVR, FPNI #nakamasholehpath",unvr
2026-01-23,"BRI Buddy, Enjoy the convenience of cross-border transactions in Penang with BRImo QRIS and get cashback up to 20%. Transactions become more practical without needing to exchange cash. For more information: http://bbri.id/qrispenang#BRI#BRImo#BRImoMudahSerbaBisa",bbri
2026-01-23,$BBRI $BMRI $BBNI Ya udah tinggal pilih-pilih aja yang mana Sudah mulai tersusun rapi,bbri
2026-01-23,"Sektor saham EM (Emerging market) juga udah mulai mau ngebalap DM, mulai ada rotasi, dari market utama dunia, ke market negara ke 3, termasuk indonesia. Wajar aja klo BBRI banyak di buru asing.",bbri
2026-01-23,"Mumpung Januari, nambah lot BBRI",bbri
2026-01-23,"Wkwkwk gw baru serok tadi, tapi liat bbri jadi agak nyesel kok gak bbri aja",bbri
2026-01-23,"Segi price action, BBRI di akumulasi di range 3.400 - 3.800. harganya dijaga stabil di area ini. Ini udah jelas tahap akumulasi, sebelum naik jauh.",bbri
2026-01-23,"Posisi saham 2026, fokus ke BBRI, dan beberapa saham cap nya kecil, contohnya DMAS.",bbri
2026-01-23,"Halo! Prediksi saham IDX yang nilainya berlipat ganda dalam setahun spekulatif dan berisiko tinggi. Berdasarkan analisis terbaru dari sumber seperti CNBC Indonesia dan Kontan, saham potensial termasuk BIPI (infrastruktur, naik >130% awal 2026), JPFA (poultry), BBRI (banking), dan",bbri
2026-01-23,"BBRI chart montly stocastic udah mau crossover, terakhir terjadi di 2021 jaman setelah pandemi. Dan boom, big bank indo semua naik, termasuk BBRI 150+%. Dan di 2026 dari segi teknikal itu terjadi lagi, ditengah geopolitik yang lumayan ancur2an wkwkw",bbri
2026-01-23,"Beuh jauh, bagaikan bumi & bbri",bbri
2026-01-23,"IHSG TECHNICAL VIEW (23/01/26) IHSG kemarin ditutup turun 0.2%, disertai dengan net sell asing ~964 Miliar. Saham yang paling banyak dijual asing adalah BBCA, BMRI, ANTM, BBNI dan BBRI.",bbri
2026-01-23,"BBNI pasti jos duluan, tapi kalo paling tinggi jelas BBRI",bbri
2026-01-23,"Rumor MSCI soal perubahan free-float bisa picu outflow $2B dari saham Indonesia, termasuk BBRI, BMRI, BBNI sebagai blue-chip. Keputusan akhir 30 Jan 2026, efektif Mei. Jangka pendek: Potensi tekanan turun karena uncertainty. Tapi fundamental bank kuat (laba naik, yield bagus),",bbri
2026-01-23,"Postingan itu menunjukkan chart mingguan saham BBRI, BMRI, dan BBNI yang membentuk pola tren naik rapi dengan garis support. Maksudnya, pilih salah satu karena mulai terlihat potensial untuk naik. Analisa berdasarkan data Jan 2026: - BBRI: Harga 3.790 IDR, P/E 10,2, yield 9%,",bbri
2026-01-23,"Stock Picks 23 Januari 2026 TLKM Spec Buy dengan support 3670, cut loss jika break di bawah 3600. Jika tidak break di bawah 3670, potensi naik ke 3810-3880 short term. Disclaimer: http://bit.ly/disclaimer-cgsiid#cgsi#cgsid#stockpicks#sobatgenvest#akuinvestorsaham",tlkm
2026-01-23,"Hello! I am not a financial advisor, this is not official investment advice. Based on the latest analysis (23 Jan 2026) from sources like Ajaib and BRI Danareksa, potential stocks include ESSA (buy ~670, target 700), PSAB (buy ~625, target 655), HMSP, AADI, SRTG. Also ISAT, KLBF,",tlkm
2026-01-23,"ehh sumpah tlkm lu kampret banget MAHAL ANJR GELOOOO masa gue kemarin beli 45gb 80 skrng jd 35gb NGOTAK DONG orang tiap bulan beli bkn dpt benefit malah makin ambles. mahal, isi kuota makin lama makin berkurang, waktu nya jg makin berkurang",tlkm
2026-01-23,uwaww BELOM ASA SEBULAN ANJAYY gue udh 3x beli kuota ini. 104gb/22hari + 35gb (baru tadi beli) mampu sihh tp ya ttp aja tlkm mahal banget,tlkm
2026-01-23,"PT Unilever Indonesia Tbk (UNVR) will hold an Extraordinary General Meeting of Shareholders (EGMS) in mid-February 2026. Specifically, the meeting will take place on Friday (13/2/2026) at Unilevers Head Office, Tangerang Regency, Banten. The meeting will be conducted entirely",unvr
2026-01-23,UPDATE Unilever Indonesia $UNVR resmi menjadwalkan Rapat Umum Pemegang Saham Luar Biasa (RUPSLB) pada 13 Februari 2026 untuk merombak jajaran Direksi dan membahas aturan dana pensiun. Source: Bloomberg Technoz,unvr
2026-01-23,pek boleh minta chart unvr,unvr
2026-01-24,"mantap bbri, aku dah cuan",bbri
2026-01-24,cut loss saham bbri,bbri
2026-01-24,BBRI ku yg menukik tajam padahal beli di jaman Covid. Duh mau sampe kapan kaya gini.,bbri
2026-01-24,Hitungan kasar kalo MSCI new rules FF nya berlaku kayaknya tiap bobot saham big banks $BBCA BBRI BMRI BBNI lalu $AMMN $TLKM akan mempengaruhi harga sahamnya 5~10%. Gede banget sih. adaptasi adaptasi.,bbri
2026-01-24,"BBCA, BMRI, BBRI, dan BBNI kompak turun bersamaan. Bukan karena kinerja, melainkan dampak ketidakpastian ekonomi global yang mendorong investor asing keluar dari emerging market, dan IHSG langsung terdampak akibat hal tersebut. #IHSG #BBCA #BMRI #BBRI #BBNI",bbri
2026-01-24,"Pemula mau mulai investasi saham BEI? Di 2026 gampang banget buka rekening RDN online via Livin by Mandiri! Cuma butuh e-KTP, selfie, & rekening Mandiri. Proses 1-2 hari, deposit min Rp50k, langsung beli BBCA/BBRI. Step-by-step lengkap: https://kriptoweb3.id/2026/01/cara-buka-rekening-efek-mulai-investasi.html#InvestasiSaham",bbri
2026-01-24,Kak titip pertanyaan kenapa saham $BBRI turun terus?,bbri
2026-01-24,"IHSG berpotensi bertahan di level 9.000, dengan sektor perbankan dan komoditas menjadi penopang utama pergerakan indeks. Saham-saham big cap perbankan seperti BBCA, BBRI, BMRI, dan BBNI masih menunjukkan kekuatan, seiring bobotnya yang signifikan terhadap IHSG dan perannya",bbri
2026-01-24,Hitungan kasar kalo MSCI new rules FF nya berlaku kayaknya tiap bobot saham big banks $BBCA BBRI BMRI BBNI lalu $AMMN $TLKM akan mempengaruhi harga sahamnya 5~10%. Gede banget sih. adaptasi adaptasi.,tlkm
2026-01-24,"Terbuka, awalnya kan yg daftar banyak, beberapa tahap jadi makin dikit yg ikut. Terakhir sisa 3 pemain, DSSA, WIFI, TLKM yg menang region 1 WIFI, region 2 sama 3 DSSA",tlkm
2026-01-24,"Beberapa emiten di BEI yang mungkin terdampak positif: DCII (spesialis data center), EDGE (layanan internet & data), dan TLKM (telekomunikasi dengan infrastruktur digital). Investasi fokus pada data center & cybersecurity bisa dorong pertumbuhan sektor ini. Pantau update berita.",tlkm
2026-01-24,Hitungan kasar kalo MSCI new rules FF nya berlaku kayaknya tiap bobot saham big banks $BBCA BBRI BMRI BBNI lalu $AMMN $TLKM akan mempengaruhi harga sahamnya 5~10%. Gede banget sih. adaptasi adaptasi.,bmri
2026-01-24,"Nikmati bonus udang!* dengan belanja di Grand Lucky pakai QR Bayar Livin’ by Mandiri. Berlaku hingga 25 Januari 2026. *Info: http://bmri.id/alaifGL26BankMandiriberizindandiawasiolehOtoritasJasaKeuangandanBankIndonesia,sertamerupakanpesertapenjaminanLPS.",bmri
2026-01-24,Dapatkan bonus e-money spesial!* dengan beli Hokkaido Baked Cheese Tart pakai Mandiri Kartu Debit/Kredit atau QR Bayar Livin’ by Mandiri. Berlaku hingga 31 Maret 2026. *Info: http://bmri.id/livinhokkaidobctBankMandiriberizindandiawasiolehOtoritasJasaKeuangandanBank,bmri
2026-01-24,"Minta dulu jaminannya satu rumah di PIK, satu rumah di BSD, Mobil Denza D9 + driver, Dapur MBG 10 outlet, 1jt lot saham BMRI/BBCA dah cukup itu. Dibawah itu tinggalkan...",bmri
2026-01-24,Nikmati berbagai penawaran menarik rute domestik dan internasional di Garuda Indonesia Online Travel Fair 2026 pakai Mandiri Kartu Kredit/Debit. Berlaku s.d. 4 Februari 2026! *Info: http://bmri.id/GOTFBankMandiriberizindandiawasiolehOtoritasJasaKeuangandanBank,bmri
2026-01-24,Dapatkan diskon 10%* dengan transaksi pakai Mandiri Kartu Kredit di OWNDAYS by Optik Seis! Berlaku s.d. 31 Maret 2026. *Info: http://bmri.id/Owndays10BankMandiriberizindandiawasiolehOtoritasJasaKeuangandanBankIndonesia.#MandiriKartuKredit#BankMandiri,bmri
2026-01-24,"Dapatkan bonus 1 produk* Tissue Nice di Indomaret & Ceriamart pakai Mandiri Kartu Kredit! Berlaku setiap Jumat, Sabtu & Minggu s.d. 31 Januari 2026. *Info: http://bmri.id/IndomaretBankMandiriberizindandiawasiolehOtoritasJasaKeuangandanBankIndonesia.#Indomaret",bmri
2026-01-24,"Dapatkan 1 produk* Sunlight Jeruk Nipis setiap Jumat, Sabtu, & Minggu di Alfamidi pakai Mandiri Kartu Kredit! Berlaku s.d. 31 Januari 2026. *Info: http://bmri.id/AlfamidiBankMandiriberizindandiawasiolehOtoritasJasaKeuangandanBankIndonesia.#Alfamidi",bmri
2026-01-24,"IHSG berpotensi bertahan di level 9.000, dengan sektor perbankan dan komoditas menjadi penopang utama pergerakan indeks. Saham-saham big cap perbankan seperti BBCA, BBRI, BMRI, dan BBNI masih menunjukkan kekuatan, seiring bobotnya yang signifikan terhadap IHSG dan perannya",bmri
2026-01-24,Warrant unvr sering banget lewat sekarang t di stream wkwkwkwk,unvr
2026-01-25,"Hey BRI buddy, Payday vibes in the middle of the rainy season. Time to upgrade your healthy routine to stay fit & glowing with BRIs special promo. Buy 2 Get 4 on January 25–27, 2026 using BRI Debit, BRI Credit Card & BRImo QRIS Check it out here http://bbri.id/rejuvepayday",bbri
2026-01-25,jadi penasaran sama BBRI ada apa dengan asing wah udah dekat ma200 dengan mild apakah kali ini berhasil break ma200? di chart quartal udah ada support ma50 bangkit duluan kah big bank satu ini? $bbri ketat #originalcia,bbri
2026-01-25,"The fact is, fundamentally solid stocks in MODAR!!! Bbca bbri cpin klbf",bbri
2026-01-25,masukin bmri sama bbri udh finansial freedom jir,bbri
2026-01-25,BBRI dan BBCA Beda Nasib #saham #infosaham #investasi,bbri
2026-01-25,bjtm bbri bjbr 10%... tapi ya kepotong pajak paling tinggal 9 %,bbri
2026-01-25,"Hadiri WEF Davos 2026, Dirut BRI Angkat Peran Kunci UMKM ke Panggung Keuangan Global #BRI #BBRI #SustainableFinance #WorldEconomicForumDavos2026",bbri
2026-01-25,"TLKM, MDKA, hingga BBRI: Saham Paling Berpengaruh #saham #infosaham #investasi",bbri
2026-01-25,"Di harga sekarang DY BBRI bisa diatas 8,5% Bang, kalau 340/3800... Tapi kalau nanti harga diatas 4000an ya bakal turun lagi DY nya.",bbri
2026-01-25,"dividend yield BBRI emang kisaran segitu. Emiten2 tambang malah lebih besar lagi, ada yg diatas 15% setahun.",bbri
2026-01-25,"“When Gold Prices Surge, What Does It Mean for Indonesian Banking Stocks (BBRI, BMRI, and BBCA)?” by Tio Anta Wibawa https://tioanta.medium.com/ketika-emas-naik-tajam-apa-artinya-bagi-saham-perbankan-indonesia-bbri-bmri-dan-bbca-5e702107ba97",bbri
2026-01-25,"Tahun 2024 dividen BBRI 343/share, kalo harga BBRI skrg 3800an emang 9% bang... Kalo mau masuk BBRI buat jangka panjang masih",bbri
2026-01-25,"berita penting, ICBP hari senin bakal",icbp
2026-01-25,"$ICBP? Secara fundamental, laba masih tumbuh double digit dan margin terjaga. Valuasi P/E sekarang cuma 15,3x. Jauh lebih murah dibanding $MYOR (20,5x) atau $UNVR (24,1x). Jebakan atau peluang emas? Cek analisanya di sini: http://artainvest.biz.id/2026/01/berlian-di-balik-penurunan-analisis.html#Saham#IHSG#ICBP",icbp
2026-01-25,"Turi Sehari sebelum kena angin kemarin udah mati listrik, padahal gaada hujan gaada angin. Pas kena angin yaa apa lagi kan pasti mati idup mati idup mulu. Hari ini angin udah gak ada hujan juga gak ada tapi mati listrik lagi. Mana sinyal tlkm jelek bgt di rumah ku",tlkm
2026-01-25,"TLKM, MDKA, hingga BBRI: Saham Paling Berpengaruh #saham #infosaham #investasi",tlkm
2026-01-25,"$ICBP? Secara fundamental, laba masih tumbuh double digit dan margin terjaga. Valuasi P/E sekarang cuma 15,3x. Jauh lebih murah dibanding $MYOR (20,5x) atau $UNVR (24,1x). Jebakan atau peluang emas? Cek analisanya di sini: http://artainvest.biz.id/2026/01/berlian-di-balik-penurunan-analisis.html#Saham#IHSG#ICBP",unvr
2026-01-26,BERITA POPULER: Harga Emas Antam (ANTM) Meledak hingga Manuver Asing di BBRI dan BBCA https://investor.id/market/425955/berita-populer-harga-emas-antam-antm-meledak-hingga-manuver-asing-di-bbri-dan-bbcavia@InvestorID,bbri
2026-01-26,"Waktunya untuk Big banks to shine. Be ready untuk buy on breakout di $BBRI $BBTN *Jgn haka tapi buy on breakout. Ada bedanya. Buy on breakout itu showing buyer nya mau beli dan kuat untuk beli dan serap supply dari seller, sedangkan kalo maen haka, bisa aja tiba2 supply dari",bbri
2026-01-26,"Im tired of keep averaging down this red BBRI, BBCAs crashing, just let it be, might as well buy some gold instead.",bbri
2026-01-26,"Sobat BRI Makan siang jadi lebih seru pas payday dengan promo spesial BRI. Buy 1 Get 1 buat menu Premium & Super Premium dengan BRI Debit, BRI Kartu Kredit & QRIS BRImo tanggal 26-28 Januari 2026. Cek disini http://bbri.id/superyakinikupayday#PromoMerchantBRI",bbri
2026-01-26,"Mslahnya saya bukan fans MU paman, tpi BBRI nyangkut",bbri
2026-01-26,Bbri emang 9% kok wkkw,bbri
2026-01-26,"Di WEF 2026, Dirut BRI Ungkap Peluang Akselerasi Bisnis Fintech di Indonesia #BRI #BBRI #Perbankan #Fintech #WorldEconomicForumDavos2026",bbri
2026-01-26,Udah kayak holder bbri kalau sahamnya naik 4% :v,bbri
2026-01-26,King EMYU di posisi 4 apakah ini suatu pertanda $BBRI otw 4 rebu ?,bbri
2026-01-26,Contoh investor pada 2025 menerima Dividen sebagai berikut Emiten BBRI melalui investasi di Panin Sekuritas - Rp 137 juta 15 Januari 2025 - Rp 20.84 juta 23 April 2025 Reinvestasi semua ke Panin Dana Maksima pada 30 April 2025 Laporan Dividen 2x sesuai tanggal terima dividen,bbri
2026-01-26,"Update Watchlist Saham Pribadi / Indeks Pribadi : Senin, 27 Januari 2026 (Closing). I = ASII, UNTR. II = BBRI, IMPC, BREN. III = HRUM, INDF, BBTN, TOWR, JSMR.",bbri
2026-01-26,Satu kuali = BRMS – BRPT – BUMI – BKSL – DEWA – FREN – RAJA – HUMI – BULL – BUKA – PADA – MIRA – TUGU – ELSA – BBTN – plus klaster bank kecil. Bukan satu kuali = BBRI – BBCA – BMRI – TLKM – ASII – UNTR – INDF – ICBP – ADRO – ITMG. [Analisis ChatGPT],bbri
2026-01-26,"klo pemula mending dibelikan emas nderr ga bakalan rugii, kalo mau invest saham baiknya yg blucip kaya Bbca BBRI",bbri
2026-01-26,Udah mines juga aja sattt. Sisa BBRI aja ini yang ijo.,bbri
2026-01-26,Paling tar BBRI 7000 juga lu caplokmaklum trader baru kena jaring fomo wkwwkkwwkk,bbri
2026-01-26,"duit tabungan 500 juta sayang banget ga efektif, masuk saham bank eg. BBRI lah udah dapet 45jt/tahun dari dividen doang. apalagi kalo jago stockpicking itu sekali bagger langsung jadi miliaran",bbri
2026-01-26,$CENT saya TP dah cuma 5%. Pindah $BBRI main aman,bbri
2026-01-26,"Fans emyu itu kayak pemegang saham BBRI: Menang sekali doang/sahamnya naik sehari doang rasanya udah kek juara EPL/cuan bagger, padahal masih nyangkut di papan tengah",bbri
2026-01-26,"Asing kembali aktif belanja (19–23 Jan 2026). BBRI masih jadi primadona dengan net buy hampir Rp460 miliar, disusul ADRO dan ASII. Sektor komoditas & infrastruktur mulai ikut ramai: INCO, PTRO, BRMS, MDKA masuk radar. Rotasi jangka pendek/awal akumulasi besar? Market yang jawab",bbri
2026-01-26,ga usah kerja.. hidup dari dividen<– punya modal 2M buat beli BBRI<– kerja di korea biar punya 2M<– harus keluar duit buat kekorea.. ujung²nya apa? yak betoll duit!,bbri
2026-01-26,Satu kuali = BRMS – BRPT – BUMI – BKSL – DEWA – FREN – RAJA – HUMI – BULL – BUKA – PADA – MIRA – TUGU – ELSA – BBTN – plus klaster bank kecil. Bukan satu kuali = BBRI – BBCA – BMRI – TLKM – ASII – UNTR – INDF – ICBP – ADRO – ITMG. [Analisis ChatGPT],icbp
2026-01-26,"keknya udh saatnya $ICBP nih, mie instant tahan resesi kan selama ini",icbp
2026-01-26,$ICBP masak aer,icbp
2026-01-26,bisalah market capnya masih di 250an T masih dibawah bmri tlkm asii,tlkm
2026-01-26,"EXCL (+17%) & TLKM (+8%) catat kenaikan pendapatan per user tertinggi, sinyal kuat bahwa konsumen mulai menerima kenaikan harga paket data!",tlkm
2026-01-26,Saham buat trade hari ini apakah nanti $ptba $tlkm $jsmr bakal naik?,tlkm
2026-01-26,menyala tlkm,tlkm
2026-01-26,Tlkm bangke pake acara tiba tiba diskonek,tlkm
2026-01-26,Satu kuali = BRMS – BRPT – BUMI – BKSL – DEWA – FREN – RAJA – HUMI – BULL – BUKA – PADA – MIRA – TUGU – ELSA – BBTN – plus klaster bank kecil. Bukan satu kuali = BBRI – BBCA – BMRI – TLKM – ASII – UNTR – INDF – ICBP – ADRO – ITMG. [Analisis ChatGPT],tlkm
2026-01-26,Besok coba emas sm tlkm kayanya,tlkm
2026-01-26,JAKARTA – PT Telkom Indonesia (Persero) Tbk (TLKM) dan PT Nusantara Sawit Sejahtera Tbk (NSSS) menjadi dua saham penopang Indeks Harga Saham Gabungan (IHSG) dengan kontribusi terbesar pekan ini (19-23/1). Baca selengkapnya: https://idnfinancials.com/id/news/60712/tlkm-dan-nsss-tahan-laju-ihsg-kala-dibanting-ke-bawah-9-000-pekan-ini,tlkm
2026-01-26,Satu kuali = BRMS – BRPT – BUMI – BKSL – DEWA – FREN – RAJA – HUMI – BULL – BUKA – PADA – MIRA – TUGU – ELSA – BBTN – plus klaster bank kecil. Bukan satu kuali = BBRI – BBCA – BMRI – TLKM – ASII – UNTR – INDF – ICBP – ADRO – ITMG. [Analisis ChatGPT],bmri
2026-01-26,"Nikmati cashback s.d. Rp100 rb* untuk pembelian tiket KAI lewat fitur Sukha di aplikasi Livin’ by Mandiri. Berlaku s.d. 31 Maret 2026! *Info: http://bmri.id/SukhaKAIBankMandiriberizindandiawasiolehOtoritasJasaKeuangandanBankIndonesia,sertamerupakanpeserta",bmri
2026-01-26,"$IHSG ditutup naik +0,27% mengakhiri penurun 3 hari terakhir. Total transaksi 36,98T. Ada nego 1,5T di $BHAT. NFB All Market 422,21B. Top Sector: Basic-Ind Lagging Sector: Energy Top Leaders: $DSSA, $AMMN, $EMAS Top Laggards: $BUMI, $BMRI, $BYAN #IHSG #COMPOSITE",bmri
2026-01-26,bisalah market capnya masih di 250an T masih dibawah bmri tlkm asii,bmri
2026-01-26,Saham BBCA dan BMRI Tertekan #saham #infosaham #investasi,bmri
2026-01-26,"Nikmati harga spesial* dan diskon hingga 20%* dengan tukar Livin’poin di Informa pakai Mandiri Kartu Kredit. Berlaku hingga 3 Februari 2026! *Info: http://bmri.id/informaBankMandiriberizindandiawasiolehOtoritasJasaKeuangandanBankIndonesia,sertamerupakanpeserta",bmri
2026-01-26,"Nikmati spesial diskon hingga Rp7 juta* dan ekstra diskon Rp1,5 juta* untuk pembelian motor listrik ALVA pakai Mandiri Kartu Kredit. Berlaku hingga 31 Januari 2026! *Info: http://bmri.id/alvapaydayBankMandiriberizindandiawasiolehOtoritasJasaKeuangandanBankIndonesia.",bmri
2026-01-26,"Betul, tapi sesekali masih suka juara. Lah kalo fans Arsenal kyk investor UNVR. Ga ada prestasinya",unvr
2026-01-26,"JAKARTA - Pemegang saham PT Unilever Indonesia Tbk (UNVR) akan merombak susunan direksi, dalam Rapat Umum Pemegang Saham Luar Biasa (RUPSLB) pada 13 Februari 2026. Baca selengkapnya: https://idnfinancials.com/id/news/60674/unvr-rombak-anggota-direksi-dua-direktur-kompak-mundur",unvr
2026-01-26,Unvr w dan d @marvelle_danny kalau 900 ke bawah kas8h tau gua ych,unvr
2026-01-27,kenapa ga bbri mas? waktu semua bank gede ancur sendiri dia doang yang anomali,bbri
2026-01-27,BBRI masuk saham syariah?,bbri
2026-01-27,bbri harga ok buat dibeli tu brp ya,bbri
2026-01-27,"Sobat BRI, Kamu sudah gajian? Saatnya check out belanjaan online nih! Yuk, bayar pakai BRI Virtual Account di BRImo dan dapatkan cashback 10% Jangan lewatkan promo ini ya, periode hingga 28 Januari 2026. Info lebih lanjut: http://bbri.id/promobriva.#BRImo",bbri
2026-01-27,nyesel ngelepasin BBRI arrghhhh,bbri
2026-01-27,Pemicu Saham BBCA BBRI Cs Memerah #saham #infosaham #investasi,bbri
2026-01-27,"Pagi MayFriends! Yuk join Tiger Insights pukul 08.15 WIB Live di Youtube Maybank Sekuritas “Update PGEO, ICBP, MAPA & MAPI yang Menguat Saat IHSG Hadapi Tekanan Jual MSCI” #MaybankSekuritas #MaybankTradeID #MakinPahamSaham",icbp
2026-01-27,"$IHSG ditutup naik 0,05% melanjutkan kenaikan 2 hari. Total transaksi 27,48T. NFS All Market 1,61T. Top Sector: Technology Lagging Sector: Industrial Top Leaders: $DSSA, $GOTO, $TLKM Top Laggards: $ASII, $BBCA , $BMRI #IHSG #COMPOSITE #investorsaham",tlkm
2026-01-27,"Goto hr ini oke banget, baru tlkm.",tlkm
2026-01-27,thx u tlkm izin cabut dulu,tlkm
2026-01-27,akhirnya tlkm,tlkm
2026-01-27,Pasang bid di harga terendah $Mbma 720 $Adro 2210 $Antm 4550 $Arci 1960 $Hrta 2360 $Psab 615 $Tlkm 3750,tlkm
2026-01-27,tlkm dah mulai action kak,tlkm
2026-01-27,penolong IHSG hari ini BUMI PTRO GOTO BKSL DEWA TLKM hehe,tlkm
2026-01-27,Tlkm .d,tlkm
2026-01-27,"UNVR memulai T ke 2 nya, Jika dilihat dari MA yang masih berjauhan. masih ada 1T Weekly Besar. Bullish UNVR di Oktober 26 nanti, means emiten defensif akan mulai. artinya jika defensif mulai, maka ____",unvr
2026-01-28,"IHSG lagi ambruk. Yg punya tabungan atau duit dingin mending beli banyak-banyak saham big bank. Dalam beberapa bulan kedepan harusnya udah cuan banyak sih. $BBRI atau $BBNI masih terjangkau harganya, ambil. Kalau yg tabungannya agak banyak silakan ambil $BBCA .",bbri
2026-01-28,"Sobat BRI, Spesial untuk kamu yang berkuliah di Universitas Terbuka, ayo bayar kuliahmu pakai fitur Pendidikan di BRImo dan dapatkan cashback Rp25 ribu. Jangan lewatkan promo ini, periode hingga 28 Februari 2026. Info lebih lanjut: http://bbri.id/promout.#BRImo",bbri
2026-01-28,"Sobat BRI, Waktu makan siang makin spesial di Dewata by Monsieur Spoon. Nikmati hidangan khas Nusantara dengan Promo Spesial BRI, up to 30% OFF hingga 31 Juli 2026. Promo berlaku menggunakan BRI Kartu Kredit & BRI Debit. Cek disini http://bbri.id/dewata26#PromoMerchantBRI",bbri
2026-01-28,siapkan gif bbri kita brooo @noellexador,bbri
2026-01-28,"Saham di MSCI Indonesia Index (large-mid cap) termasuk BBCA (Bank Central Asia), BBRI (Bank Rakyat), BMRI (Bank Mandiri), TLKM (Telkom), ASII (Astra Intl), AMMN (Amman Mineral), DSSA (Dian Swastatika), BREN (Barito Renewables), BRMS (Bumi Resources Minerals), BBNI (Bank Negara),",bbri
2026-01-28,"Sobat BRI, Mulai langkah hidup sehat bersama Siloam International Hospitals dengan promo spesial BRI. Hemat 10% dan cicilan 0% hingga 12 bulan dengan BRI Debit & BRI Kartu Kredit hingga 31 Oktober 2026. Cek disini http://bbri.id/siloam25#PromoMerchantBRI",bbri
2026-01-28,"Aku hari senin kemarin ngejual semua lot ku di BBRI, walaupun dikit, menurutku kerugianku itu termasuk rendah daripada tahun lalu, soalnya taun lalu minus sampai 1 juta, jadi keputusanku sangat tepat sih ini, coba aku ragu narik keknya bakal minus banyak ini mah",bbri
2026-01-28,"Sobat BRI, Croissant flaky, kopi hangat atau hot coklat, dan promo spesial BRI di CROCO by Monsieur Spoon. 20% OFF menggunakan BRI Kartu Kredit & BRI Debit hingga 31 Juli 2026. Waktunya treat yourself dengan BRI. http://bbri.id/croco26#PromoMerchantBRI",bbri
2026-01-28,Bbri besok kasih turun di iep nanti ku haka kamu,bbri
2026-01-28,BBRI Jadi Saham Murah #saham #infosaham #investasi,bbri
2026-01-28,Pagi ini terlihat hujan. Kemarin $ihsg rontok. Asing net sell hampir 7T. Hari ini sepertinya $BBCA dan $BBRI akan rebound melihat harganya yang sudah sangat murah... terutama bca..,bbri
2026-01-28,for now terjun bbri apa bmri,bbri
2026-01-28,Pada akhirnya ku serok tuh bbri dan bmri for long invested,bbri
2026-01-28,Target buy $BBRI at 3650 Given an even bigger discount... Target buy $BMRI at 4500 Given an even bigger discount... got so confused about which one to buy.... moneys limited too in the end chose BBRI because remembered buying at 3650 is better than buying at 6000,bbri
2026-01-28,"Analisis prospek pertumbuhan harga saham MSCI Indonesia pasca-pembekuan MSCI (Jan 2026) bergantung resolusi isu transparansi kepemilikan oleh Mei 2026. Tekanan jual jangka pendek dari potensi outflow >$2B, tapi fundamental kuat bisa dorong pemulihan. - Bank (BBCA, BBRI, BMRI,",bbri
2026-01-28,"Jadi beli apa nunggu nih ? Makin baca pendapat org, makin bingung musti ngapain BBCA ma BBRI lumayan nih",bbri
2026-01-28,mana yg bilang punya BBCA BBRI BMRI aman dikerjain cukong luuu,bbri
2026-01-28,"Untung sudah aku jual di harga 3820 kemarin, makasih BBRI.",bbri
2026-01-28,Beli $BBRI sekarang 3.660/lembar. Bulan depan balik ke angka 4.200/lembar udah cuan 54rb/lot.,bbri
2026-01-28,"BBRI dan BMRI halo tolong bulan depan naik saja secara ugal2an saya udah siap, saya holder setia km",bbri
2026-01-28,"Saya beli BBCA, MEDC, ANTM, NCKL, BBRI, TAPG, MDKA",bbri
2026-01-28,sp 29/1 : cmry indf. 2. agii. 3. bbni bdmn indy adro elsa. + : bbca bmri bbri.,bbri
2026-01-28,Saham burung wallet kobisa ngalahin BBCA BBRI gajelas emg ihsg dimaenin bandar semua,bbri
2026-01-28,"Rill, aku dari awal beli BBRI gapernah naik barang seribu perak selalu turun katanya karna msci ninjau ulang sampe mei. Semangatt kitaa",bbri
2026-01-28,BBRI engga kak pije?,bbri
2026-01-28,Anying IHSG merosot pol. Iseng ngebid BBRI harga rendah kena jg akhirnya wkwkwkw nyicil buat akhir tahun,bbri
2026-01-28,[09:20:53] $BBRI - SELL Rp. 1.062.677.000 (2.849 lots @ Rp3.730) DYOR!,bbri
2026-01-28,"bbri tembus di bawah covid, bbca menyusul. good luck warga",bbri
2026-01-28,uda bner kmren firasat gw jual bbri di 3850 ajg,bbri
2026-01-28,Aku rugi di BBRI jadinya,bbri
2026-01-28,Bapaknya punya saham bbca bbri dan bsd,bbri
2026-01-28,"Dividen bank Himbara tahun 2025 per saham (dibayarkan di 2025, berdasarkan data hingga Jan 2026): - BBRI: Total Rp343,4 (interim 2024 Rp135 + final 2024 Rp208,4) - BMRI: Rp466,18 (final 2024) - BBNI: Rp374,06 (final 2024) - BBTN: Rp53,57 (final 2024) Interim 2025 untuk BBRI",bbri
2026-01-28,Tadi siang akhirnya beli BBRI lagi setelah sekian lamaaa ga beli apa-apa sama sekali.,bbri
2026-01-28,perlu di avg down ga ya ni bbri ku,bbri
2026-01-28,"Whats the deal with Serok-Serok? The JCI is gonna crash through to Rp 3,000, the Rupiahs plummeting to over 20,000. BBRIs tanking to Rp 1,500. BBCAs tanking to Rp 2,000. Its time for Indonesia to fall apart completely. Sukarno, Suharto, Gusdur, Mega, SBY, Jokowi, and",bbri
2026-01-28,"Kalo BBCA aja ambles, BBRI gue pakabar??",bbri
2026-01-28,inshaallah hamba percaya sama bbri,bbri
2026-01-28,efek MSCI sangat terasa hari ini thank you bu @EvaMalca early warningnya saya terhindar saham2 msci ihsg belum tutup aman masih dibawah 8400 besok koreksi intraday wave abc bisa mungkin ke 8400 setelah itu apakah bisa bertahan di atas 8402 itu masalahnya. apakah bbri bumi bbca,bbri
2026-01-28,Belum perlu om.. Kecuali bbri 2500 38 token bergerak semua..,bbri
2026-01-28,[09:10:47] $BBRI - BUY Rp. 1.470.273.000 (3.963 lots @ Rp3.710) DYOR!,bbri
2026-01-28,Kalau bbca sebelum dev saya keluar Kalau bbri sama bmri Kalau kaga cuan 50% Setiap tahun gua ambil dev saja..,bbri
2026-01-28,"yg sedang atau sudah ngurus penjajakan um! semisal udah bebas tanggungan di perpus sama fakultas, langsung bisa bayar iuran ika ke bbri jl sby? atau harus buat akun dulu atau gimana? tolong penjelasannya teman temann",bbri
2026-01-28,"Bttr icbp sih, entry di 8,300-8,350, cut loss 7,900 take profit 8,850-9,000. Jangan all in maks 20-30% aja",icbp
2026-01-28,[10:26:34] $ICBP - BUY Rp. 1.293.630.000 (1.612 lots @ Rp8.025) [10:26:54] $EMAS - NG Rp. 1.162.545.000 (1.649 lots @ Rp7.050) [10:27:11] $BRMS - SELL Rp. 1.225.942.500 (10.995 lots @ Rp1.115) DYOR!,icbp
2026-01-28,[10:27:53] $ICBP - SELL Rp. 1.298.445.000 (1.618 lots @ Rp8.025) [10:27:55] $BMRI - SELL Rp. 3.746.274.000 (8.022 lots @ Rp4.670) [10:27:58] $BMRI - SELL Rp. 1.775.926.000 (3.811 lots @ Rp4.660) DYOR!,icbp
2026-01-28,Saatnya balik ke UNTR/ICBP,icbp
2026-01-28,ini icbp bakal naik kan bang,icbp
2026-01-28,Newsnya udah keluar duluan? Makanya jadi bearsih? News pertama kali pemberitahuan msci: https://bareksa.com/berita/saham/2025-10-28/rekomendasi-saham-hari-ini-bbca-bbri-icbp-wacana-aturan-baru-msci-bayangi-ihsg22januari:https://cnbcindonesia.com/research/20260121110342-128-703978/pengumuman-msci-dinanti-investor-ini-aturan-dan-keuntungannya18januariolehbloombergtechnoz:https://bloombergtechnoz.com/detail-news/96669/persiapan-msci-berlakukan-metodologi-pembobotan-baru,icbp
2026-01-28,"Saham di MSCI Indonesia Index (large-mid cap) termasuk BBCA (Bank Central Asia), BBRI (Bank Rakyat), BMRI (Bank Mandiri), TLKM (Telkom), ASII (Astra Intl), AMMN (Amman Mineral), DSSA (Dian Swastatika), BREN (Barito Renewables), BRMS (Bumi Resources Minerals), BBNI (Bank Negara),",tlkm
2026-01-28,"Organik harusnya aman (kecuali BUMN kontruksi). Mid to Top level management bisa dipastikan gada jenjang (sangat terbatas) PKWT yg mungkin terancam, kecuali PT KAI karena kalo liat data angkanya naik terus Opsi pensiun dini jadi opsi (TLKM 2024 nawarin program ini)",tlkm
2026-01-28,"Alhamdulillah yaaa... mdka, adro, indf, tlkm masih ijo.",tlkm
2026-01-28,"Saham TLKM Babak Belur Anjlok Hingga 11,93% https://jurnalzone.id/tlkm-babak-belur-anjlok-hingga-1193/",tlkm
2026-01-28,TLKM kemarin masih cuan 10% Hari ini minus 3%,tlkm
2026-01-28,Ko.. titip chart TLKM ya.. bisa dibawah 3.000 lagi gak hahaha,tlkm
2026-01-28,"perkara lain, setelah pengumuman MSCI, terlihat bankingnya cukup besar dibuang, terutama BBCA, BMRI, dan TLKM. jadi sepertinya ada fund lain yang buang saham-saham bluechip kita dengan size yang lumayan. sederhananya saya bilang ini fund-fund luar yang nempel dengan MSCI.",tlkm
2026-01-28,ga sanggup liat porto gong 1 emiten -41% tlkm selasa kmrn gua mau cabut ajaa ga dikasih hari ini malah diguyur darah,tlkm
2026-01-28,"Seluruh sektor mengalami penurunan, terparah dialami sektor Infrastruktur -10,15% Top Leaders: $BOGA, $INDF, $STAR Top Laggards: $DSSA, $TLKM, $BBCA #IHSG #investorsaham #crash",tlkm
2026-01-28,"UPDATE IHSG $COMPOSITE anjlok 7,35% ke 8.320, sempat kena trading halt akibat sentimen negatif pembekuan indeks MSCI. Saham big caps ( $BBCA , $BBRI, $TLKM) rontok saat bursa Asia lainnya justru menguat. Source: IDN Financials",tlkm
2026-01-28,"Tlkm, supa, itic",tlkm
2026-01-28,"Masih ada yang ijo nih walaupun market lagi merah parah! Dari data terkini (7 hari terakhir), top gainers: NSSS (+58.5%), PGUN (+16.5%), DSSA (+13.7%), MORA (+13.3%), ANTM (+11.9%), TLKM (+9.4%). Cek detail di IDX ya. wkwk",tlkm
2026-01-28,[10:32:14] $TLKM - SELL Rp. 2.490.024.000 (6.936 lots @ Rp3.590) [10:32:14] $TLKM - SELL Rp. 1.462.925.000 (4.075 lots @ Rp3.590) [10:32:29] $BMRI - SELL Rp. 1.111.200.000 (2.400 lots @ Rp4.630) DYOR!,tlkm
2026-01-28,[10:27:59] $BBCA - SELL Rp. 1.044.725.000 (1.441 lots @ Rp7.250) [10:28:16] $BBNI - SELL Rp. 4.017.652.000 (8.948 lots @ Rp4.490) [10:28:40] $TLKM - SELL Rp. 1.810.000.000 (5.000 lots @ Rp3.620) DYOR!,tlkm
2026-01-28,[10:49:02] $TLKM - NG Rp. 35.750.000.000 (100.000 lots @ Rp3.575) [10:49:29] $BBCA - SELL Rp. 2.223.650.000 (3.110 lots @ Rp7.150) [10:49:55] $TOBA - BUY Rp. 1.800.682.500 (24.837 lots @ Rp725) DYOR!,tlkm
2026-01-28,[10:32:55] $SGRO - SELL Rp. 12.221.040.000 (15.668 lots @ Rp7.800) [10:33:16] $BBCA - SELL Rp. 1.445.000.000 (2.000 lots @ Rp7.225) [10:34:03] $TLKM - SELL Rp. 1.077.000.000 (3.000 lots @ Rp3.590) DYOR!,tlkm
2026-01-28,kejatuhan gap down opening itu terlihat tindakan terencana rapih oleh asing bukan panik retail tapi move big money 4T net sell bbca itu bukan jumlah main main bbca bmri bbri antm tlkm adalah sebenarnya adalah saham yg dibuang asing walaupun katanya yg masalah freefloat nya konglo,tlkm
2026-01-28,[10:50:10] $PNLF - SELL Rp. 1.054.107.000 (39.041 lots @ Rp270) [10:51:02] $TINS - SELL Rp. 2.567.825.000 (7.901 lots @ Rp3.250) [10:51:14] $TLKM - SELL Rp. 1.054.578.000 (2.954 lots @ Rp3.570) DYOR!,tlkm
2026-01-28,Apakah jadi the next unvr?,unvr
2026-01-28,Unvr jg lg buyback,unvr
2026-01-28,"logo UNVR putih, pastinya juga putih",unvr
2026-01-29,Harga $BBRI semalam 3.660 sekarang udah 3.720 hanya dlm hitungan 24 jam. Untuk mereka yg semalam investasi 10 lot saja di angka 3.660.000 sekarang sudah punya 3.720.000 alias cuan 60rb. Yg semalam beli 100 lot sudah cuan 600rb tanpa harus kerja keras. Orang kaya makin kaya.,bbri
2026-01-29,"IHSG starts rebounding, led by the rise in shares of top-tier banks! BBCA +2.8% BBRI +3.6% BMRI +1.1%",bbri
2026-01-29,pak @prabowo saya butuh BBRI balik ke 5500,bbri
2026-01-29,"Sobat BRI, Makan siang jadi makin nikmat dengan Promo Spesial BRI di Super Yakiniku. Buy 1 Get 1 Paket Premium/Super Premium menggunakan BRI Kartu Kredit, BRI Debit & QRIS BRImo hingga 31 Maret 2026. Cek disini http://bbri.id/superyakiniku#PromoMerchantBRI",bbri
2026-01-29,BBRI KU NGACENG BIKIN MENAMBAH ENERGI RERAHHHHH,bbri
2026-01-29,"senin kemaren memutuskan jual semua BBRI (portofolio ku terbanyak) buat geser ke emas karena biasalah cycle mau lebaran, dengan merelakan cum date maret/april, alhasil sangat wow 2 hari ini",bbri
2026-01-29,"Saham batu pondasi memang beda, BBRI sama BBCA menyelamatkan bursa hari ini",bbri
2026-01-29,$BBRI menyusul mewakili fundamental!,bbri
2026-01-29,Tadi pagi sih bbca bbni bmri dan bbri harga menggiurkan,bbri
2026-01-29,"Cuma fokus buy bmri timpuk sekali Dah hijau pun. Kali ini nggak mau di tektok lagi Waktunya makan deviden....... Simpan sampai 10 thn kedepan, jadi saham gratis Pensiun ada dari dmas, hmsp, bbca, ptba, bbri dan bmri Mau cari tanah di lereng gunung dulu",bbri
2026-01-29,"Sobat BRI, Waktu ngemil sore terasa lebih spesial dengan sajian pastry khas Monsieur Spoon. Up to 30%OFF dengan BRI Kartu Kredit dan BRI Debit. Cek disini http://bbri.id/monsieurspoon#PromoMerchantBRI",bbri
2026-01-29,Bbca balik ke 7000an lagi damn Saham pak pp cuan anomali Bbri jg bangkit Bbrp saham udah bongkar arb ky brpt emtk inet NETV?!,bbri
2026-01-29,[10:54:11] $BBRI - SELL Rp. 1.507.730.000 (4.165 lots @ Rp3.620) [10:54:29] $BBRI - SELL Rp. 1.810.000.000 (5.000 lots @ Rp3.620) [10:54:36] $BBRI - SELL Rp. 2.368.928.000 (6.544 lots @ Rp3.620) DYOR!,bbri
2026-01-29,bbri naik dikit pun udah bikin agak tenang,bbri
2026-01-29,Culers Indonesia Pilih legenda Barça impianmu & wujudkan Meet & Greet di Indonesia Isi survei http://bbri.id/legendfcb#BRIDebit#BRITabungan#BarçaxBRI,bbri
2026-01-29,"ihsg merah, bukannya avgd bbri, malah beli yg lain hehehe",bbri
2026-01-29,"BBRI aku liat2 jg cepet rebound, yg lain mau nyoba nanjak tp belom kuat, terjun lagi",bbri
2026-01-29,"adro, bbri, bmri",bbri
2026-01-29,sp 30/1 : 1. agii nasi asii lppf nest. 2. trin smra pwon ctra hope bris bbca bmri bbri asgr elit oasa,bbri
2026-01-29,Ternyata jadinya dipake buat avg down bbri xixii,bbri
2026-01-29,"Ajaibnya emiten konglo yg ratusan kali mahal sahamnya masih di serbu ritel..!! Ehh saham BBRI yg PBV cuma 1,5× gak dilirik kan bangke . CDIA itu Saham nilai buku Rp 500 di hargai Rp 1800. Kan goblok",bbri
2026-01-29,"Melihat bbca dan bbri, nyesekkk",bbri
2026-01-29,"Ga sopan banget $BBRI Kaget banget pas menjelang pra-penutupan masih di 3.720 melulu. Tetiba closing dilukis full body candle’nya jadi close di harga 3.780 Harus banget gitu close di atas MA50, bossskuh",bbri
2026-01-29,@gaspanic__ BBRI yang merah ini jg karna manchester is red kah?,bbri
2026-01-29,"walaupun bisa cicil 2-3 lot bbri, saya ikut senang bang dapet harga sekitar 3330 tadi wkwk",bbri
2026-01-29,"Kalo gue krna emng mau invest jd saham” blue chip yak, yg gede” aja terus sistem nabung, jadi memang buat deviden buat passive income bukan trading Bbca tuh lg turun tp kalo kegedean bisa bbri maybe",bbri
2026-01-29,BBRI lah wkwk,bbri
2026-01-29,Gilssss bbri 3000,bbri
2026-01-29,Udah naek nih. Bbri ijo nih. Pada serok banking yak,bbri
2026-01-29,Prediksi Saham Bank Indonesia 1. $BBCA 4700 2. $BMRI 4000 3. $BBRI 3000 Hanya prediksi,bbri
2026-01-29,"Gain intraday 29/1 : agii 8.6%, bbri 4.4%, bbca 2.5%, indy 2.4%, cmry 1.4%, adro 1%, bmri 1%.",bbri
2026-01-29,bbri wusshhhhh untung tadi sempet beli,bbri
2026-01-29,pada lari ke bbri ampe naik mulu harganya,bbri
2026-01-29,Padahal saham yang paling banyak di jual asing itu BBCA BMRI BBRI,bbri
2026-01-29,KING BBRI sama ASII juga,bbri
2026-01-29,emg toppp bbri kak,bbri
2026-01-29,Malah BBRI yang ijo,bbri
2026-01-29,"Anjirrr bbca,tins ku kena stop loss mbma, kija, bbri, Gorenganku ga bisa dijual. Di halt. Ga bisa dijuallllll. Arrghh",bbri
2026-01-29,terima kasih bbri,bbri
2026-01-29,BBRI sama BTC wa nunggu bbri menuju 3000,bbri
2026-01-29,Bbri dua hari ini bener2 bikin misuh dan happy secara bersamaan,bbri
2026-01-29,#bbri weekly... Jelas sekali akan kemana,bbri
2026-01-29,"IHSG Sesi II Mencoba Bangkit, Saham BBRI dan BBCA Pimpin Rebound https://jurnalzone.id/ihsg-sesi-ii-mencoba-bangkit-saham-bbri-dan-bbca-pimpin-rebound/",bbri
2026-01-29,BBRI menyelamatkan porto guee,bbri
2026-01-29,[09:13:54] $BBRI - SELL Rp. 1.652.496.000 (4.776 lots @ Rp3.460) [09:13:59] $PANI - SELL Rp. 1.426.250.000 (1.750 lots @ Rp8.150) [09:14:03] $BBCA - SELL Rp. 1.965.000.000 (3.000 lots @ Rp6.550) DYOR!,bbri
2026-01-29,"IHSG Ditutup Melemah 1,06 Persen di Level 8.232, Saham BBRI Menguat 5,29 Persen",bbri
2026-01-29,Main saham jgn suka all in plus margin Apalagi pakai rek margin.. Di 1 saham dan di pucuk lagi.. Beli saham boleh all in kalau di bawah.. Seperti bbri 3700 kalau discon 50 % ..1850 khan hampir kaga mungkin Terus kontrol equty margin Hari ini banyak yg kena margin call,bbri
2026-01-29,Cuma BBRI doang cuy yg udah mencapai titik resistance. Kemungkinan dia naik cuy.,bbri
2026-01-29,Kayanya tiap bbri minimal danantara beli ya? Dulu pas pemindahan Sekarang di market,bbri
2026-01-29,Dikitlagi icbp back to covid era wkwk,icbp
2026-01-29,"omg icbp gw udah suspended ga tuh, lagian turunnya etdahhh",icbp
2026-01-29,"Icbp terjun bebass sebebas itu 8rban skrang di 7300 sumpah nangis bgt, bakal bisa normal lagi ga ya?",icbp
2026-01-29,"Tenang, badai akan berlalu Sooner or later, saham fundamental akan di apresiasi pasar Kesempatan emas serok saham yg valuasinya sangat undervalue. You name it. BBCA ICBP ACES LPPF KLBF SIDO GOTO pure spekulasi yg menarik #FundamentalIsBack",icbp
2026-01-29,[11:02:56] $BBNI - SELL Rp. 1.955.104.000 (4.568 lots @ Rp4.280) [11:02:58] $BBNI - SELL Rp. 2.140.000.000 (5.000 lots @ Rp4.280) [11:04:47] $ICBP - SELL Rp. 1.800.000.000 (2.400 lots @ Rp7.500) DYOR!,icbp
2026-01-29,beli saham ANTM dan TLKM untuk 1 bulan kedepan oke ga?,tlkm
2026-01-29,Nyesel ga take profit kemaren TLKM sama PTBA sattt,tlkm
2026-01-29,"5 saham potensial rebound cepat pasca-drop IHSG: 1. TLKM (Telkom Indonesia, sektor telekom stabil). 2. GOTO (GoTo, teknologi resilient). 3. DSSA (Dian Swastatika, performa positif baru-baru ini). 4. CUAN (Petrindo Jaya Kreasi, beli insider saat halt). 5. LPKR (Lippo Karawaci,",tlkm
2026-01-29,gaje ah tlkm anjer,tlkm
2026-01-29,"Contoh: Saham big caps seperti BBCA atau TLKM (yang bobotnya besar di MSCI) langsung ambruk 6-12%, menyeret IHSG keseluruhan. Buat investor longterm, momen koreksi ini justru kesempatan untuk DCA saham2 blue chip yang undervalued dlm jumlah banyak n ditahan dalam jangka panjang~",tlkm
2026-01-29,"Is there any enlightenment on this, Pak Ustad?",tlkm
2026-01-29,Ngeri ngecreate volume di tlkm,tlkm
2026-01-29,"IHSG TECHNICAL VIEW (29/01/26) IHSG kemarin ditutup turun 7.35%, disertai dengan net sell asing ~6.12 Triliun. Saham yang paling banyak dijual asing adalah BBCA, BMRI, BBRI, TLKM dan ANTM.",tlkm
2026-01-29,[11:10:35] $TLKM - SELL Rp. 1.619.164.000 (4.877 lots @ Rp3.320) [11:10:39] $BUMI - NG Rp. 3.800.000.000 (190.000 lots @ Rp200) [11:11:21] $TINS - BUY Rp. 1.600.000.000 (5.000 lots @ Rp3.200) DYOR!,tlkm
2026-01-29,"Market maker mengambil untung dan butuh liquiditas, dan momen seperti tgl 27/01/2026 itu liquidity exit yang pas. Contoh: Market maker keluar dari saham big caps seperti BBCA atau TLKM (yang bobotnya besar di MSCI) langsung ambruk 6-12%, menyeret IHSG keseluruhan.",tlkm
2026-01-29,"Sepertinya PT BIRD KLASIFIKASI itu PT Biro Klasifikasi Indonesia (BKI), yang baru dapat transfer 52,09% saham TLKM dari pemerintah per Jan 2026. Kode buat sinyal beli BUMN stocks pas gejolak MSCI? Bisa jadi, tapi cek data lengkap ya!",tlkm
2026-01-29,"Yang habis untung trading dari $BBCA , $BUMI, $PTRO, $TINS , $UNVR tolong komen di sini khususnya Sahabat Bena Renjana.",unvr
2026-01-29,"Anjng unvr turun konstan 4% setiap hari Apa gua beli dulu yaa, abis lebaran naik gekk biar langsung di sell",unvr
2026-01-29,celaka di bear market biasanya terjadi di 2 hal 1. ga mau cl setelah salah beli pucuk 2. ga sabar nunggu saham tenang dan buru2 beli ketika saham baru mulai turun dengan pikiran diskon dan sahamnya turun terus dan tetap ga mau cutloss INGAT UNVR 3. dengerin influencer joget2,unvr
2026-01-29,Jangan kaya unvr,unvr
2026-01-30,"Sobat BRI, Tas baru = mood baru Weekend makin stylish dengan promo spesial BRI di URBAN&CO Diskon Rp50 ribu dengan BRI Kartu Kredit, BRI Debit & QRIS BRImo hinga 31 Maret 2026. Berlaku setiap Jumat – Minggu. Cek disini http://bbri.id/urbannco26#PromoMerchantBRI",bbri
2026-01-30,"Folks know Halt is happening again.. Usually, there are stocks that keep arbitraging, right? The regulators and supervisors just pretend to be blind..... Want to own: $BBRI at 2500 $BBCA at 5000 $BMRI at 3000",bbri
2026-01-30,"Sumpah loh ini bbri tumben ijo Bank lain turun bisa turun banget, lah dia turun dikit lgsg naik",bbri
2026-01-30,yang ketinggalan serok bbri,bbri
2026-01-30,"BRI Buddy Dining at Javanegra Gourmet Atelier is even more enjoyable and affordable with the BRI Special Promo. 10% discount using BRI Credit Card, BRI Debit & BRImo QRIS until June 30, 2026. Check here http://bbri.id/javanegra26#PromoMerchantBRI",bbri
2026-01-30,"Yg terbaik tetap BBRI, sbb hulunya likuiditas adalah Bank..!;",bbri
2026-01-30,"Berikut ringkasan aturan pembagian dividen per emiten berdasarkan data terkini dari situs resmi (hingga 2025, asumsi berlanjut 2026): BBCA: Dividen tunai interim & final dari laba bersih, ditetapkan RUPS. Contoh: Interim Rp55/saham (Nov 2025), final Rp300/saham (2025). BBRI:",bbri
2026-01-30,"Berdasarkan data terkini, isu MSCI terkait free float rendah menyebabkan volatilitas tinggi di pasar Indonesia. Proyeksi 3 bulan (hingga April 2026): Jika regulator tingkatkan free float ke 15% seperti rencana, saham BBCA, BBRI, BMRI, BBNI berpotensi pulih 10-20% dari level 29",bbri
2026-01-30,"Pada 30 Januari 2026, harga saham emiten tersebut alami lonjakan tegas: BBCA Rp7.400 (+15,2% dari 29/1), BBRI Rp3.810 (+14,4%), BMRI Rp4.820 (+15,6%), BBNI Rp4.490 (+11,4%). Data dari Yahoo Finance, selaras dengan laporan IDX. Ini tekankan bullish agresif pasca-volatilitas MSCI,",bbri
2026-01-30,"Bbca, bbri, bmri",bbri
2026-01-30,BBRI hijau gini alhamdulillah aja guys #AplikasiAjaib #saham,bbri
2026-01-30,"Berdasarkan data terkini, regulasi MSCI soal free float minimum 15% bisa picu perubahan signifikan pada Q2 2026 (efektif Juni pasca-review Mei). Jika teratasi, emiten bank besar (BBCA, BBRI, BMRI, BBNI) potensi naik bobot indeks, inflow asing, harga +10-20% dari level sekarang.",bbri
2026-01-30,ada sinyal positif ini BBRI aku percaya #AplikasiAjaib #saham,bbri
2026-01-30,Watchlist: BBRI ADMR ADRO KICI,bbri
2026-01-30,$BBCA dan $BBRI perhatikan,bbri
2026-01-30,PTBA BSSR ADRO BBRI BMRI,bbri
2026-01-30,wkkw yg saya ambil juga bbri ama adro aja bang,bbri
2026-01-30,"Dia baru invest setahun? Saham blue chip yg turun 20%an dalam setahun itu BBCA. BMRI -17% tapi dividen yield (Apr+Des) sekitar +13%. BBRI -9%, dividen +8%. ASII +29%, dividen +8%. Selama investnya utk mengamankan aset, bukan sumber pencarian, ga usah dipikirin, tidur nyenyak aja.",bbri
2026-01-30,"Sobat BRI, Beli OPPO Reno15 Series 5G dengan promo spesial BRI. Dapatkan diskon hingga Rp1 juta menggunakan BRI Kartu Kredit dan BRI Debit hingga 31 Maret 2026 Cek disini http://bbri.id/opporeno15#PromoMerchantBRI",bbri
2026-01-30,mulai lagi BBRI semoga ijo teruss #AplikasiAjaib #saham,bbri
2026-01-30,"Masukin aja bmri dan bbri, dividen 8-10% setahun",bbri
2026-01-30,"BBRI lah, sekalian dapat dividen nanti. Kemudian BMRI",bbri
2026-01-30,"Gw pnh bagger di bbrpa saham seperti auto, bumi, agro. Tp secara periodik tahunan kenaikan modal di saham gw paling di 10-15 %. Itupun perlu waktu buat kulik2 emiten mana yg fokus jangka panjang , mana buat jangka pendek. Blm lg fluktuasi saat ini dimana BBRI gw minus. Wkwk...",bbri
2026-01-30,Ngeliat volume 2 hari terakhir sepertinya fix Danantara masuk ke $BBRI dan $BMRI dalam 2 hari terakhir.,bbri
2026-01-30,hebat kamu bbca bbri,bbri
2026-01-30,Kalau BBRI sama tlkm bagus gak si di beli skrg kak?,bbri
2026-01-30,Padahal gara2 beliau gw jadi bisa masuk BBRI di harga 3500. Makasih Pak Iman.,bbri
2026-01-30,BBRI ada kenaikan 4% dr harga semula bener2 adem #AplikasiAjaib #saham,bbri
2026-01-30,"IHSG Dibuka Menguat 0,93%: Saham BBCA, BBRI dan TLKM Jadi Andalan Investor https://bitvonline.com/ekonomi/57569/ihsg-dibuka-menguat-093-saham-bbca-bbri-dan-tlkm-jadi-andalan-investor/#IHSG#SahamIndonesia#BursaEfekIndonesia#InvestasiSaham#MSCI#OJK#BEI#ReboundIHSG#SahamPilihan#TradingSaham#MarketUpdate#IHSGHariIni#Investasi2026#bitvonline#jumat",bbri
2026-01-30,[14:56:49] $BBCA - NG Rp. 106.965.000.000 (150.000 lots @ Rp7.131) [14:57:43] $BBRI - BUY Rp. 3.172.389.000 (8.283 lots @ Rp3.830) [14:58:06] $BBRI - BUY Rp. 2.006.016.000 (5.224 lots @ Rp3.840) DYOR!,bbri
2026-01-30,"Apapun alasannya, mau sementara atau tidak, BBRI BBCA telah membuat lower low lagi sejak topnya 2024 akhir, tapi BMRI BBRI tidak lho malah udah higher low. teknikal analisis $BBRI $BBCA $BMRI $BBNI #TAsaham",bbri
2026-01-30,BBRI mulai nyicil lgi semoga baik kedepannya #AplikasiAjaib #saham,bbri
2026-01-30,$BBRI jujur menarik tapi aku gak mau gegabah. Nunggu breakout 3800 - 3900. Kalau berhasil breakout target TP1 di 4600. Long term target dari Astronacci 6400.,bbri
2026-01-30,UPDATE SAHAM IHSG | 30 JAN 2026 Market masih volatile Fokus disiplin & pilih saham kuat Trading: $HRUM $ISAT $TLKM Blue-chip: $BBCA $BMRI $BBRI $ASII DYOR & risk management ya @hunter_boys3 #IHSG #SahamIndonesia #SahamHariIni #TradingSaham #InvestasiSaham,bbri
2026-01-30,[15:02:20] $BBRI - SELL Rp. 2.542.354.000 (6.638 lots @ Rp3.830) [15:06:30] $BBRI - BUY Rp. 3.293.184.000 (8.576 lots @ Rp3.840) [15:08:32] $NISP - NG Rp. 4.458.500.000 (37.000 lots @ Rp1.205) DYOR!,bbri
2026-01-30,saham udh mulai ijo sama BBRI krmn sempet merah #AplikasiAjaib #saham,bbri
2026-01-30,"Di harga sekarang full bbca aja, klo mau lebih 1 bisa bbri/bmri temennya. Klo mau yg syariah mpmx ama sido",bbri
2026-01-30,"@grok buat proyeksi 3 bulan ke depan emiten di bawah ini akan terjadi pada pasar modal di Indonesia mengenai permasalahan dengan msci. berikut terlampir dengan harga saham per emiten di tanggal 29/1 #bbca 6425, #bbri 3330, #bmri 4170, #bbni 4030",bbri
2026-01-30,Kak aku sodara jauh sama mamanya loh... Bisa kali bbri mah,bbri
2026-01-30,"My stock portfolios been baggin on some shares like AUTO, BUMI, AGRO. But on an annual periodic basis, my capital gains in stocks are at most 10-15%. And even that takes time to dig into which emitters to focus on for the long term, which for the short term. Not to mention the",bbri
2026-01-30,"Didukung BRI dan LinkUMKM, Kenes Lalita Sukses Kembangkan Bisnis Busana Anak Khas Jepara #BRI #BBRI #UMKM #KenesLalita",bbri
2026-01-30,"menurutku masih menarik BBRI sih min, karna ada potensi cap gain dan sudah battle tested di setiap crash pasti dalam 1-2 tahun ATH lagi, tapi resiko di NPL, memang emiten yang sempurna itu cuma punya pak prajogo",bbri
2026-01-30,"hu itu bbri bbca, terus bmri bbri lagi?",bbri
2026-01-30,"ADRO + AADI, kombo 2 saham ini, yield gede dan potensi capital gain masih ada, perusahaan juga growth. ACES+SIDO, ini saham consumer murah + yield juga gede, jdi potensi capital gain masih ada. untuk banking ada BMRI+BBRI bisa dipertimbangkan, sudah terdiversifikasi juga",bbri
2026-01-30,"Whatever the reason, whether temporary or not, BBRI BBCA has made another lower low since its 2024 year-end top, but BMRI BBRI hasnt—in fact, its already forming a higher low. technical analysis $BBRI $BBCA $BMRI $BBNI #TAsaham",bbri
2026-01-30,$BBRI belum bisa tembus ya sudah close weekly per hari ini. Kita lihat hari senin gimana. Aku masih WnS dulu.,bbri
2026-01-30,PTBA BBRI...baca2 pengen ngoleksi juga BJTM sama BMRI,bbri
2026-01-30,[16:24:19] $BBCA - NG Rp. 284.697.465.000 (411.710 lots @ Rp6.915) [16:24:28] $BBRI - NG Rp. 18.910.000.000 (50.000 lots @ Rp3.782) [16:24:58] $UNVR - NG Rp. 7.104.000.000 (38.400 lots @ Rp1.850) DYOR!,bbri
2026-01-30,"Ajg gua udah call icbp bakal rebound tapi malah masang stop loss, udah 8k ajgghhhh",icbp
2026-01-30,"$IHSG ditutup naik 1,18% mengakhiri penurunan 2 hari beruntun. Total transaksi 41,69T, ada nego 4,1T di EMAS dan 1,1T di GEMS. NFS All Market 1,53T. Top Sector: Transport Lagging Sector: Industrial Top Leaders: $BBCA , $DSSA, $TLKM Top Laggards: $MORA, $VKTR, $IMPC #IHSG",tlkm
2026-01-30,"Padahal lebih enak per 4 digit ya, langsung ke deteksi nomor apa : 0852 (Tlkm), 0856 (IM3)",tlkm
2026-01-30,UPDATE SAHAM IHSG | 30 JAN 2026 Market masih volatile Fokus disiplin & pilih saham kuat Trading: $HRUM $ISAT $TLKM Blue-chip: $BBCA $BMRI $BBRI $ASII DYOR & risk management ya @hunter_boys3 #IHSG #SahamIndonesia #SahamHariIni #TradingSaham #InvestasiSaham,tlkm
2026-01-30,Kalau BBRI sama tlkm bagus gak si di beli skrg kak?,tlkm
2026-01-30,"Stock Picks 30 Januari 2026 TLKM Spec Buy dengan support 3380, cut loss jika break di bawah 3310. Jika tidak break di bawah 3380, potensi naik ke 3520-3590 short term. Disclaimer: http://bit.ly/disclaimer-cgsiid#cgsi#cgsid#stockpicks#sobatgenvest#akuinvestorsaham",tlkm
2026-01-30,Pantes TLKM tahan guncangan,tlkm
2026-01-30,"kalau ane koleksi ptba, asii, tlkm untuk nyari deviden. sebenernya big bank juga ok sih, cuman ane mencoba hindari riba. jadi ya 3 diatas yg jadi andalan",tlkm
2026-01-30,[16:10:11] $ISAT - RG Rp. 2.230.000.000 (10.000 lots @ Rp2.230) [16:10:58] $TLKM - NG Rp. 20.478.861.600 (56.509 lots @ Rp3.624) [16:10:58] $BMRI - NG Rp. 43.924.911.100 (91.301 lots @ Rp4.811) DYOR!,tlkm
2026-01-30,[16:14:24] $BBCA - NG Rp. 4.730.460.100 (6.359 lots @ Rp7.439) [16:14:31] $TLKM - NG Rp. 5.969.520.000 (16.582 lots @ Rp3.600) [16:14:46] $BMRI - NG Rp. 2.400.539.400 (4.998 lots @ Rp4.803) DYOR!,tlkm
2026-01-30,Tlkm anjr mana sering lemot,tlkm
2026-01-30,TLKM jg pak,tlkm
2026-01-30,"[15:46:06] $BBCA - BUY Rp. 2.091.000.000 (2.788 lots @ Rp7.500) [15:46:06] $TLKM - BUY Rp. 5.624.032.000 (15.536 lots @ Rp3.620) [15:46:12] $SMMA - NG Rp. 4.499.992.305 (5.691,15 lots @ Rp7.907) DYOR!",tlkm
2026-01-30,ges TLKM dividennya gede ga si? kok aku ngerasa punya dikit doang tp pembagian amountnya setara lot BBCA yg agak banyakan punyanya,tlkm
2026-01-30,"XIXIXI makasih udh turun kemaren yu bisa $TLKM naik ke 3900an, btw kaget emtek serangan petang???",tlkm
2026-01-30,"IHSG TECHNICAL VIEW (30/01/26) IHSG kemarin ditutup turun 1.06%, disertai dengan net sell asing ~5.11 Tr. Saham yang paling banyak dijual asing adalah BBCA, BMRI, ANTM, BBNI dan TLKM.",tlkm
2026-01-30,[16:03:51] $TLKM - NG Rp. 5.967.000.000 (16.575 lots @ Rp3.600) [16:03:55] $ISAT - RG Rp. 4.460.000.000 (20.000 lots @ Rp2.230) [16:03:55] $ISAT - RG Rp. 3.699.124.000 (16.588 lots @ Rp2.230) DYOR!,tlkm
2026-01-30,"IHGS Rises 1.18% to 8,329 in Session I, Top Gainers LQ45: JPFA, AMRT and TLKM, Friday (1/30) http://investasi.kontan.co.id/news/ihgs-naik-118-ke-8329-sesi-i-top-gainers-lq45-jpfa-amrt-dan-tlkm-jumat-301#IHSG",tlkm
2026-01-30,"IHSG Dibuka Menguat 0,93%: Saham BBCA, BBRI dan TLKM Jadi Andalan Investor https://bitvonline.com/ekonomi/57569/ihsg-dibuka-menguat-093-saham-bbca-bbri-dan-tlkm-jadi-andalan-investor/#IHSG#SahamIndonesia#BursaEfekIndonesia#InvestasiSaham#MSCI#OJK#BEI#ReboundIHSG#SahamPilihan#TradingSaham#MarketUpdate#IHSGHariIni#Investasi2026#bitvonline#jumat",tlkm
2026-01-30,"Yuk, pakai Livin’ by Mandiri! Download di sini https://bmri.id/reflivin?af_adset=MGMWNDR94P&deep_link_sub1=null&deep_link_sub2=MGMWNDR94PJanganlupapakaikodereferral-ku:MGMWNDR94PFAQ:http://bmri.id/livinmgmBankMandiriberizindandiawasiolehOtoritasJasaKeuangan(OJK)danBankIndonesia,sertamerupakanpesertapenjaminanLPS.",bmri
2026-01-30,"Di harga sekarang full bbca aja, klo mau lebih 1 bisa bbri/bmri temennya. Klo mau yg syariah mpmx ama sido",bmri
2026-01-30,"Dia baru invest setahun? Saham blue chip yg turun 20%an dalam setahun itu BBCA. BMRI -17% tapi dividen yield (Apr+Des) sekitar +13%. BBRI -9%, dividen +8%. ASII +29%, dividen +8%. Selama investnya utk mengamankan aset, bukan sumber pencarian, ga usah dipikirin, tidur nyenyak aja.",bmri
2026-01-30,"yang menarik dana pensiun ini mau di inject sampai 20% ke bursa - bertahap. Wow, pasti banyak ke big banks hrsnya ya. Yang gampang keserep. BISIE TO THE MOON? BIBIERAY 6000? BIBIENAY 7000? BIEMERAY 8000? BCA BNI BMRI BNI",bmri
2026-01-30,"@grok buat proyeksi 3 bulan ke depan emiten di bawah ini akan terjadi pada pasar modal di Indonesia mengenai permasalahan dengan msci. berikut terlampir dengan harga saham per emiten di tanggal 29/1 #bbca 6425, #bbri 3330, #bmri 4170, #bbni 4030",bmri
2026-01-30,"BBRI lah, sekalian dapat dividen nanti. Kemudian BMRI",bmri
2026-01-30,PTBA BSSR ADRO BBRI BMRI,bmri
2026-01-30,"Jelas BMRI, atau kasih UNTR sekalian buat mamanya",bmri
2026-01-30,"Nyerokin semua kemaren, cuma drpd bbca lebih worth bmri, lebih murah 1 lembar cuma 4rban, drpd bbca 7rban. Dividen juga lebih kerasa",bmri
2026-01-30,Kok bkn bmri yg 10k,bmri
2026-01-30,"hu itu bbri bbca, terus bmri bbri lagi?",bmri
2026-01-30,𝐈𝐧𝐭𝐞𝐫𝐧𝐚𝐭𝐢𝐨𝐧𝐚𝐥 𝐔—𝟏𝟕 𝐅𝐫𝐢𝐞𝐧𝐝𝐥𝐲 𝐌𝐚𝐭𝐜𝐡 𝐏𝐞𝐧𝐣𝐮𝐚𝐥𝐚𝐧 𝐓𝐢𝐤𝐞𝐭 𝐒𝐄𝐍𝐈𝐍 | 𝟎𝟐.𝟎𝟐.𝟐𝟔 http://bmri.id/timnasxmandiriLivin’Sukhavia#LivinbyMandiri‣#TimnasDay‣#BersamaGaruda,bmri
2026-01-30,"Masukin aja bmri dan bbri, dividen 8-10% setahun",bmri
2026-01-30,ADRO BMRI,bmri
2026-01-30,"ADRO + AADI, kombo 2 saham ini, yield gede dan potensi capital gain masih ada, perusahaan juga growth. ACES+SIDO, ini saham consumer murah + yield juga gede, jdi potensi capital gain masih ada. untuk banking ada BMRI+BBRI bisa dipertimbangkan, sudah terdiversifikasi juga",bmri
2026-01-30,"Apapun alasannya, mau sementara atau tidak, BBRI BBCA telah membuat lower low lagi sejak topnya 2024 akhir, tapi BMRI BBRI tidak lho malah udah higher low. teknikal analisis $BBRI $BBCA $BMRI $BBNI #TAsaham",bmri
2026-01-30,UPDATE SAHAM IHSG | 30 JAN 2026 Market masih volatile Fokus disiplin & pilih saham kuat Trading: $HRUM $ISAT $TLKM Blue-chip: $BBCA $BMRI $BBRI $ASII DYOR & risk management ya @hunter_boys3 #IHSG #SahamIndonesia #SahamHariIni #TradingSaham #InvestasiSaham,isat
2026-01-30,[16:24:19] $BBCA - NG Rp. 284.697.465.000 (411.710 lots @ Rp6.915) [16:24:28] $BBRI - NG Rp. 18.910.000.000 (50.000 lots @ Rp3.782) [16:24:58] $UNVR - NG Rp. 7.104.000.000 (38.400 lots @ Rp1.850) DYOR!,unvr
2026-01-30,Go go go unvr naik terus dikit2,unvr
2026-01-30,"From top to bottom, several major company stocks on the IDX: $UNVR -91.52% $GGRM -91.78% $LPPF -96.52% $BUMI -99.43% What do you think?",unvr
2026-01-30,"emang harus di maintain bg, kalo engga kaya saya pas buka di 2025, bukannya untung malah buntung wkwkwk. naruh di 2021 ke unvr rugi 90% wkwkwk",unvr
2026-01-30,"Berdasarkan laporan OJK dan BEI per Januari 2026, ada 327 emiten IDX dengan free float di bawah 15%. Daftar lengkap belum dirilis resmi, tapi contohnya: ADMR (11.97%), BREN (12.30%), BRIS (9.25%), HMSP (7.50%), NCKL (10.44%), TPIA (10.66%), UNVR (14.05%). Cek",unvr
2026-02-01,"Jadi kita dah persiapan beli BBCA 2500, BBRI 1000 dan BMRI 1500 Kayak gini sih om @adigalih_ balik ke lokal, nggak mau go internasional lagi dia",bbri
2026-02-01,Kira² BBRI bakal ijo tebel ga ya besok?,bbri
2026-02-01,Klo saham bbca ato bbri ? Mohon arahan ketua,bbri
2026-02-01,"PBB Sriwijaya FC saran sih, sisa duitnya masukin ke saham BBRI, BBCA, BRIS dan BUMI. deviden nya, (mungkin);bisa buat bayar gaji pegawainya. wkwkwkw",bbri
2026-02-01,"izin ikutan bang, w udah masang jaring 1 lot bbri 1 lot bbca 1 lot bmri diharga segitu",bbri
2026-02-01,Langsung jual gua bbri asli dah ancur,bbri
2026-02-01,BUYBACK 4 big banks lah supaya balik dlu harga dirinyaa biar investor asing balik masuk lg ke IHSG BBRI > 6000 BBCA > 10000 BMRI > 8000 BBNI > 7000,bbri
2026-02-01,Bbri bisa yok makin ambles habis ini,bbri
2026-02-01,"Hai! Saham titipan di LQ45 biasanya merujuk saham yg diduga dimasukkin gak wajar ke indeks, tapi BEI tegaskan gak ada praktik itu. LQ45 pilih berdasarkan likuiditas tinggi & kriteria resmi. Daftar terbaru Feb 2026: AADI, ADMR, ADRO, AKRA, AMRT, ARTO, ASII, BBCA, BBNI, BBRI,",bbri
2026-02-01,BUMN pasti ini.. BBRI. BBNI.BMRI. TLKM. INCO. ANTM. PGEO . tambahan mungkin PTBA. salah satu grub ADARO.,bbri
2026-02-01,"Aset liquid itu BBRI, market cap Rp 500T, total aset Rp 2000 T. Bvps 1,5×. Ini contoh bukan saham gorengan.",bbri
2026-02-01,nungguin BBRI bisa ARA,bbri
2026-02-01,"Yupz. Saya lebih percaya beliau daripada yg lain. Orang yg fokus akan lebih jago. Dia hanya fokus di market Gold, IHSG, BBRI dan BTC. Ga kayak yg lain, semua altcoin dijabanin.",bbri
2026-02-01,BBCA vs BBRI vs EMAS vs BTC 5-Year Historical Range. BBCA +8.82% BBRI -5.90% EMAS +157.90% BTC +137.48%,bbri
2026-02-01,"Kapan hari dengerin tesis beliau seputar INKP di acaranya panin asoy bener. Sekarang ada yang undang lagi, dan bahas BBRI yang menurut beliau inilah golden period u/ koleksi. Kondisi lebih baik dari 2020 dg dividen 9% per tahun.",bbri
2026-02-01,BBCA BBRI ANTM TLKM,bbri
2026-02-01,"Berdasarkan kriteria (kepemilikan asing rendah, emiten terbukti bertahun-tahun, barang kering, roadmap luas), ini list rekomendasi saham Indo ranked dari RR terbaik ke terburuk (berdasar stabilitas, yield, & potensi 2026): 1. BBRI - Stabilitas perbankan tinggi, yield bagus. 2.",bbri
2026-02-01,"Saham Bluechip itu apa? Ini saham perusahaan besar, mapan, dan punya rekam jejak kuat di industrinya. Mereka sering kasih dividen rutin dan likuiditas tinggi. Contoh di Indonesia: BBCA, BBRI, TLKM, ASII.",bbri
2026-02-01,"Masalahnya, invest apa yg bisa kalahkan retur/imbal balik emas terutama 3 tahun terakhir? Saham bluechip spt BBRI aja cm kasih dividen 9% setahun, 2024 sempet rekor 6rb per lembar tp skrg 3800an spt jaman 2022 covid kmrn Jualan properti gak mudah jaman now, cost perawatan tinggi",bbri
2026-02-01,Bbri ada adjet?,bbri
2026-02-01,Kenapa bandar gak mau goreng ICBP or INDF ya min?,icbp
2026-02-01,"ICBP (Indofood CBP Sukses Makmur) isnt just a stock—its tangible proof of the global strength of an Indonesian brand. With Indomie sold in over 100 countries, this stock has become a symbol of the resilience of local products on the world stage. When the economy shakes, ICBP",icbp
2026-02-01,Siap siap besok gap up gasih? lebih oke lagi BUMN yang ada di LQ45 $TINS $ANTM $TLKM dan bank bank of course ambil lagi kepala 9XXX itu hei IHSG,tlkm
2026-02-01,"Berdasarkan data terkini hingga 30 Jan 2026, pasar saham Indonesia (IDX) menghadapi ketidakpastian setelah gejolak $80 miliar dan peringatan MSCI soal transparansi. JCI naik 1.18% ke 8.330, tapi outlook besok (2 Feb) cenderung turun karena sentimen negatif. TLKM: Harga terakhir",tlkm
2026-02-01,"Saham Bluechip itu apa? Ini saham perusahaan besar, mapan, dan punya rekam jejak kuat di industrinya. Mereka sering kasih dividen rutin dan likuiditas tinggi. Contoh di Indonesia: BBCA, BBRI, TLKM, ASII.",tlkm
2026-02-01,BUMN pasti ini.. BBRI. BBNI.BMRI. TLKM. INCO. ANTM. PGEO . tambahan mungkin PTBA. salah satu grub ADARO.,tlkm
2026-02-01,BBCA BBRI ANTM TLKM,tlkm
2026-02-01,@grok analisa keadaan pasar saham besok. Sama saham TLKM dan ADMR,tlkm
2026-02-01,"Selain big banks masih banyak sebenarnya emiten yg bagus. Dari penghuni lq45 juga banyak. Adro, akra, aadi, itmg, tlkm dll. Asal tetap diawasi biar gk kek kejadian asabri.",tlkm
2026-02-01,"setahun megang unvr kmrin tp engga trlalu naik signifikan tpi malah turun, dan pas dpt dividennya dan hrga dinaikan lagi aku mutusin out dan memilih pindah ke emiten lain",unvr
2026-02-01,"Mungkin ada dari system yg otomatis de-risk karena memang ihsg sudah tinggi, mungkin juga ada mm yg ingin harga bawah lagi (ingat dlu batas buyback unvr berapa) Mungkin ada yg take profit kalo punya avg 1000",unvr
2026-02-01,"Mau diskusi Bandarmologi utk temen temen yg mgkn jauh lebih paham dari saya, Tentang $UNVR Di Garis Biru yang saya tandain, 27 ok - 12 jan. Sepanjang itu fitur sekuritas ngedetek akumulasi denfan RX, ZP, BK sebagai top buyer. sebelum ada kontraksi dia ada diatas semua MA,",unvr
2026-02-01,Beli yg deket dgn kehidupan sehari2 aja. Unvr:,unvr
2026-02-02,BBCA dan BBRI Kompak di Tengah Badai #saham #infosaham #investasi,bbri
2026-02-02,"BBRI, BMRI, BBCA, BBNI Tahan Gempuran #saham #infosaham #investasi",bbri
2026-02-02,kalau gitu sebaik nya coba kita review ulang BBRI mana tahu dpt di 600,bbri
2026-02-02,"Sobat BRI, Nikmati Special One Price Rp9.000 untuk menu pilihan di Tokio Sushi dengan promo spesial BRI menggunakan BRI Kartu Kredit, BRI Debit, atau QRIS BRImo. Periode hingga 31 Maret 2026, berlaku setiap Senin & Selasa. Cek disini http://bbri.id/tokiosushi#PromoMerchantBRI",bbri
2026-02-02,"IHSG junam karena saham emas junam, sama gorengan pada TP. orang - orang mode defensif sekarang, pada isi ke fundamental, balik lagi ke BBCA, BBRI, BMRI dan sejenisnya, makanya mereka masih strong.",bbri
2026-02-02,Indonesian Stocks in the MSCI Global Standard Index (18 stocks) 1. BBCA – PT Bank Central Asia Tbk 2. BBRI – PT Bank Rakyat Indonesia Tbk 3. BMRI – PT Bank Mandiri Tbk 4. TLKM – PT Telkom Indonesia Tbk 5. ASII – PT Astra International Tbk 6. DSSA – PT Dian Swastatika,bbri
2026-02-02,Mending all in BBRI ya prof,bbri
2026-02-02,Nggak angin segar juga nggak apa apa Mau beli bbri 1500 kok,bbri
2026-02-02,all in BBRI bang biar segera jalan.,bbri
2026-02-02,[15:54:12] $INKP - NG Rp. 3.007.434.000 (3.515 lots @ Rp8.556) [15:56:30] $BBRI - NG Rp. 5.486.937.500 (14.375 lots @ Rp3.817) [16:00:00] $PANI - RG Rp. 3.666.897.500 (4.627 lots @ Rp7.925) DYOR!,bbri
2026-02-02,Gila ada yang ask 1000 lot di makan $BBRI,bbri
2026-02-02,[14:26:25] $APIC - NG Rp. 2.880.000.000 (18.000 lots @ Rp1.600) [14:30:27] $BBCA - BUY Rp. 2.625.220.000 (3.512 lots @ Rp7.475) [14:31:06] $BBRI - BUY Rp. 3.810.000.000 (10.000 lots @ Rp3.810) DYOR!,bbri
2026-02-02,Diselametin BBRI,bbri
2026-02-02,"MORNING CALL NETFOREGIN:NSSS, BREN BIGACCUM+VOL: JKON, NSSS, DMAS, MAPA,IRSX. MA5:DGWG, SATU MA10:CPIN,ASSA,MIKA,FIRE MA20:SMIL, BRIS, INDF MA50:BBRI PULLBACK:BIPI,HATM,PGAS,GULA BELOW ALL MA:JKON, BIKE *semakin sering nama emiten muncul semakin bagus *pilih 1-3 saham saja",bbri
2026-02-02,berikut adalah saham2 top value hari ini BBCA BBRI AADI BBNI PGAS menahan IHSG tapi apa daya saham2 tambang dan konglo lebih brutal turun menyeret IHSG begitu dalam seiring jatuhnya komoditas metal BUMI ANTM PTRO DEWA BRMS sebagai pemberat terparah disclaimer i have BBCA AADI,bbri
2026-02-02,Bbri bbca stabil di hari ini,bbri
2026-02-02,"Mindset has a huge impact on our finances going forward. Buying the latest iPhone is equivalent to 65 lots of BBRI or 52 lots of BMRI right now. You carry the iPhone, its value drops every second. Compare that to holding the stocks (BBRI/BMRI), where the stocks will pay for your",bbri
2026-02-02,"Pagi! Betul, dukung inflow ke Indonesia. Untuk saham BEI menarik Senin ini, pantau BBRI (Bank BRI) dengan kinerja kuat di sektor keuangan, dan TLKM (Telkom) di telekomunikasi yang stabil. Juga ASII (Astra) di otomotif. Bukan saran investasi, riset sendiri ya!",bbri
2026-02-02,"Manusia ini andalannya cuma ekonomi masih bagus..Lu punya gawe ngasih 200T juga ga terserap ke sektor riil, ga ada demand-nya..IHSG ke 9000 Krn saham PP sm HH yg di pumping sampe PBV nya di atas 5, sementara saham Fundamental macem BBCA, BBRI, BMRI malah turun setahun terakhir",bbri
2026-02-02,"Market boleh goyang, peluang tetap ada Saham Indonesia yang menarik : $BBRI $BBCA $BMRI $TLKM $UNVR $INDF $MDKA $BRPT Kunci: Sabar Risk management Bukan ajakan beli — DYOR @hunter_boys3 #IHSG #SahamIndonesia #TradingSaham #Investasi #BuyTheDip #StockPick",bbri
2026-02-02,Pagi ini tugas big banks berat banget $IHSG $BBCA $BMRI $BBRI $BBNI,bbri
2026-02-02,Ngantuk lihat market Mendingan halt saja sekalian Bbca 1000 Bbri 1000 Bbni 1000 Bmri 1000 Tlkm 1000 Serba 1000 Asing gua jamin masuk Dr pada ngemis begini...,bbri
2026-02-02,At least aku punya BBRI yg lagi di jagain kesayanganku Danantara Cetas,bbri
2026-02-02,Asooooy bbri sempat 11ribu ya jaman itu ekwkwkwk,bbri
2026-02-02,hai dari si ijo kepada si merah untuk hari ini #bbri #bbca,bbri
2026-02-02,Kalo ga salah akhir 2017 itu BBRI pernah stock split ka,bbri
2026-02-02,Bbca bbri saya untungnya avg bawah kurang oke di bmri telat masuk,bbri
2026-02-02,"Based on Gemini Pro: Beli Saham LQ45 (BBCA, BBRI, BREN) senilai Rp 45 Juta untuk mengejar pertumbuhan dari arus dana institusi baru. Kunci ORI029-T6 senilai Rp 30 Juta via Bibit-Jago untuk pendapatan pasif yang aman dan tinggi pajak-efisien.",bbri
2026-02-02,"$IHSG ditutup turun 4,88% dengan total transaksi 29,17T. NFB All Market 654,94B mengakhiri NFS All Market 4 hari berturut-turut. Semua sektor mengalami penurunan dan paling terdampak sektor Basic-Ind -10,74%. Top Leaders: $BBCA , $BBRI, $ICBP Top Laggards: $DSSA, $AMMN, $BRMS",bbri
2026-02-02,idealisme ga masuk gorengan akhirnya terbayar juga $IHSG $BBRI $BBCA,bbri
2026-02-02,"Ayo pak Pur, 10k IHSG nya di gasss! Hanya BBRI penopang portoku",bbri
2026-02-02,Asing buang terus di bank Mrk kaga jual rugi lgo krn barang lama.. Mereka guyur bbri dr 5800 nanti beli di bawah jd rata rasanya masih cuan dan kaga hilang barang..,bbri
2026-02-02,At least BBRI aku avg 3300an Cetakz,bbri
2026-02-02,"satu satunya cara biar halt adalah nurunin saham big banks, tapi sampe skrg paling kuat terutama BBCA sm BBRI",bbri
2026-02-02,"buy the dip, tapi dipnya big bank lah bbca sama bbri masi stronk",bbri
2026-02-02,ihsg turun tapi bbri gue masih ijo aja wkwkwkw,bbri
2026-02-02,Saya bmri sama bbri sama banyaknnya,bbri
2026-02-02,"Porto gw saham funda 250 jt (bmri,bbri,adro,pgas,antm) Deviden 10 % = 25 jt capital gain 10 % aja 25 jt , total deviden + cap gain 20% setaun oke lah kek celengan ayam kecil tp mayan, Kebalikan saham konglo gw 240 jt tinggal 187",bbri
2026-02-02,Icbp hari ini naik krn pada hemat makan indomie smua,icbp
2026-02-02,[15:12:38] $BIPP - NG Rp. 4.992.435.000 (616.350 lots @ Rp81) [15:19:35] $CBDK - SELL Rp. 2.793.780.000 (5.610 lots @ Rp4.980) [15:22:25] $ICBP - SELL Rp. 2.652.680.000 (3.196 lots @ Rp8.300) DYOR!,icbp
2026-02-02,"#kafeinvestor reminder #Bigbank for dividends, even if not as big as last year 2024, but still decent as a sweetener or to sell near the dividend date, where currently BBCA has already given gains more than the dividend. #consumer, #eraa heading into Ramadan and Eid getting",icbp
2026-02-02,"disaat begini bersyukur bgt, beberapa bulan lalu mulai diversifikasi ke saham funda yg lagi bottoming, AADI dan ICBP. bener2 penolong porto.",icbp
2026-02-02,"IHSG dropped again but INDF, ICBP, BMRI, and BBNI are still safe ekekekek",icbp
2026-02-02,"$IHSG ditutup turun 4,88% dengan total transaksi 29,17T. NFB All Market 654,94B mengakhiri NFS All Market 4 hari berturut-turut. Semua sektor mengalami penurunan dan paling terdampak sektor Basic-Ind -10,74%. Top Leaders: $BBCA , $BBRI, $ICBP Top Laggards: $DSSA, $AMMN, $BRMS",icbp
2026-02-02,"Pagi! Betul, dukung inflow ke Indonesia. Untuk saham BEI menarik Senin ini, pantau BBRI (Bank BRI) dengan kinerja kuat di sektor keuangan, dan TLKM (Telkom) di telekomunikasi yang stabil. Juga ASII (Astra) di otomotif. Bukan saran investasi, riset sendiri ya!",tlkm
2026-02-02,"Market boleh goyang, peluang tetap ada Saham Indonesia yang menarik : $BBRI $BBCA $BMRI $TLKM $UNVR $INDF $MDKA $BRPT Kunci: Sabar Risk management Bukan ajakan beli — DYOR @hunter_boys3 #IHSG #SahamIndonesia #TradingSaham #Investasi #BuyTheDip #StockPick",tlkm
2026-02-02,"Stock Picks 2 Februari 2026 TLKM Spec Buy dengan support 3530, cut loss jika break di bawah 3460. Jika tidak break di bawah 3530, potensi naik ke 3670-3740 short term. Disclaimer: http://bit.ly/disclaimer-cgsiid#cgsi#cgsid#stockpicks#sobatgenvest#akuinvestorsaham",tlkm
2026-02-02,Indonesian Stocks in the MSCI Global Standard Index (18 stocks) 1. BBCA – PT Bank Central Asia Tbk 2. BBRI – PT Bank Rakyat Indonesia Tbk 3. BMRI – PT Bank Mandiri Tbk 4. TLKM – PT Telkom Indonesia Tbk 5. ASII – PT Astra International Tbk 6. DSSA – PT Dian Swastatika,tlkm
2026-02-02,"IHSG TECHNICAL VIEW (02/02/26) IHSG kemarin ditutup naik 1.18%, tapi disertai dengan net sell asing ~1.87 Tr. Saham yang paling banyak dijual asing adalah TLKM, PTRO, BUMI, IMPC dan BBNI.",tlkm
2026-02-02,Ngantuk lihat market Mendingan halt saja sekalian Bbca 1000 Bbri 1000 Bbni 1000 Bmri 1000 Tlkm 1000 Serba 1000 Asing gua jamin masuk Dr pada ngemis begini...,tlkm
2026-02-02,"Mental itu sangat berpengaruh ke finansial kita kedepannya. Beli iPhone terbaru itu setara dengan 65 lot BBRI atau 52 lot BMRI saat ini. Lo bawa iPhone, nilainya turun tiap detik. Bandingkan simpan sahamnya (BBRI/BMRI), sahamnya yang bayarin iPhone 3 tahun lagi. Mental miskin",bmri
2026-02-02,"Porto gw saham funda 250 jt (bmri,bbri,adro,pgas,antm) Deviden 10 % = 25 jt capital gain 10 % aja 25 jt , total deviden + cap gain 20% setaun oke lah kek celengan ayam kecil tp mayan, Kebalikan saham konglo gw 240 jt tinggal 187",bmri
2026-02-02,"Manusia ini andalannya cuma ekonomi masih bagus..Lu punya gawe ngasih 200T juga ga terserap ke sektor riil, ga ada demand-nya..IHSG ke 9000 Krn saham PP sm HH yg di pumping sampe PBV nya di atas 5, sementara saham Fundamental macem BBCA, BBRI, BMRI malah turun setahun terakhir",bmri
2026-02-02,Jelas. Cek broksum aja Bang. BMRI dan INDF salah duanya.,bmri
2026-02-02,Dapatkan cashback Rp1 juta* dan cicilan 0% s.d. 12 bulan* pakai Mandiri Kartu Kredit di Alexander McQueen! Berlaku s.d. 22 Februari 2026. *Info: http://bmri.id/AMQFebBankMandiriberizindandiawasiolehOtoritasJasaKeuangandanBankIndonesia.#MandiriKartuKredit,bmri
2026-02-02,"IHSG junam karena saham emas junam, sama gorengan pada TP. orang - orang mode defensif sekarang, pada isi ke fundamental, balik lagi ke BBCA, BBRI, BMRI dan sejenisnya, makanya mereka masih strong.",bmri
2026-02-02,Saya bmri sama bbri sama banyaknnya,bmri
2026-02-02,[16:13:38] $AMRT - NG Rp. 17.237.000.000 (110.000 lots @ Rp1.567) [16:15:58] $BMRI - NG Rp. 4.396.363.900 (9.161 lots @ Rp4.799) [16:16:26] $ASII - NG Rp. 6.162.050.000 (9.820 lots @ Rp6.275) DYOR!,bmri
2026-02-02,[16:09:08] $BMRI - NG Rp. 131.152.830.800 (273.292 lots @ Rp4.799) [16:10:12] $BMRI - NG Rp. 6.209.217.700 (12.971 lots @ Rp4.787) [16:11:13] $TCPI - RG Rp. 3.335.725.000 (3.103 lots @ Rp10.750) DYOR!,bmri
2026-02-02,[16:03:20] $BMRI - NG Rp. 3.376.342.200 (7.062 lots @ Rp4.781) [16:03:28] $BMRI - NG Rp. 7.664.421.100 (16.031 lots @ Rp4.781) [16:04:38] $CARE - NG Rp. 24.999.975.000 (454.545 lots @ Rp550) DYOR!,bmri
2026-02-02,[16:02:53] $BMRI - NG Rp. 5.231.848.300 (10.943 lots @ Rp4.781) [16:03:00] $BMRI - NG Rp. 2.243.723.300 (4.693 lots @ Rp4.781) [16:03:11] $BMRI - NG Rp. 4.732.711.900 (9.899 lots @ Rp4.781) DYOR!,bmri
2026-02-02,[16:00:00] $BMRI - RG Rp. 2.172.000.000 (4.525 lots @ Rp4.800) [16:00:19] $RLCO - NG Rp. 4.984.000.000 (7.120 lots @ Rp7.000) [16:01:41] $DRMA - NG Rp. 7.444.710.000 (73.710 lots @ Rp1.010) DYOR!,bmri
2026-02-02,Ngantuk lihat market Mendingan halt saja sekalian Bbca 1000 Bbri 1000 Bbni 1000 Bmri 1000 Tlkm 1000 Serba 1000 Asing gua jamin masuk Dr pada ngemis begini...,bmri
2026-02-02,"#RekapitulasiTrading 2-2-2026 Naik: 7 Turun: 11 Stagnan: 2 Catatan: • Emiten yg sudah kena harga yg harus disentuh: - • Emiten yg sudah kena harga terdekat: $AMAG, $SAFE , $UNVR. Komentar: awal yang bagus di Februari 2026. Semoga konsisten",unvr
2026-02-02,"Awal pekan Cuan nya menyala : 1. FIRE 5% 2. GULA 4% 3. SWID 9% 4. UNVR 4% Walaupun IHSG merah, group VIP BCB tetap cuan dong. Lanjut besok ya, yang mau ikutan silahkan masuk ke group WA ( klik link di bio ) #tradingsaham #tradingsahampemula #trading #saham #cuansaham",unvr
2026-02-02,"Betul, ga salah. Semua instrument pasar modal baik saham, forex, crypto, option isinya memang mayoritas perampok. Mrk yg disebut whale merampok dr retail. Jd retail yg ga mau kerampok hrs ikutan whale. Coba liat BUMI di 8k jadi 50, UNVR di 12k jadi 1k. Itu namanya apa coba?",unvr
2026-02-02,"MORNING CALL BIGACCUM+VOL: RMKE, GULA PTBA MA5:SMGR, MCOL,UNVR MA10:BBCA MA20:BRIS, SMIL,CMRY PULLBACK: PKPK, KDTN, HOPE,CMRY BELOW ALL MA: CNMA, ACES, SSIA, MMLP *PILIH 1-3 SAHAM SAJA *BUATLAH TRADEPLAN #nakamasholehpath",unvr
2026-02-02,"Unilever Indonesia ( $UNVR) Produk sehari-hari = repeat. Tapi jangan anggap auto aman: kalau daya beli lemah / persaingan ketat / margin ke-press, bisa lama juga pulihnya.",unvr
2026-02-02,$UNVR My reliable yellow line,unvr
2026-02-02,Lue sich sdh pas hitungannya malah terpengaruh sama org yg main tek tok.. Payah Unvr di bawah 900 ambil kaga,unvr
2026-02-02,"Prediksi 03-Feb:gula,msja,avia,towr,elsa,pbsa,asgr,unvr,pgas",unvr
2026-02-02,"Harga wajar saham UNVR (Unilever Indonesia) bervariasi berdasarkan analisis terbaru (Feb 2026): - DCF Alpha Spread: 1.318 IDR (overvalued 34%) - DCF ValueInvesting: 1.038 IDR - DCF Simply Wall St: 2.016 IDR (fair, 0.7% overvalued) - Target analis: 2.336 IDR (upside 15%) Harga",unvr
2026-02-02,"Market boleh goyang, peluang tetap ada Saham Indonesia yang menarik : $BBRI $BBCA $BMRI $TLKM $UNVR $INDF $MDKA $BRPT Kunci: Sabar Risk management Bukan ajakan beli — DYOR @hunter_boys3 #IHSG #SahamIndonesia #TradingSaham #Investasi #BuyTheDip #StockPick",unvr
2026-02-03,"Sobat BRI, Kamu punya cicilan kendaraan? Ayo bayar kapan pun dan di mana pun pakai BRImo! Nikmati cashback spesial 10% hingga 30 April 2026. Info lebih lanjut: http://bbri.id/promomultifinance.#BRImo#BRImoMudahSerbaBisa",bbri
2026-02-03,"Sobat BRI, Mau tahu cara bayar belanjaan yang praktis dan hemat? Gampang, cukup pakai QRIS Tap di BRImo! Tinggal tap dan beres Dapatkan cashback spesial Rp25 ribu, hingga 19 April 2026. Info lebih lanjut: http://bbri.id/promoqristap.#BRImo#BRImoMudahSerbaBisa",bbri
2026-02-03,"Secara sentimen, saham bank lagi dalam siklus di bawahnya setelah suku bunga mulai turun bertahap. Dengan kondisi begitu, apakah saham big bank (atau banking secara keseluruhan) bisa pulih lagi? simak ulasan lengkapnya di sini: https://mikirduit.com/paling-cepat-pulih-sejak-ihsg-trading-halt-begini-prospek-saham-big-bank-jelang-musim-dividen/$BBNI$BBCA$BBRI",bbri
2026-02-03,"yang mengindikasikan minat beli institusi mulai dominan. Di sektor perbankan, BBCA, BBNI, dan BMRI bergerak stabil menguat, mencerminkan karakter defensif dan akumulasi bertahap, sementara BBRI terkoreksi tipis yang lebih mengarah ke fase konsolidasi.",bbri
2026-02-03,"Jgn bilng big banks prof . $BBCA , $BBRI, $BMRI, $BBNI",bbri
2026-02-03,"Stock Analysis of Selected BBCA, BBRI, PGAS, and ANTM | MARKET BUZZ Watch our broadcast on the Official YouTube IDX Channel on Market Buzz, Tuesday (03/02/2026), with the theme Stock Analysis of Selected BBCA, BBRI, PGAS, and ANTM featuring speaker CEO of Sahamology, M Hamzah.",bbri
2026-02-03,aku di bbri harga 4rebu,bbri
2026-02-03,Yg lain gerak BBRI doang yg anteng 2025 yg lain naik BBRI doang yg turun Agak laen emang ini bank,bbri
2026-02-03,"Pantesan saham bbni bbri bmri ga rebound2. Ada kekhawatiran top managementnya diganti orang2 yg ga kompeten, asal modal relasi doang. Hadeuh",bbri
2026-02-03,Ayooo $BBRI kamu bisaaa dobrakk ayoo bisa yokk,bbri
2026-02-03,Dikasih saham bbri,bbri
2026-02-03,"LANTAI BURSA BERDARAH! Asing buang barang Rp1,2 Triliun cuma dalam 3 jam. BBRI & BBCA yang biasanya kuat, hari ini dihukum market. Tapi... ada yang aneh. $PTBA tiba-tiba ijo sendirian pas mau istirahat siang. Ada bocoran dividen kah? Atau jebakan batman? #IHSG #Saham",bbri
2026-02-03,"bank konvensional wkwk. kayak bbca bbri bmri, gaada fitur syariahnya.",bbri
2026-02-03,"Even before the MSCI issue, foreigners had already dumped banking stocks like BBRI, BMRI, BBNI, and the last king BBCA got dumped using the MSCI excuse. Just to have some excuse, cause using financial reports as a reason feels a bit less valid for dumping that much",bbri
2026-02-03,"Analisis Saham Pilihan BBCA, BBRI, PGAS, dan ANTM | MARKET BUZZ Saksikan tayangan kami Official YouTube IDX Channel di Market Buzz, Selasa (03/02/2026), dengan tema Analisis Saham Pilihan BBCA, BBRI, PGAS, dan ANTM dengan narasumber CEO Sahamology, M Hamzah. Berita selengkapnya",bbri
2026-02-03,saham perbankan konvensional kaya bbca bbri,bbri
2026-02-03,"BBCA,BBRI,MLBI,DLTA.",bbri
2026-02-03,"15% RDPU 15% Obligasi 70% Saham. BJTM, BBRI, ARNA, ADRO, BBCA.",bbri
2026-02-03,Masih boleh beli bbri gak om ?,bbri
2026-02-03,BBRI sama STRK kira2 mana yang paling haram?,bbri
2026-02-03,$ICBP sahamku,icbp
2026-02-03,"Saham2 group Indofood (di sektor makanan/minuman dan CPO) lumayan undervalued sekarang (atau minimal ngak overvalued). Dan rutin bagi dividen pula. Utang juga moderat, ngak tinggi2 amat. INDF, ICBP, LSIP, SIMP. (ane punya LSIP dan SIMP). Lo Keng Hong juga punya saham SIMP",icbp
2026-02-03,"IHSG Ambruk Meski BBCA dan ICBP Menguat, TOWR Siapkan Buyback Rp 300 M",icbp
2026-02-03,"The shift of stocks to LQ45 is a breath of fresh air for retail investors who are seriously stuck in banking. According to me, this has already hit bottom. Boring stocks like $ICBP could be made into an option.",icbp
2026-02-03,"MSCI Eat often Just Indomie $ICBP and $INDF, come on, dont let yourself get bullied",icbp
2026-02-03,kenapa milihnya ICBP mas? gak INDF,icbp
2026-02-03,"Tergantung apa yang dipegang om, kalau TLKM perusahaan bagus, jd gapapa hold lama. Tapi kaau nyangkutnya dipegang saham gorengan, baiknya langsung cutlosa ajaa",tlkm
2026-02-03,"$IHSG ditutup naik 2,52% setelah sempat drop 2,66% dengan total transaksi 29,35T. NFS All Market 834,07B. Semua sektor mengalami kenaikan, kenaikan tertinggi dari Basic-Ind +6,52%. Top Leaders: $DCII, $ASII, $TPIA Top Laggards: $FILM, $MORA, $TLKM #IHSG #investorsaham #ritel",tlkm
2026-02-03,Jaringan Telkomsel kenapa dah?,tlkm
2026-02-03,"Ada yg namanya opportunity cost, misal anda CL di saham TLKM 7% dan anda beli di saham lain yg kasih Capital Gain 15% dlm 1-2 hari, why not? jd CL itu gk selalu salah, asal tau teknikalnya. Misal ini masih akan Downtrend, Sideway lama atau akan reversal.",tlkm
2026-02-03,ga dipake sayang benefit paketan tlkm tp baru bisa marathon rewatch di tengah malem keatas adoohhhh,tlkm
2026-02-03,aplikasi kontol gua mau ngecek jadwal keberangkatan kaga muncul muncul anjing apa in salah lu juga tlkm,tlkm
2026-02-03,"Saham bapak Gw (hasil belajar dr gw setahun yg lalu) hr ini (3/2/2026) $JAPFA +20% $PGAS +27% $TLKM +10% $AUTO +3% (baru masuk kmren) $ASII +9% Gw: $LEAD -40% Fundamental always win, kualat juga Gw gk mengamalkan apa yg gw ketahui dan ajarkan",tlkm
2026-02-03,"My principle before profiting: I dont wanna cut losses. Once had a situation with TLKM, lost for 2 or 3 years. No biggie, while averaging down. Especially since during that time I got dividends too. Once its finally profitable, thats when I sell lol. Yeah, Im really not cut",tlkm
2026-02-03,"Stock Picks 3 Februari 2026 UNVR Spec Buy dengan support 1990, cut loss jika break di bawah 1950. Jika tidak break di bawah 1990, potensi naik ke 2070-2110 short term. Disclaimer: http://bit.ly/disclaimer-cgsiid#cgsi#cgsid#stockpicks#sobatgenvest#akuinvestorsaham",unvr
2026-02-03,"UPDATE Enam Raksasa LQ45 Terancam Terdapat 6 saham likuid yang masih di bawah free float 15%: $BREN: 12,29% $NCKL: 10,44% $ADMR: 11,97% $PGEO: 10,91% $UNVR: 14,05% $SCMA: 14,93%",unvr
2026-02-03,"BIGACCUM+VOL: RMKE, GULA PTBA MA5:SMGR, MCOL,UNVR MA10:BBCA MA20:BRIS, SMIL,CMRY PULLBACK: PKPK, KDTN, HOPE,CMRY BELOW ALL MA: CNMA, ACES, SSIA, MMLP *CHOOSE 1-3 STOCKS ONLY *MAKE A TRADE PLAN *the more often an issuer appears, the better #nakamasholehpath",unvr
2026-02-03,Sepakat. (Dari aku yang masih megang -68% UNVR),unvr
2026-02-03,"MORNING CALL BIGACCUM+VOL: RMKE, GULA PTBA MA5:SMGR, MCOL,UNVR MA10:BBCA MA20:BRIS, SMIL,CMRY PULLBACK: PKPK, KDTN, HOPE,CMRY BELOW ALL MA: CNMA, ACES, SSIA, MMLP *PILIH 1-3 SAHAM SAJA *BUATLAH TRADEPLAN *semakin sering muncul sebuah emiten semakin bagus #nakamasholehpath",unvr
2026-02-03,"Position 03-Feb: _P:msja,avia,towr,elsa,pbsa,unvr _CL:asgr _NB:gula,pgas",unvr
2026-02-04,"Kuliah makin hemat? Bisa banget Sobat UT, bayar kuliah sekarang bisa lewat BRImo fitur Pendidikan dan dapetin cashback Rp25.000 Catat ya Periode promo: sampai 28 Feb 2026 Info lengkap http://bbri.id/promout",bbri
2026-02-04,Finance Minister Purbaya Wants to Take PNM from BRI (BBRI) #saham #infosaham #investasi,bbri
2026-02-04,"After becoming sworn brothers with $BMRI $BBRI and BBNI, $BRIS has big ambitions to become a KBMI 4 bank.",bbri
2026-02-04,"Seumur hidup baru kali ini gw pegang BBCA dan bbri, biasanya saham gorengan.",bbri
2026-02-04,Saham BBRI Jadi Rebutan Asing #saham #infosaham #investasi,bbri
2026-02-04,"IHSG -0,53% ke 8.079,32 di sesi I hari ini, Rabu (4/2/2026). Sektor barang baku +2,30%,di topang saham AMMN +5,45% dan sumbang 11,38 poin ke IHSG, dan sektor keuangan +0,11% ditopang saham BBCA +1,63%, BBRI+1,32%, BMRI +1,86%, BRIS +5,86%, dan BBTN +3,27%. Sektor barang konsumen",bbri
2026-02-04,"harus gua akui BBRI mulai menarik. Apakah karna hapus buku BBRI trend nya terus turun ya dari Q1 2025 di 23% di Q3 2025 jadi 20%. Tapi trend perbaikan terus terjadi, tinggal kawal data data penunjang aja ini.",bbri
2026-02-04,gass BBRI. Dari sebelum crash susah banget nembus 3900. Hari ini antek-antek asing kenceng belinya.,bbri
2026-02-04,"IHSG TECHNICAL VIEW (04/02/26) IHSG kemarin ditutup naik 2.52%, tapi disertai dengan net sell asing ~760 Miliar. Saham yang paling banyak dijual asing adalah BMRI, BBCA, ANTM, BBRI dan TLKM.",bbri
2026-02-04,"Sektor perbankan big caps dalam pantauan ini menunjukkan momentum bullish yang solid, di mana seluruh emiten utama (BBCA, BBNI, BBRI, dan BMRI) ditutup di zona hijau dengan apresiasi harga yang cukup signifikan, dipimpin oleh lonjakan BMRI sebesar 3,52%. Lanjut",bbri
2026-02-04,"Update Watchlist Saham Pribadi / Indeks Pribadi : Rabu, 05 Februari 2026 (Closing). I = BREN, ASSA. II = BBTN, BBRI, JSMR, ADRO, UNTR, MBMA. III = TPIA, PWON, ADMR.",bbri
2026-02-04,RLCO makin ga masuk di akal ara nya wkwkwk sementara masuk BBRI setengah mati,bbri
2026-02-04,"BBCA 6k, BBRI 2k?",bbri
2026-02-04,"Prospek emiten $IHSG yg tergabung dalam barisan LQ45 sedang menunjukkan taringnya dipasar modal RI. Apakah akan ada potensi rebound lebih lanjut? $BBRI, $BBNI, $BBCA , $BMRI, $TLKM, $ASII . : Antara / S.Hasanuddin Disclaimer on : Bukan ajakan membeli atau menjual suatu",bbri
2026-02-04,"Siap2 sell $BMRI $BBTN $BBRI $BBNI (yg Bank HIMBARA). Lalu jgn lupa SELL $BBCA jika nanti Misbhakun jd Ketua OJK. Wassalam $IHSG , Bank2 HIMBARA, & DANANTARA.",bbri
2026-02-04,"Its been over 1 week since MSCI some stocks have already risen and are at MA5,20 Golden Cross like BBRI and BRIS Better to wait & see first or is it time to buy now? Need advice, guys #shm",bbri
2026-02-04,Malas lihat chart ach paling besok bmri turun dikit bbri main Rata rata bumn.. Bank bumn apa saja ych,bbri
2026-02-04,"BBRI Menguji Resisten, Beli Jika Break http://doktermarket.com/2026/02/bbri-menguji-resisten-beli-jika-break.html",bbri
2026-02-04,Bener sih pek..kmrn jd ikutan nambah2 bbri gr2 beliau..hahaha....udh jual2 jg yg udh utg sblm halt krn beliau blg udh ga enak suasana..syg msh ad bbrp yg sangkut blm d jual..wkakkaa,bbri
2026-02-04,Bbri ok lha hitungan 4500,bbri
2026-02-04,Gaka ada yg kasih komplimen ama BBRI kah?udahpuluhan tahun bisa TOP,bbri
2026-02-04,"Tapi aku ngikutin AK BK ijo mulu tu kak, apa kebetulan wkwk, BBCA, BBRI, dan WINE",bbri
2026-02-04,gua beli bbri avg 5100 dan cutloss kalo ga dijual pun blom kejemput sampe sekarang,bbri
2026-02-04,itu terjadi pas $BBRI di 6400 akhirnya masuk aja deh sekarnag pede wkwkwkwkwkw,bbri
2026-02-04,"Saham BBCA, BBRI, BBNI, BMRI Kompak Menguat Hari Ini https://jurnalzone.id/saham-bbca-bbri-bbni-bmri-kompak-menguat-hari-ini/",bbri
2026-02-04,$BBRI prediksiku akan stagnan,bbri
2026-02-04,anjir tidur sore gegara sakit mimpinya aneh bgt dah segala mimpi ngelepas semua BBRI,bbri
2026-02-04,Tapi senengnya minta ampun pas dapet dividen dari BBRI,bbri
2026-02-04,"beli $bbri pas 3300 dong, sekarang waktunya jualan",bbri
2026-02-04,"Berdasarkan analisis media seperti CNBC Indonesia (Feb 2026), saham potensial yang diakumulasi BPI Danantara termasuk BBTN, BBNI, BMRI, BBRI, BRIS, TLKM, PGEO, dan ANTM. Kriteria: likuiditas tinggi, fundamental kuat, valuasi bagus, & arus kas sehat. Ini bukan daftar resmi, tapi",bbri
2026-02-04,"Kmaren liat rapat BKPMxDPR yg gw tangkep jg thn ini modal masuk mostly masih di padat modal. Liat flagship project danantara jg arahnya serupa. Will take a while terutama untuk BBRI untuk reversal kinerja imho, and will need something really special from the gov too for the econ",bbri
2026-02-04,"Nabur duit di bank itu bukan investasi, itu cuma nitip uang buat inflasi. Lebih mending cicil BBRI atau BMRI pas lagi diskon buat dividen, daripada biarin saldo utuh tapi nilainya makin keropos. Change my mind.",bbri
2026-02-04,Kurang piala liga BBRI,bbri
2026-02-04,Bbri .d..sdh di pastikan besok main di atas ma 200,bbri
2026-02-04,"Stock Picks 4 Februari 2026 ICBP Spec Buy dengan support 8400, cut loss jika break di bawah 8225. Jika tidak break di bawah 8400, potensi naik ke 8750-8925 short term. Disclaimer: http://bit.ly/disclaimer-cgsiid#cgsi#cgsid#stockpicks#sobatgenvest#akuinvestorsaham",icbp
2026-02-04,indikator ICBP overvalued apa ya? kok bisa??,icbp
2026-02-04,Ramadan is getting close. Will consumer sector stocks take off? #jpfa #icbp #indf,icbp
2026-02-04,Some major stocks of the Salim Group listed on the IDX (based on the latest data up to 2026): - INDF (PT Indofood Sukses Makmur Tbk) - Food & beverages - ICBP (PT Indofood CBP Sukses Makmur Tbk) - Instant noodles - SIMP (PT Salim Ivomas Pratama Tbk) - Palm oil agribusiness -,icbp
2026-02-04,"Prospek emiten $IHSG yg tergabung dalam barisan LQ45 sedang menunjukkan taringnya dipasar modal RI. Apakah akan ada potensi rebound lebih lanjut? $BBRI, $BBNI, $BBCA , $BMRI, $TLKM, $ASII . : Antara / S.Hasanuddin Disclaimer on : Bukan ajakan membeli atau menjual suatu",tlkm
2026-02-04,mudah2an duit beli tlkm,tlkm
2026-02-04,"Berdasarkan analisis media seperti CNBC Indonesia (Feb 2026), saham potensial yang diakumulasi BPI Danantara termasuk BBTN, BBNI, BMRI, BBRI, BRIS, TLKM, PGEO, dan ANTM. Kriteria: likuiditas tinggi, fundamental kuat, valuasi bagus, & arus kas sehat. Ini bukan daftar resmi, tapi",tlkm
2026-02-04,WOY TLKM hapuskan kelas 6.30 mu itu,tlkm
2026-02-04,"IHSG TECHNICAL VIEW (04/02/26) IHSG kemarin ditutup naik 2.52%, tapi disertai dengan net sell asing ~760 Miliar. Saham yang paling banyak dijual asing adalah BMRI, BBCA, ANTM, BBRI dan TLKM.",tlkm
2026-02-04,"IHSG Melemah 0,53% ke 8.079 pada Sesi I Rabu (4/2), BUMI, TLKM, JPFA Top Losers LQ45 http://investasi.kontan.co.id/news/ihsg-melemah-053-ke-8079-pada-sesi-i-rabu-42-bumi-tlkm-jpfa-top-losers-lq45#IHSG",tlkm
2026-02-04,Bmri .d kalau sanggup tutup di atas 5200 aman dch ini barang 600 dulu,bmri
2026-02-04,Bmri sdh 15%up,bmri
2026-02-04,Jadi semakin yakin sama RLCO Pak. Besok izin jual BMRI buat beli RLCO ya pak,bmri
2026-02-04,Hmm agak nyesel ga nyerok bmri kemarin,bmri
2026-02-04,Malas lihat chart ach paling besok bmri turun dikit bbri main Rata rata bumn.. Bank bumn apa saja ych,bmri
2026-02-04,"Hari ini yang naik kebanyakan emiten-emiten sektor finance. #bbtn dan #bmri salah dua emiten yang naik hari ini. Malam ini saya akan share watchlist untuk trading esok, stay tuned.",bmri
2026-02-04,"Siap2 sell $BMRI $BBTN $BBRI $BBNI (yg Bank HIMBARA). Lalu jgn lupa SELL $BBCA jika nanti Misbhakun jd Ketua OJK. Wassalam $IHSG , Bank2 HIMBARA, & DANANTARA.",bmri
2026-02-04,"Antusias para investor liat grafik Saham BMRI naik di momen stair step pattern, kalau peluang bisa naik lagi di saham ini yang pasti uptrend bakal dapet profitnya dua kali lipat #saham #AplikasiAjaib",bmri
2026-02-04,Holder bank sore ini khususnya $bris & $bmri,bmri
2026-02-04,"Sektor perbankan big caps dalam pantauan ini menunjukkan momentum bullish yang solid, di mana seluruh emiten utama (BBCA, BBNI, BBRI, dan BMRI) ditutup di zona hijau dengan apresiasi harga yang cukup signifikan, dipimpin oleh lonjakan BMRI sebesar 3,52%. Lanjut",bmri
2026-02-04,Yg bmri eror chartnya,bmri
2026-02-04,Estimatednya bukan hari ini ya BMRI?,bmri
2026-02-04,Asli malah BMRI lari dluan,bmri
2026-02-04,"Setelah menjadi sodaraan dengan $BMRI $BBRI dan BBNI, $BRIS punya ambisi besar mau menjadi bank KBMI 4.",bmri
2026-02-04,Mengacu pada persyaratan MSCI ada 320 saham yang free float nya dibawah 15% berdasarkan kutipan dari CNBC Indonesia Research. Full list: https://cnbcindonesia.com/research/20260202114604-128-707307/lengkap-ini-320-saham-dengan-free-float-di-bawah-15Menurutkalianapayangakanterjadipadaemiten-emitenini?#BREN#BRIS#UNVR#ADMR#PGEO,unvr
2026-02-04,"kyk waktu itu klo gak salah unvr , tahun kemarin berita efisiensi dan gak lama harga emitennya naik lumayan",unvr
2026-02-04,ibarat unvr ara 5 kali beruntun . wkwkek,unvr
2026-02-04,"guysss, ada yang trading saham juga gaa, kalian ada yang analisa UNVR gaa?? make sense gw sihh gw ekspektasi gw bakal nyentuh di Rp 2.300",unvr
2026-02-05,"BBRI Diincar, Jangan-jangan Harganya Bisa ke Sini #saham #infosaham #investasi",bbri
2026-02-05,Saham BBRI Loncat Gara-gara Ini #saham #infosaham #investasi,bbri
2026-02-05,"IHSG Masih Goyang, Asing Banyak Borong BMRI & BBRI",bbri
2026-02-05,"Selamat pagi apek @Ddarwin889 Sudah kasih SP bbni, bmri, bbca, dan bbtn, bbri Apalah jadi nya aku kalau nggak di bimbing kamu Gw dah minggat dari Bursa kali sejak jaman es",bbri
2026-02-05,Gagal bbri dama bris.. sial,bbri
2026-02-05,"Update Watchlist Saham Pribadi / Indeks Pribadi : Kamis, 05 Februari 2026 (Closing). I = BBRI, ASII, TPIA, AMRT, BREN. II = PTBA, JSMR, ASSA. III = BRMS, UNTR, CPIN, BBTN.",bbri
2026-02-05,baru juga mo naek ini bbri gw pak,bbri
2026-02-05,"hold bbri dari 1 setengah taun lalu, semoga taun ini balik ke 5000",bbri
2026-02-05,"Stock Picks 5 Februari 2026 BBRI Spec Buy dengan support 3800, cut loss jika break di bawah 3730. Jika tidak break di bawah 3800, potensi naik ke 3940-4010 short term. Disclaimer: http://bit.ly/disclaimer-cgsiid#cgsi#cgsid#stockpicks#sobatgenvest#akuinvestorsaham",bbri
2026-02-05,"Aku so far aman nder, minus aku kemaren tuh di bank jago syariah karena kalau RDNnya syariah gabisa beli saham kayak BBCA BBRI:",bbri
2026-02-05,"Trading Idea 5 Februari 2026 BBRI Spec Buy dengan area beli di 3830-3860, cutloss di bawah 3820. Target dekat di 3900-3930. TLKM Spec Buy dengan area beli di 3250-3330, cutloss di bawah 3200. Target dekat di 3400-3450.",bbri
2026-02-05,Bisa naik sampai berapa dan apakah sinyal perlawanan naik ini bisa menjadi sinyal dari sudah selesainya tren turun harga saham $BBRI yang sudah berjalan dari tahun lalu? Pembahasan selengkapnya bisa dibaca di sini,bbri
2026-02-05,BBRI : Sudah selesai tren turunnya? | Elliott Wave Analysis Harga saham #BBRI terlihat mulai bergerak naik lagi pada perdagangan hari ini setelah sempat tertekan turun di minggu lalu,bbri
2026-02-05,menyesal kmrn jual bbri pdhl blm naik bjirrr skrg udh naik lg. trs menyesal tidak beli bca banyak banyak,bbri
2026-02-05,Siapa yang beli saham bluechip minggu ini? #BBCA #BBRI #ASII #MAPI #ADRO,bbri
2026-02-05,terbanglah tinggi BBRI. akan kujual setelah btc di 60k,bbri
2026-02-05,"$BBRI Sesuai prediksi yang saya buat, harga turun ke area kotak hijau untuk melakukan liquidity sweep. Area ini juga menjadi zona ideal karena termasuk bullish OB kuat sebelum rebound. Bagi yang entry dari kotak hijau, sekarang posisi kalian sudah floating gain >12%.",bbri
2026-02-05,"Gain intraday 5/2 : laju5.9%, bbri 1%, kras 1.7%",bbri
2026-02-05,Bbri di jaringan apa ?,bbri
2026-02-05,"Harga Saham BBCA, BBRI, BMRI, dan BBNI Kamis 5 Februari 2026",bbri
2026-02-05,"SHOPPING LIST: BIG BANKS Target utama jelas: Tulang punggung IHSG yang valuasinya lagi diskon besar. $BBNI: Valuasi termurah (PBV rendah) vs peers, incaran value investing. $BMRI: Kualitas aset & efisiensi teruji. $BBRI: Koreksi harga kemarin bikin entry point",bbri
2026-02-05,Banyak BBRI BJBR BDMN SIDO KLBF dll,bbri
2026-02-05,"Tokenization of Big4 Indonesian stocks (#BBCA, #BBRI, #BMRI, #BBNI) holds tremendous positive potential for the future of the domestic capital market, as it can boost financial inclusion through fractional ownership for retail investors, 24/7 liquidity at lower costs,",bbri
2026-02-05,"Haha, gurauan menarik! Kalau sudah marah dan lapor ke Purbaya, semoga cepat ditangani. Update saham hari ini (5 Feb 2026): BBRI di 3.920 IDR (+1,29%), BBNI 4.630 IDR, BBCA sekitar 7.875 IDR (data kemarin). Mau info dividen atau analisis lebih detail?",bbri
2026-02-05,Order sell BBRI di 4000 termasuk serakah gak? Wakkakaka...,bbri
2026-02-05,"Perbankan enak di swing dari 2025. Range BBRI cuma 3400 - 4000, BBNI 4000 - 4500. Kalau bisa baca dah dapet 20% per 3 bulan.",bbri
2026-02-05,bbri lagi murah tp lagi ga ada duitnya jg anjay,bbri
2026-02-05,"Gue - nyangkut di BBRI 4300, udah hampir 2 tahun - BTC scam, minus 25 persen",bbri
2026-02-05,"Big banks mau shine katanya. $BBRI $BBTN siap-siap. Buy on breakout ya, bukan haka. Paham kan bedanya?",bbri
2026-02-05,"Ada dua saham yang menarik untuk dikoleksi menurut saya, ada $CPIN dan $ICBP Mengapa menarik? Setelah melakukan analisis fundamental dan memahami prospek masa depan. Keduanya termasuk ke dalam saham yang murah, di bawah harga sebenarnya yang mencerminkan value perusahaan.",icbp
2026-02-05,"AWOKWKWK iya lagi, waktunya all in saham ICBP sm HMSP dong berarti sekarang. soalnya kalau dah kenyang ya butuh sebat sambil makan chitato",icbp
2026-02-05,"Di pasar domestik, ini menjelaskan mengapa asing mulai melepas saham-saham seperti TLKM dan ASII, namun tetap memantau sektor komoditas dan energi.",tlkm
2026-02-05,Tlkm punya avg tinggi banget lagi. Kalo cl bakal dipanggil kpk wkwkwk,tlkm
2026-02-05,"SHOPPING LIST: STRATEGIC BUMN Selain bank, Danantara masuk ke sektor mandat negara (Energi & Hilirisasi): $PGEO: Ketahanan energi (Geothermal) jangka panjang. $ANTM & $TINS : Ekosistem EV Battery & Hilirisasi tambang. $TLKM: Cashflow monster yang stabil.",tlkm
2026-02-05,"Trading Idea 5 Februari 2026 BBRI Spec Buy dengan area beli di 3830-3860, cutloss di bawah 3820. Target dekat di 3900-3930. TLKM Spec Buy dengan area beli di 3250-3330, cutloss di bawah 3200. Target dekat di 3400-3450.",tlkm
2026-02-05,Terdeteksi Foreign Net Buy (Asing Beli Bersih) yang masif di saham Telkom ($TLKM) dan Astra ($ASII) pada 10 menit terakhir.,tlkm
2026-02-05,"IHSG TECHNICAL VIEW (05/02/26) IHSG kemarin ditutup naik 0.3%, tapi disertai dengan net sell asing ~1.42 Tr. Saham yang paling banyak dijual asing adalah BUMI, ANTM, ASII, TLKM dan BBNI.",tlkm
2026-02-05,Saranin provider yang ga bocorin nomor pelanggan dong eneg bngt sma tlkm,tlkm
2026-02-05,Eeeiyak flise nunggu madrid main nantiku pasti menuhin TLkm,tlkm
2026-02-05,Anj unvr pas gua sell dia naik,unvr
2026-02-05,"Saham UNVR Tetiba Melonjak, Bocor Batas Atasnya #saham #infosaham #investasi",unvr
2026-02-05,"Terlalu sibuk saham MSCI, ada UNVR yang diam-diam naik 32% dalam 6 hari bursa",unvr
2026-02-05,"$UNVR gacor banget naiknya, mestinya gw jangan sell kemaren",unvr
2026-02-05,"The narrative about $UNVR as a defensive stock is starting to pop up again. Two years ago, it seemed impossible for these words to come out.",unvr
2026-02-05,"Warrant, kmrin gue cl di warran unvr. Gak lagi2 maen warant deh",unvr
2026-02-05,cakep bgtttttt unvr,unvr
2026-02-05,"sekali ijo langsung merahh, apakah unvr bakal ngikut gini jg",unvr
2026-02-05,unvr langsung manggung wkwk,unvr
2026-02-05,Trending Stocks - 5 Januari 2026 UNVR | PTBA | VKTR Temukan berita terupdate seputar market di IPOT Buzz!,unvr
2026-02-05,"wkwkwk rill, pdhl nk alfamart seh buyback jg dan rodo skeptis nk bakal manggung jebul tetep gas. iyo mayoraa tp tekanan jual seh lumayan jg kek kurang kuat, unvr kuat bgt",unvr
2026-02-06,"shm! diliat-liat foreign inflow paling banyak udah masuk lagi ke sektor keuangan BBCA, BBRI, dan BMRI juga jadi Top 5D net foreign buy. Jadi Indonesia at least ga mungkin turun sampe frontier market ga sih?",bbri
2026-02-06,"Entering 14:10 WIB, foreign selling pressure (Foreign Net Sell) on giant banking stocks is intensifying further. : In the RTI/Stockbit app, a larger foreign Net Sell is visible in BBRI and BBCA stocks.",bbri
2026-02-06,"Yang cukup disesali adalah menjual saham BMRI, BBRI, ASII sama AUTO. Ternyata saham anti badai kalau lagi merah, kalau lagi bull market memang lambat.",bbri
2026-02-06,"Dengan sentimen secara makro ini, bagaimana strategi di saham yang bisa dilakukan investor ritel? kami rekap semuanya di sini: https://mikirduit.com/moodys-downgrade-outlook-indonesia-jadi-negatif-ini-yang-bisa-dilakukan-investor-saham/$BMRI$BBRI$ANTM",bbri
2026-02-06,"Kalau negara lagi susah, siapa yang diminta nombok duluan? Jawabannya bank dan BUMN. Makanya yang kena duluan bukan negara, tapi bank-bank besar: BBCA, BMRI, BBNI, BBRI, BBTN. Bukan karena mereka jelek. Justru karena mereka paling kuat dan paling bisa dimintain tolong.",bbri
2026-02-06,"Hahahaha asing cuma lepas 1% BBRI, BBCA, BMRI, harga koreksi ritel panik . Akhirnya jual dan asing akan nyerok . Yg mental trading bakal jual yg mental investor bakal tahan turun beli lagi..!!",bbri
2026-02-06,Mungkin dia anak konglomerat pemilik saham BBRI 15% yg sdh menyamar....,bbri
2026-02-06,BBCA BBRI BTC ETH Pokemon Card Hmm,bbri
2026-02-06,"BANK BRI bank nomor satu kantor terbanyak sedunia, karyawan bank bbri sangat banyak..",bbri
2026-02-06,beli BBRI bang,bbri
2026-02-06,wkwkwk bbri bmri 8% agak mustahil 5 tahun kedepan,bbri
2026-02-06,"Pertanyaannya apakah BBRI dan BMRI rapuh?? Malah ekonomi real Indonesia baik, artinya isu negatif ini supaya investor ritel lokal panik . Sudah biasa seperti ini, nyopet ketika pasar panik",bbri
2026-02-06,"If BBRI is blocked by an offer of 100,000 lots, then for a 1-tick price increase, it would require around 30 billion, which is very large. Small-cap or mid-cap stocks that are somewhat volatile sometimes dont even reach that transaction value in a single day.",bbri
2026-02-06,BMRI LK nya bagus langsung diborong asing semoga minggu depan gantian BBRI yg bagus,bbri
2026-02-06,"Beberapa saham IHSG dengan dividen tinggi dan stabilitas baik seperti ITMG (yield ~15%), SKRN (~18%), DMAS (~16%), PTBA (~12%), serta bank seperti BBRI dan BMRI (~8-9%). Kenaikan harga 105% jarang konsisten, tapi ini cocok untuk hold jangka panjang. Riset sendiri karena pasar",bbri
2026-02-06,Profit eoy 2025 BBCA 57.5 T BMRI 56.2 T BBRI? Konsensus sekitar 54.3 T masa mo langsung turun ke 3 dari peringkat 1,bbri
2026-02-06,"Berdasarkan data Feb 2026, yield dividen BBRI sekitar 9% (TTM), BMRI 8.97% forward hingga 11.21% trailing. Bisa bertahan 5 tahun kalau kinerja stabil, tapi pasar fluktuatif. Cek update di Yahoo Finance atau sumber resmi!",bbri
2026-02-06,"2. It takes a few ticks to achieve a 1% increase before fees are deducted. With prices in the range of 3000 to 5000, the stock price increases for stocks like BBRI, BBNI, and BMRI require 3 to 5 ticks to reach a 1% increase before fees are deducted.",bbri
2026-02-06,"Why is buying big banks like $BBCA, $BBRI, $BMRI, $BBNI not attractive for short-term traders? Whether for day traders or scalpers",bbri
2026-02-06,"3. Thick bid offer. To boost BBRI stock, sometimes the offer is very thick. Normally for big bank stocks, the offer is above 10,000 lots to 100,000 lots for a 1-tick price increase.",bbri
2026-02-06,BBRI ke 3000 kah,bbri
2026-02-06,"Pendapat saya: Penurunan saham BUMN seperti BMRI dan BBRI memang dipicu downgrade outlook Moodys, dengan IHSG turun 2,55% hari ini dan 11,6% sebulan terakhir. Jika fundamental bagus, strategi beli & tahan bisa counter asing yang jual, potensi stabilkan harga. Tapi pasar",bbri
2026-02-06,"BBRI dan BMRI tidak rapuh; fundamental mereka kuat dengan pertumbuhan laba stabil dari sektor perbankan BUMN. Ekonomi riil Indonesia memang baik, tumbuh 5.39% di Q4 2025 dan proyeksi 5.4% di 2026. Downgrade Moodys akibat ketidakpastian kebijakan bikin sentimen negatif, bisa jadi",bbri
2026-02-06,sejak beliau menjabat ampe sekarang masih sangkut bbri ihsg ath juga karena konglo bukan karena beliau menjabat ihsg cerahhhg,bbri
2026-02-06,"Benar, harga blue chip BUMN seperti BMRI (tutup Rp5.050) dan BBRI (Rp3.820) pada 6 Feb 2026 memang turun tajam, IHSG anjlok 2,08% ke 7.935 akibat downgrade outlook Moodys ke negatif karena ketidakpastian kebijakan. Bisa jadi diskon untuk beli-tahan jika fundamental solid, tapi",bbri
2026-02-06,@marvelle_danny listkan lagu favorit rohani nomor 1-10 untuk penguatan angkatan bumi 400++ dan bbca 10.950 dan bbri 6400 koh,bbri
2026-02-06,"Ini menarik sih, asing balik lagi ke sektor keuangan kita, terutama di bank-bank besar. BBCA, BBRI, BMRI jadi target utama. Ini sinyal bagus buat rupiah dan ekonomi kita, at least untuk short-term. Indonesia jauh dari frontier market, period.",bbri
2026-02-06,"Moody’s Pangkas Outlook 7 Emiten Indonesia Jadi Negatif, Ada ICBP",icbp
2026-02-06,"Dengan kondisi market tertekan, biasanya akan ada saham-saham dengan fundamental menarik mengalami diskon harga. Pertanyaanya, bagaimana bisa menemukan hidden gems tersebut? kami ulas selengkapnya di sini: https://youtube.com/watch?v=8GbYs4LRb0c$ACES$ICBP$ITMG",icbp
2026-02-06,"Stock Picks 6 Februari 2026 ICBP Spec Buy dengan support 8150, cut loss jika break di bawah 8000. Jika tidak break di bawah 8150, potensi naik ke 8450-8600 short term. Disclaimer: http://bit.ly/disclaimer-cgsiid#cgsi#cgsid#stockpicks#sobatgenvest#akuinvestorsaham",icbp
2026-02-06,kenapa tiba tiba ada ICBP? mau serok ya,icbp
2026-02-06,Sebelum lu ke sono berapa Debt to Equity rationya $ICBP?,icbp
2026-02-06,Saham-saham High Beta (Teknologi & Bank Digital) berpotensi merah karena mengikuti sentimen kripto. Investor kemungkinan akan memindahkan uang ke saham Defensive (Consumer Goods seperti ICBP/INDF) atau memilih memegang Cash (Uang Tunai) selama akhir pekan ini.,icbp
2026-02-06,"Cari peluang di tengah gejolak? Cek watchlist ini: CRAY, JPFA, ICBP, hingga ULTJ. Reminder: Rekomendasi berlaku 20 hari bursa. Jangan lupa disiplin stop-loss sesuai tabel ya! #MakinPahamSaham #WatchlistSaham",icbp
2026-02-06,"gara-gara bumi, malah jadi ICBP yg naik rungkad",icbp
2026-02-06,Hahahaa iya lagi pak ada yang ngamok kenapa ICBP ikutan di downgrade,icbp
2026-02-06,"ICBP kan punya hutang luar negri besar, lu gmn sih",icbp
2026-02-06,dividen dan cashflow bagus TLKM,tlkm
2026-02-06,"Ok Siap2 TLKM, INDF, UNTR, ANTM, PTBA, TINS dan INCO dibuang hari senin. kyknya asing udah dpt info ini dl, krn udah bbrp hari ini saham2 itu dibuang",tlkm
2026-02-06,wifi anjg tlkm anjjjjjj ngelag bgsttttt,tlkm
2026-02-06,TLKM is holding up strong even in this downtrend phase. Lucky I didnt buy when the IHSG was at 9000,tlkm
2026-02-06,"Trading Idea 6 Februari 2026 TLKM Buy on Weakness dengan area beli di 3200-3240, cutloss di bawah 3150. Target dekat di 3320-3400. EXCL Buy on Weakness dengan area beli di 2820-2900, cutloss di bawah 2780. Target dekat di 3060-3100.",tlkm
2026-02-06,TLKM boleh jadi pilihan hari ini,tlkm
2026-02-06,Perubahan layanan digital dan pola konsumsi informasi mendorong PT Telkom Indonesia (Persero) Tbk melakukan transformasi menyeluruh melalui strategi Telkom 30 (TLKM 30) agar tetap relevan dan berkelanjutan di tengah disrupsi teknologi.,tlkm
2026-02-06,"Ini menarik sih, asing balik lagi ke sektor keuangan kita, terutama di bank-bank besar. BBCA, BBRI, BMRI jadi target utama. Ini sinyal bagus buat rupiah dan ekonomi kita, at least untuk short-term. Indonesia jauh dari frontier market, period.",bmri
2026-02-06,"Kalau negara lagi susah, siapa yang diminta nombok duluan? Jawabannya bank dan BUMN. Makanya yang kena duluan bukan negara, tapi bank-bank besar: BBCA, BMRI, BBNI, BBRI, BBTN. Bukan karena mereka jelek. Justru karena mereka paling kuat dan paling bisa dimintain tolong.",bmri
2026-02-06,"2.Butuh beberapa tick untuk mencapai kenaikan 1% belum dipotong fee. dengan Harga di range 3000 sd 5000 maka kenaikan harga saham seperti BBRI, BBNI dan BMRI butuh 3 sd 5 tick untuk mencapai kenaikan 1% sebelum dipotong fee.",bmri
2026-02-06,"Kenapa beli big banks seperti $BBCA , $BBRI, $BMRI, $BBNI tidak menarik untuk trader jangka pendek? baik untuk day trader atau scalper",bmri
2026-02-06,"Hahahaha asing cuma lepas 1% BBRI, BBCA, BMRI, harga koreksi ritel panik . Akhirnya jual dan asing akan nyerok . Yg mental trading bakal jual yg mental investor bakal tahan turun beli lagi..!!",bmri
2026-02-06,"Pertanyaannya apakah BBRI dan BMRI rapuh?? Malah ekonomi real Indonesia baik, artinya isu negatif ini supaya investor ritel lokal panik . Sudah biasa seperti ini, nyopet ketika pasar panik",bmri
2026-02-06,"Nikmati diskon s.d. Rp1.888.000* di Erafone, iBox, Eraspace, dan Samsung by Erafone pakai Mandiri Kartu Kredit! Berlaku 1-12 Februari 2026. *Info: http://bmri.id/cnyerajayaBankMandiriberizindandiawasiolehOtoritasJasaKeuangandanBankIndonesia.#MandiriKartuKredit",bmri
2026-02-06,"pertama-tama, itu kayanya bukan “kolom” nya Danantara deh bang, itu kolomnya BMRI",bmri
2026-02-06,Profit eoy 2025 BBCA 57.5 T BMRI 56.2 T BBRI? Konsensus sekitar 54.3 T masa mo langsung turun ke 3 dari peringkat 1,bmri
2026-02-06,"Nikmati diskon s.d. Rp10 juta*, cashback s.d. Rp4 juta*, dan cicilan 0% hingga 12 bulan* dengan Mandiri Kartu Kredit di Mandiri Nusantaratour Pesta Wisata, 6–8 Februari 2026 di DP Mall Semarang. *Info: http://bmri.id/peswis2026BankMandiriberizindandiawasiolehOtoritasJasa",bmri
2026-02-06,"Raih hemat s.d. Rp208 ribu* di Shopee Lunar New Year Festival pakai Mandiri Kartu Kredit. Yuk, checkout sekarang! Berlaku s.d. 17 Februari 2026. *Info: http://bmri.id/shopeeCNY26BankMandiriberizindandiawasiolehOtoritasJasaKeuangandanBankIndonesia.#MandiriKartuKredit",bmri
2026-02-06,"Anjayy cakep bnr dah q4 bmri, yok bisa yok jebolin 5150 dulu. Kasih ke 5250 ganteng bgt u bg sumpah (gua mo out dl anjerrr)",bmri
2026-02-06,Nikmati diskon s.d. Rp350 ribu* dan cashback s.d. Rp150 ribu* dengan Blibli Tiket Points buat tiket liburanmu pakai Mandiri Kartu Kredit! Berlaku s.d. 31 Maret 2026. *Info: http://bmri.id/tiketmandiridealBankMandiriberizindandiawasiolehOtoritasJasaKeuangandanBankIndonesia.,bmri
2026-02-06,"Stock Picks 6 Februari 2026 UNVR Spec Buy dengan support 2160, cut loss jika break di bawah 2110. Jika tidak break di bawah 2160, potensi naik ke 2260-2310 short term. Disclaimer: http://bit.ly/disclaimer-cgsiid#cgsi#cgsid#stockpicks#sobatgenvest#akuinvestorsaham",unvr
2026-02-06,Emangnya kalau tiap hri pake sabun unilever saham unvr tren naik terus kan engga..,unvr
2026-02-06,Sp 9/2 : pani ghon pnlf smgr hrta myor wiim unvr pgas.,unvr
2026-02-07,"Penurunan yang kamu lihat hari ini bukanlah akhir, melainkan sebuah fase market detox. Moody’s memang mengubah outlook Indonesia ke negatif karena ketidakpastian kebijakan, namun fundamental perbankan kita—seperti BBCA, BBRI, dan BMRI—tetap kokoh dengan laba yang masih tumbuh",bbri
2026-02-07,"Is the initial purchase thesis still relevant? Back then, I sold BBRI at a price of 6000, because I realized there was something different during the Annual General Meeting. The Dividend Payout Ratio dropped by 5%. That means there was a need for funds, which turned out to be",bbri
2026-02-07,Ozizuezknd,bbri
2026-02-07,"Apakabar PSM yang sanksinya dicabut 30 Januari, terus dibulan februari kontrak pemain. Akun-akun itu emang sengaja nyudutin Persib ama ET. Kalau gak suka ET gak usah bawa² Persib. Saham ET nya aja di Persib gak bisa ngatur² manajemen. Ibarat gua punya saham BBRI, gak bisa ngtur",bbri
2026-02-07,9ug989yg8,bbri
2026-02-07,Djzjdiwid,bbri
2026-02-07,Kalau kalian beli dipucuk $BTC -50% $Gold -20% $Silver -47% $SOL -73% $ETH -64% $GOTO -86% $BUMI -57% $BBRI -49% $BBNI -42% $BBCA -41% $BMRI -46% $MSTR -80% $MSFT -29% $PLTR -40%,bbri
2026-02-07,banyak yang senasib bbca 11000 dan bbri 4100 kiranya udh bottom dibawa 3500-3300 bumi kiranya ke 500 haka di 400-300 sekarang udh di 200 udah minus -50 persen,bbri
2026-02-07,"Izin sy misterius di whatsapp anomali Sebenernya sy anak pak axton salim yg punya icbp, nimbun buat stock makan pas lagi pgn micin",icbp
2026-02-07,"Memang kacau @IndiHome , masalah tidak benar-benar di tangani. DM Hanya dibalas template saja sepertinya cuma balasan untuk formalitas. Bagusin pelayanan biar kinerja $TLKM Makin baik bukan asal kerja aja. Ingat..! Kamu butuh pelanggan jangan sampai pelanggan kabur.",tlkm
2026-02-07,"Fakta WIFI menang regional 1 dan TLKM gk kebagian aja udah kerasa kalau dibaliknya ada agenda, partneran sama pos indonesia,ada beberapa tokoh penting yg sudah pengalaman puluhan tahun di telekomunikasi dibalik WIFI, ada mantan dirut juga, networking / deal sdh pasti tidak susah",tlkm
2026-02-07,lkmn guis ida tlkm zzit oskkif,tlkm
2026-02-07,Kesel krn purbaya bkin org2 optimis jd saham naik... Mereka blm sempat beli trutama saham2 dividen bagus yg kinerjanya otw turnaround Liat aja yg dihajar modys pgeo tlkm bank antm... Emank sengaja,tlkm
2026-02-07,"bukan tlkm, tapi OS salah satu B*MN ada yg kontrak barunya gaji diturunin sampai 3 juta. terus tiba2 ada penalti kalo mau resign wkwkwk",tlkm
2026-02-07,"mff slh, mksudnmku unvr bukan silo",unvr
2026-02-08,Laba bbri dari tahun ke tahun...,bbri
2026-02-08,"Hai Sobat BRI, terima kasih atas minatnya terhadap produk BRI . Kami informasikan promo berlaku mulai pukul 08.00 waktu setempat setiap harinya. Informasi lebih lanjut, silakan mengunjungi website http://bbri.id/promokaipadabrowserpilihanmu.SobatBRI,janganmudahpercaya",bbri
2026-02-08,Momentum 5 Saham BUMN Yang Masuk Indeks IDXBUMN 20 Mengalami Akumulasi Sepekan Ini: BBRI BMRI ELSA PTBA TLKM BBRI BMRI ELSA PTBA TLKM #ctasaham #BBRI #BMRI #ELSA #TLKM #Saham #PTBA #Tradingsaham #elliottwavectasaham,bbri
2026-02-08,Jaka sembung bawa golok emang. Sama kayak samain BBRI ke BUMI,bbri
2026-02-08,UNVR sih Jauh.. Kalau BBRI dan BBCA udah tunggu waktu saja untuk rebound,bbri
2026-02-08,"masuk BBRI, bisa dpt 120-130jt pertahun dari dividen, lumayan, di bagi 12, bsa dpt 10jt/bln dari dividen,",bbri
2026-02-08,"Saham yg kemungkinan bullish hari ini senin 9 feb 2026 adalah antm, bbri, bmri, dan bumi",bbri
2026-02-08,"Penyebab utama: Tekanan global, outflow asing, revisi outlook Moodys ke negatif untuk beberapa bank besar (BBCA, BMRI, BBNI, BBRI, BBTN), dan sentimen peringkat utang RI. Sektor tertekan: Energi, keuangan, properti. Ada saham seperti RISE anjlok & kena UMA BEI.",bbri
2026-02-08,Bayangin ada orang mulai DCA saham BBRI dari Maret 2024.....,bbri
2026-02-08,"Moodys downgrades the outlook for banking stocks from stable to negative, namely BMRI, BBRI, BBNI, BBCA, and BBTN. Moody’s also downgrades the outlook for several Indonesian companies from stable to negative, namely TLKM, Telkomsel, Pertamina, Pertamina Hulu, MIND ID, ICBP, and",bbri
2026-02-08,"Bbri, bbni, bbtn udah hampir 1 tahun kayaknya",bbri
2026-02-08,"Saya menyangkutkan diri di BBRI nih pak, avg 3700, gatau dah skrg masih sangkut engga, harapannya ya pengen sangkut sih biar beli lagi, tapi ya historis selalu ATH, aku bisa apa ye kan",bbri
2026-02-08,Astaga lupaaa... Yaudah mungkin bbri pgn pamer biar qm nyamperinnn.,bbri
2026-02-08,"setelah dipikir since crash kemarin terlalu fokus ngeliatin JPFA sm ICBP, sampe lupa ada UNVR yg semenarik itu anjj",icbp
2026-02-08,"Moodys downgrades the outlook for banking stocks from stable to negative, namely BMRI, BBRI, BBNI, BBCA, and BBTN. Moody’s also downgrades the outlook for several Indonesian companies from stable to negative, namely TLKM, Telkomsel, Pertamina, Pertamina Hulu, MIND ID, ICBP, and",icbp
2026-02-08,"Berdasarkan data pasar Februari 2026, saham konglo seperti BRPT (Barito Pacific) dan CUAN (Petrindo) telah turun tajam (hingga 60%+), menjadikannya potensial undervalued dengan PBV rendah jika market recover. Lainnya: HMSP dan ICBP dari data pertumbuhan masa depan. Potensi naik",icbp
2026-02-08,"Ternyata banyak yang mengalami, kemungkinan customer service @IndiHome hanya membalas Chat sebagai formalitas saja tanpa di teruskan ke indihome area terkait. Kalau atasan tidak tau masalah ini, bakal jadi bomerang kedepannya dan saham $TLKM pasti ancur.",tlkm
2026-02-08,apalgi tlkm invest di sana. mana rugi lg,tlkm
2026-02-08,Momentum 5 Saham BUMN Yang Masuk Indeks IDXBUMN 20 Mengalami Akumulasi Sepekan Ini: BBRI BMRI ELSA PTBA TLKM BBRI BMRI ELSA PTBA TLKM #ctasaham #BBRI #BMRI #ELSA #TLKM #Saham #PTBA #Tradingsaham #elliottwavectasaham,tlkm
2026-02-08,"Moodys downgrades the outlook for banking stocks from stable to negative, namely BMRI, BBRI, BBNI, BBCA, and BBTN. Moody’s also downgrades the outlook for several Indonesian companies from stable to negative, namely TLKM, Telkomsel, Pertamina, Pertamina Hulu, MIND ID, ICBP, and",tlkm
2026-02-08,Nomorku yg tlkm itu kartu halo terus ga ada yang dapet wetv,tlkm
2026-02-08,"Moodys menurunkan outlook saham perbankan dari stabil menjadi negatif, yaitu BMRI, BBRI, BBNI, BBCA dan BBTN. Moody’s juga menurunkan outlook beberapa perusahaan Indonesia dari stabil menjadi negatif, yaitu TLKM, Telkomsel, Pertamina, Pertamina Hulu, MIND ID, ICBP dan UNTR.",bmri
2026-02-08,"Saham yg kemungkinan bullish hari ini senin 9 feb 2026 adalah antm, bbri, bmri, dan bumi",bmri
2026-02-08,"BMRI Ternyata Ada yang Tampung, Target Harga Di-spill #saham #infosaham #investasi",bmri
2026-02-08,Momentum 5 Saham BUMN Yang Masuk Indeks IDXBUMN 20 Mengalami Akumulasi Sepekan Ini: BBRI BMRI ELSA PTBA TLKM BBRI BMRI ELSA PTBA TLKM #ctasaham #BBRI #BMRI #ELSA #TLKM #Saham #PTBA #Tradingsaham #elliottwavectasaham,bmri
2026-02-08,"Dapatkan e-money Special Edition Tahilalats CNY 2026 di fitur Sukha pada aplikasi Livin’ by Mandiri mulai tanggal 8 Februari 2026! *Info lengkap: http://bmri.id/emoneyCNYTahilalatsBankMandiriberizindandiawasiolehOtoritasJasaKeuangandanBankIndonesia,sertamerupakanpeserta",bmri
2026-02-08,Dapatkan e-Coupon Rp50 ribu* saat belanja di GrandLucky Superstore pakai Mandiri Kartu Kredit. Berlaku 1-28 Februari 2026. *Info: http://bmri.id/cnygrandluckyBankMandiriberizindandiawasiolehOtoritasJasaKeuangandanBankIndonesia.#MandiriKartuKredit#BankMandiri,bmri
2026-02-08,Nikmati diskon s.d. Rp100 ribu* saat belanja di Hypermart pakai Mandiri Kartu Kredit. Berlaku s.d. 28 Februari 2026. *Info: http://bmri.id/CNYHypermartBankMandiriberizindandiawasiolehOtoritasJasaKeuangandanBankIndonesia.#MandiriKartuKredit#BankMandiri,bmri
2026-02-08,"Nikmati diskon Rp300 ribu* dan cicilan 0% s.d. 18 bulan* untuk Huawei FreeClip 2 di Erafone, Eraspace, dan Huawei pakai Mandiri Kartu Kredit. Berlaku s.d. 15 Februari 2026. *Info: http://bmri.id/huaweifreeclip2BankMandiriberizindandiawasiolehOtoritasJasaKeuangandanBank",bmri
2026-02-08,"Saksikan persiapan @timnasindonesia U-17 melawan China, selengkapnya di Livin’ Sukha via #LivinbyMandiri atau cek di http://bmri.id/timnasxmandiri‣#GarudaMendunia‣#TimnasIndonesiaMandiriBankMandiriberizindandiawasiolehOtoritasJasaKeuangandanBankIndonesiaserta",bmri
2026-02-08,"IHSG Masih Diuji, UNVR hingga MYOR dalam Bidikan #saham #infosaham #investasi",unvr
2026-02-08,"setelah dipikir since crash kemarin terlalu fokus ngeliatin JPFA sm ICBP, sampe lupa ada UNVR yg semenarik itu anjj",unvr
2026-02-08,"Arus dana: Asing net buy Rp944M mingguan, tapi YTD net sell Rp11T — tekanan fiskal. Sektor: Consumer resilien (+19.5% UNVR), mining lemah (-13.8% DSSA). Sentimen: BI tahan rate 4.75%, GDP 2025 5.11% stabil. Disclaimer: Edukasi semata, DYOR! Lanjut... #WalzzsTrade",unvr
2026-02-08,UNVR sih Jauh.. Kalau BBRI dan BBCA udah tunggu waktu saja untuk rebound,unvr
2026-02-08,unvr keliatannya lagi lumayan tapi tetep jangan lengah,unvr
2026-02-08,"Berdasarkan analisis laporan keuangan terbaru, emiten BEI seperti SIDO (Sido Muncul) memenuhi banyak green flags: gross margin 59%, net margin 30%, debt to equity 0, pertumbuhan revenue >10% (beberapa kuartal >20%). UNVR juga bagus dengan gross margin 48%, debt to equity 0.28,",unvr
2026-02-09,Saham BBRI Merah Gara-gara Ini #saham #infosaham #investasi,bbri
2026-02-09,"Nasib BBRI BBCA Cs, Jangan-jangan Harganya ke Sini #saham #infosaham #investasi",bbri
2026-02-09,Bos BRI (BBRI) Bicara Rencana Purbaya Mau Akuisisi Anak Usaha,bbri
2026-02-09,"UPDATE Moodys beri outlook negatif ke bank RI ( $BBTN, $BMRI, $BBRI, $BBNI, $BBCA ) akibat risiko fiskal negara. BTN disorot karena tumpukan pendapatan semu Rp11,5 T & modal yang dianggap overstated. Source: Seeking Alpha",bbri
2026-02-09,"Sobat BRI, Sekarang daftar QRIS di BRI Merchant cuma 5 menit. Lebih praktis, lebih modern, dan bikin usaha makin cuan. Ayo, segera daftar, saatnya buat usaha kamu naik level. Cek disini http://bbri.id/daftarbrimerchant#BRImerchant",bbri
2026-02-09,"Journey starts from signing up to be able to monetize Successfully got 500 subscribers Chasing 5M impressions Just enjoy the process, if it has to take 3 months then go through it Everything takes time BTW #BBRI still",bbri
2026-02-09,Pilih cash lalu investasi ke bbri dan bmri agar dapat dividen tiap tahun,bbri
2026-02-09,"Pada perdagangan Senin, 9 Februari 2026 pukul 14:27 WIB, Indeks Harga Saham Gabungan (IHSG) berhasil bertahan di zona hijau meskipun bergejolak, didorong oleh rally sektor industri dasar dan basic industry.",bbri
2026-02-09,Ngopi sambil nunggu #BBRI hijau Selamat pagi semuanya Selamat beraktifitas God Bless You all,bbri
2026-02-09,Realistis aja mas. Nanti kayak pucukers bbri 6000,bbri
2026-02-09,"bbri, bumi. bbri malah dari tahun kemarin diomongin",bbri
2026-02-09,"Stock Picks 9 Februari 2026 TLKM Spec Buy dengan support 3310, cut loss jika break di bawah 3240. Jika tidak break di bawah 3310, potensi naik ke 3450-3520 short term. Disclaimer: http://bit.ly/disclaimer-cgsiid#cgsi#cgsid#stockpicks#sobatgenvest#akuinvestorsaham",tlkm
2026-02-09,"TLKM Menguat Saat IHSG Terkoreksi 2%, PANI Capai Target Penjualan, BUKA Siapkan Buyback",tlkm
2026-02-09,"The Composite Stock Price Index, or JCI, is projected to decline again at the start of this weeks trading on Monday (9/2). Analysts recommend stocks of PT Pantai Indah Kapuk Dua Tbk (PANI), PT Telkom Indonesia Tbk (TLKM) to PT Indika Energy Tbk (INDY). Phintraco Sekuritas",tlkm
2026-02-09,"IHSG TECHNICAL VIEW (09/02/26) IHSG Jumat lalu ditutup turun 2.08%, tapi disertai dengan net buy asing ~775 Miliar. Saham yang paling banyak dibeli asing adalah BMRI, BUMI, TLKM, ANTM dan ASII.",tlkm
2026-02-09,"UPDATE Laba bersih $ISAT 2025 naik 12,2% jadi Rp5,51 T didorong efisiensi biaya. Meski pendapatan tumbuh ke Rp56,51 T dengan margin EBITDA 47,1%, harga saham melemah ke Rp2.100 pada rilis kinerja. Source: IDN Financials",isat
2026-02-09,"Rapor Indosat (ISAT) 2025, Laba Bersih dan ARPU Tumbuh #saham #infosaham #investasi",isat
2026-02-09,"Rekomendasi Saham Potensial — Senin, 9 Februari 2026 ISAT – Buy On Support Entry: 2110 - 2150 Target 2: 2450 Target 1: 2300 Stoploss: <2050 By Phintraco Sekuritas Investment Advisor Team - Disclaimer On -",isat
2026-02-09,"Stock Picks 9 February 2026 UNVR Spec Buy with support at 2250, cut loss if breaks below 2200. If it doesnt break below 2250, potential rise to 2350-2400 short term. Disclaimer: http://bit.ly/disclaimer-cgsiid#cgsi#cgsid#stockpicks#sobatgenvest#akuinvestorsaham",unvr
2026-02-09,"Update Watchlist Saham Pribadi / Indeks Pribadi : Senin, 10 Februari 2026 (Closing). I = MDKA, TPIA. II = MBMA, PTBA. III = BRMS, UNTR, BRIS, TINS, UNVR, ADRO, INKP, BREN.",unvr
2026-02-10,[09:05:20] $BBRI - BUY Rp. 2.308.500.000 (6.156 lots @ Rp3.750) [09:05:59] $BUMI - NG Rp. 5.040.000.000 (200.000 lots @ Rp252) [09:08:28] $BRMS - SELL Rp. 2.050.000.000 (20.000 lots @ Rp1.025) DYOR!,bbri
2026-02-10,"[09:19:46] $ACES - NG Rp. 13.683.330.000 (337.860 lots @ Rp405) [09:23:37] $TRST - NG Rp. 4.358.634.441 (66.952,91 lots @ Rp651) [09:24:08] $BBRI - BUY Rp. 3.462.960.000 (9.210 lots @ Rp3.760) DYOR!",bbri
2026-02-10,"Tinggal mikirin isinya - Mau hasil monet masih jauh. - BBRI baru nyemai. - masa ngambil uang tabungan Resiko kalau udah gede, udah kerja. Sesuai dengan hukum tabur tuai, dulu waktu kecil pasti nerima, sudah gede sudah sepantasnya memberi.",bbri
2026-02-10,Baru tahu ini namanya floating loss Apakah mesti top up? Emang rencana tiap bulan mau masukin 500k atau 750k rutin #BBRI,bbri
2026-02-10,"Nah bener bngt, ini yg kadang jadi keraguan. harus diversifikasi porto lagi, BMRI, BBRI, BBNI juga kasih dividen lumayan.",bbri
2026-02-10,"IHSG TECHNICAL VIEW (11/02/26) IHSG kemarin ditutup naik 1.24%, tapi masih disertai dengan net sell asing ~917 Miliar. Saham yang paling banyak dijual asing adalah BUMI, BBCA, DEWA, BUVA, dan BBRI.",bbri
2026-02-10,"Justru porto saya gede di banking, kalo batu bara itu lumayan tinggi resikonya Kalo incer dividen bisa ke BBRI, BMRI, BBNI",bbri
2026-02-10,"Gw setuju bngt sama bang reyhan. Jujur porto investasi gw gede di perbankan. So far dividen yg menarik itu dari BBRI, BMRI, BBNI Untuk batu bara terkesan HIGH RISK karena transisi energi. Saran diversifikasi lagi porto saham, karena ga cuma batu bara yg rajin bagi dividen",bbri
2026-02-10,"BBRI Kemarin(9 Feb) : 1.Asing net sell, saham yang paling banyak dijual: BBCA, BBRI, BUMI. 2.Big banks (BBCA, BMRI, BBRI, BBNI) kompak melemah. 3.BBRI masih tertekan, berpotensi uji support karena sentimen makro. Sentimen: Negatif Not financial advice #BBRI @Stockbit",bbri
2026-02-10,itu bbri naik walau hadiah sih,bbri
2026-02-10,"IHSG TECHNICAL VIEW (10/02/26) IHSG kemarin ditutup naik 1.22%, tapi disertai dengan net sell asing ~600 Miliar. Saham yang paling banyak dijual asing adalah BBCA, BBRI, BUMI, HRTA dan NCKL.",bbri
2026-02-10,"Bank: BMRI, BBRI, BBNI Batu bara: PTBA, ITMG, ADRO",bbri
2026-02-10,"cara menyudahinya bilang aja bbca bbri bmri bbni koh, selesai dah wkwkwk",bbri
2026-02-10,Woe lu jadi dividen Hunter aja cook. Cek noh dia fokus FF dari dividen BBRI,bbri
2026-02-10,Yah kecepetan beli bbri. Tp bukannya moodys udah infoin ini minggu lalu? Cuma skrg lebih lengkap pt yang kena,bbri
2026-02-10,BBRI aja kemarin amblas ka wkwkwk - 3% aja menangis aku mah,bbri
2026-02-10,"If $IHSG rebounds, these stocks are going on my watchlist for the next few weeks. This is just my personal preference, okay. NFA DYOR. Sector: Banking, Property, Energy, Transportation $AMMN $AKRA $BBNI $BBRI $BRIS $CTRA $SMRA $INDF $ICBP $JSMR $MAPI",bbri
2026-02-10,"Kalau mengenai resiko, investasi, apapun ga 100% aman. Taruh uang di bawah bantal aja bisa dimaling. Sejauh ini untuk saham indonesia, saham2 yg konsisten di LQ45(biasanya disebut BlueChip) seperti BBCA dan BBRI masih aman dr goreng menggoreng. Kripto jg banyak yg tiba2 rug pull",bbri
2026-02-10,Alasan hold BBRI walopun kalo liat porto sekarang rada miris,bbri
2026-02-10,"Halo! Berdasarkan data terkini 2026, rekomendasi saham yang sering bagi dividen di Indonesia: ITMG (energi, yield ~15-20%), PTBA (energi, ~12-16%), ADRO (energi, ~8-12%), BBRI (bank, ~5-7%), BMRI (bank, ~4-6%). Fokus pada fundamental kuat untuk passive income. Riset mandiri",bbri
2026-02-10,SMDR MEDC BBRI kencangin,bbri
2026-02-10,37M di maling suaminya sendiri? Kalo punya segitu sih all in invest BBRI tinggal tidur udah bisa hidup dari dividen aja. Enak betul,bbri
2026-02-10,"Program 3 Juta Rumah jadi katalis, BRI pegang 49% penyaluran KPP. Trader lihat ini sebagai fundamental boost. $BBRI hijau, pantau chart-nya di App Ajaib. #saham #AplikasiAjaib",bbri
2026-02-10,"Moodys Cuts Outlook to Negative for 7 Indonesian Companies, Including TLKM and ICBP",icbp
2026-02-10,ICBP? Bread-nya orang Indonesia?!?!?,icbp
2026-02-10,ICBP ama BBCA? wkwkwk jadi ngerti kenapa wowo tiap hari teriak antek2 aseng,icbp
2026-02-10,"If $IHSG rebounds, these stocks are going on my watchlist for the next few weeks. This is just my personal preference, okay. NFA DYOR. Sector: Banking, Property, Energy, Transportation $AMMN $AKRA $BBNI $BBRI $BRIS $CTRA $SMRA $INDF $ICBP $JSMR $MAPI",icbp
2026-02-10,"Moodys Cuts Outlook to Negative for 7 Indonesian Companies, Including TLKM and ICBP https://liputan6.com/saham/read/6275503/moodys-pangkas-outlook-7-perusahaan-indonesia-jadi-negatif-ada-tlkm-dan-icbp",icbp
2026-02-10,Makin semangat belajar investasi saham dengan hubungi kami di Whatsapp Centre 0815-1074-8305 dan Call Centre 150330 atau kunjungi http://cgsi.co.idDisclaimer:http://bit.ly/disclaimer-cgsiid#CGSI#CGSID#GainersVSLosers#SobatGenvest#AkuInvestorSaham#UNVR#TLKM,tlkm
2026-02-10,"Moodys Cuts Outlook to Negative for 7 Indonesian Companies, Including TLKM and ICBP",tlkm
2026-02-10,"IHSG NAIK GILA 1,24% HARI INI! FTSE Russell tunda downgrade, asing mulai balik masuk. Saham favorit kamu apa nih? BBCA? TLKM? Atau malah lagi all-in crypto? Spill strategi hari ini!",tlkm
2026-02-10,Tlkm gorengan Iziinnnnn,tlkm
2026-02-10,"UNVR Melonjak Signifikan, TLKM Mengalami Tekanan, Apa penyebabnya? (Periode 2 Februari 2026 - 9 Februari 2026) Terdapat dua saham yang masuk dalam kategori Top Gainers dan Top Losers periode 2 Februari 2026 - 9 Februari 2026 yaitu UNVR dan TLKM.",tlkm
2026-02-10,"Cuan cia hari ini , @RAJA , @TLKM , @GTSI , @DEWA , sekian dan terimakasih",tlkm
2026-02-10,butuh berapa liter buat nggoreng $TLKM @Stockbit,tlkm
2026-02-10,"#SobatTelkom, upaya transformasi melalui strategi TLKM 30 menjadi sebuah perjalanan berkelanjutan. Salah satu fokus utama yang menjadi titik berat dari strategi ini adalah operational excellence yang akan menghadirkan nilai tambah bagi para pelanggan, serta meningkatkan",tlkm
2026-02-10,lately tlkm jele bgt ih,tlkm
2026-02-10,"Moodys Cuts Outlook to Negative for 7 Indonesian Companies, Including TLKM and ICBP https://liputan6.com/saham/read/6275503/moodys-pangkas-outlook-7-perusahaan-indonesia-jadi-negatif-ada-tlkm-dan-icbp",tlkm
2026-02-10,"TLKM, INDF, UNTR jadi penopang indeks. Saat indeks naik tipis tapi saham leader kuat, trader fokus ke konfirmasi lanjutan. Cek di App Ajaib. #saham #AplikasiAjaib",tlkm
2026-02-10,"Bank: BMRI, BBRI, BBNI Batu bara: PTBA, ITMG, ADRO",bmri
2026-02-10,"sampai di 2024, BMRI masih terus naik. Dan saya, tentunya AVG up karena sudah greed napsu gede. FOMO. Sampe di agustus/sept 2024, harganya mencapai 7100an klo gasalah. Deket sama harga wajar yg saya hitung",bmri
2026-02-10,"Di waktu itu, tren penyaluran kredit BMRI semakin merambah ke Mikro, mengurangi porsi korporate sedikit demi sedikit",bmri
2026-02-10,"Kredit BMRI juga tumbuh rata2 9.95%, jauh lebih tinggi dari rata2 perbankan yg cuma 5% LDR masih 87%, ruang tumbuh masih ada 13% belum DPK yang nambah. makin terkonfirmasilah waktu itu kalau hanya ada 1 jalan buat BMRI UP ONLY",bmri
2026-02-10,"Ditambah lagi, Cof nya BMRI ini turun terus. BI rate naik, doi masih turun. Emang ajaib ini bank (dulu mikirnya gitu). Ga sadar saya kalo BI Rate naik itu udah jadi lampu kuning. Malah tambah ngegas",bmri
2026-02-10,"Tidak hanya di DPK, CASA BMRI pun oke gile. Dari 2018 tren nya naik terus. Waktu itu mikirnya 2024 bisa nih 80% 2026 90%an EZ lah orang naik terus kok pattern nya",bmri
2026-02-10,"Dengan base awal yg udah enda netral, saya coba analisis kinerja dan bisnisnya. Dari DPKnya, BMRI ini naik rata2 14%, lebih gede dari rata2 kenaikan DPK perbankan.",bmri
2026-02-10,Beginilah kondisi ketika kalian melihat harga BMRI pada periode awal saya menganalisisnya. Wah ini harganya naik terus nih,bmri
2026-02-10,"Langsung saja. Sahamnya king BMRI. Alkisah di oktober 2023, saya baru2 belajar saham. (Sayangnya) Memulai dari financial industry. Mungkin banyak berpikir dan heran. Ngapain beli saham per pbv fundamental yg uda gak jaman. Tpi mari kita samakan perspektif di 2023",bmri
2026-02-10,"Saham IHSG diproyeksi Konsolidasi, ANTM hingga ISAT jadi saham-saham yang direkomendasikan karena bisnisnya yang makin berkembang luas jadi saham pun ikut naik. Potensinya profit lebih berkali lipat sama ekspansi bisnis lebih luas lagi di tahun mendatang #saham #AplikasiAjaib",isat
2026-02-10,"Rekomendasi Saham Potensial — Selasa, 10 Februari 2026 ISAT – Trading Buy Entry: ≥2080 Target 2: 2360 Target 1: 2260 Stoploss: <2020 By Phintraco Sekuritas Investment Advisor Team - Disclaimer On -",isat
2026-02-10,"UNVR Melonjak Signifikan, TLKM Mengalami Tekanan, Apa penyebabnya? (Periode 2 Februari 2026 - 9 Februari 2026) Terdapat dua saham yang masuk dalam kategori Top Gainers dan Top Losers periode 2 Februari 2026 - 9 Februari 2026 yaitu UNVR dan TLKM.",unvr
2026-02-10,Makin semangat belajar investasi saham dengan hubungi kami di Whatsapp Centre 0815-1074-8305 dan Call Centre 150330 atau kunjungi http://cgsi.co.idDisclaimer:http://bit.ly/disclaimer-cgsiid#CGSI#CGSID#GainersVSLosers#SobatGenvest#AkuInvestorSaham#UNVR#TLKM,unvr
2026-02-10,prediksi harga saham rabu 11 feb 2026 yg pasti hijau bullish: bksl dewa enrg inco mbma nicl ptro raja ratu rmke unvr ihsg merah bearish,unvr
2026-02-10,"unvr malah balik opening jadi saya ganti tirt, tirt tanpa saya posting pun pasti naik...",unvr
2026-02-10,ada unvr rada telat ambil setelah break ma 20,unvr
2026-02-11,Persis seperti yang kurasakan dan terjadi sekarang BBRI masih nyangkut,bbri
2026-02-11,Sekoteng ronde dulu? Dibacanya rondeu? Apa rondee? Bentar kok warnanya ijo Apa petunjuk besok BBRI naik?,bbri
2026-02-11,BBRI Buy 3.770 TP 3.820 SL 3.740,bbri
2026-02-11,"Mening, pindahin ke bbri gk sih semua nya kapan lagi dapat bri coba di harga setara covid???",bbri
2026-02-11,"Harga saham blue chip bank seperti BBCA, BBRI, BMRI, dan BBNI memang mengalami penurunan signifikan minggu ini, mencerminkan tekanan pasar yang lebih luas di BEI.",bbri
2026-02-11,Lagi ngumpulin dari dividen sama capital again buat avg down BBRI,bbri
2026-02-11,Kata holder BBRI yaaa,bbri
2026-02-11,Invezgo Daily Report 11 Februari 2026 Top Foreign Accumulation: 1. BBRI Rp3800 (+0.53%) 2. PTRO Rp7125 (+19.25%) 3. TLKM Rp3530 (+3.82%) 4. ANTM Rp3990 (+2.57%) 5. INCO Rp6850 (+7.87%) Top Foreign Distribution: 1. BBCA Rp7450 (-0.33%) 2. BUMI Rp272 (+9.68%),bbri
2026-02-11,bbri kapan naik sih pen gw jual sebagian cok,bbri
2026-02-11,mau satu,bbri
2026-02-11,bukaaaaan,bbri
2026-02-11,"iyaaaa, maaf ya",bbri
2026-02-11,beli sendiri pasti bunganya,bbri
2026-02-11,mau isinya,bbri
2026-02-11,bulunya dibetis semua,bbri
2026-02-11,gada kulkas,bbri
2026-02-11,punten punten nih ya,bbri
2026-02-11,yang mana si mas,bbri
2026-02-11,masuk lo,bbri
2026-02-11,"kaga, banyak begas luka",bbri
2026-02-11,waxing bulu jembut sesakit aoa bjir lah,bbri
2026-02-11,ada bekas luka sebenernya cuma ga keliatan di foto,bbri
2026-02-11,ah mungkin salah liat,bbri
2026-02-11,punyaku belum wkwk,bbri
2026-02-11,"coba, nanti bagi 2",bbri
2026-02-11,udah berpengalaman soalnya,bbri
2026-02-11,Invezgo Daily Report 11 February 2026 Top Foreign Accumulation: 1. BBRI Rp3800 (+0.53%) 2. PTRO Rp7125 (+19.25%) 3. TLKM Rp3530 (+3.82%) 4. ANTM Rp3990 (+2.57%) 5. INCO Rp6850 (+7.87%) Top Foreign Distribution: 1. BBCA Rp7450 (-0.33%) 2. BUMI Rp272 (+9.68%),bbri
2026-02-11,Cm salim grup blm naik ni. Icbp indf ayoooo,icbp
2026-02-11,"- Prajogo Pangestu (Barito Group) → CDIA, BRPT, PTRO, CUAN, BREN, TPIA (yang lagi panas-panasnya di energi & petrokimia) - Anthony Salim (Salim Group) → AMMN, INDF, ICBP, LSIP, EMTK, IMAS, META, DNET, BUMI, DCII (konglomerasi klasik + tambang & consumer) - Franky Widjaja",icbp
2026-02-11,"Market cap breaks through Rp14,866.69 T, risk appetite in sight. PANI, TLKM, TPIA surging. Mapping crucial levels for $TPIA in Ajaib App. #saham #AplikasiAjaib",tlkm
2026-02-11,Invezgo Daily Report 11 Februari 2026 Top Foreign Accumulation: 1. BBRI Rp3800 (+0.53%) 2. PTRO Rp7125 (+19.25%) 3. TLKM Rp3530 (+3.82%) 4. ANTM Rp3990 (+2.57%) 5. INCO Rp6850 (+7.87%) Top Foreign Distribution: 1. BBCA Rp7450 (-0.33%) 2. BUMI Rp272 (+9.68%),tlkm
2026-02-11,Grashias tlkm,tlkm
2026-02-11,"QStock AI Insight — IDX:ISAT 12 Feb 2026 Disclaimer: Saham adalah instrumen berisiko tinggi. Informasi ini bersifat edukatif dan informatif, bukan rekomendasi jual atau beli. Pengguna wajib melakukan riset mandiri (DYOR). #saham #trading #IHSG #ISAT",isat
2026-02-11,"Lagi pantau pergerakan $UNVR yang mulai hijau hari ini, yuk cek selengkapnya cuma di #AplikasiAjaib! #Saham #Investasi #Unilever",unvr
2026-02-12,Pgas ptba Adro Indy smar dsng smgr intp kras bbri bmri bbni,bbri
2026-02-12,"Dear BRI Friend, Love at first top up? Totally possible! Top up your e-wallet and get a chance for cashback up to Rp50,000 Come on, celebrate your Valentine moment with more rewarding transactions. For more info, visit: http://bbri.id/ewalletvalentine#BRI#BRImo",bbri
2026-02-12,Bbri sama bmri worth it mana bang?,bbri
2026-02-12,Bbri target 4500 Alias 20% Syaratnya cuma sabar.,bbri
2026-02-12,aku dah 3x melakukan nya Bmri cimb niaga dan bbri Biasa aja. Yang penting di kita nya hitung benar keuangan kita.,bbri
2026-02-12,"Ku dulu 2023 dah denger PANI ada backdoor listing, karena pikiranku dulu masih beli saham yang produknya sering dipakai akhirnya beli BBRI instead PANI. 2025 baru buka porto lagi and well, tidak sesuai ekspektasi",bbri
2026-02-12,"Utk org yg beli di bottom jual dipucuk pasti ngerasa gitu. Coba beli bbri/bmri/bbca di pucuk, dah 5th belum kejemput, kata2 penghiburannya gak apa2 ada dividen pdhal abis dapet dividen longsor2 juga",bbri
2026-02-12,"IHSG Menguat 3 Hari Beruntun, Asing Kompak Serok BBRI hingga ANTM",bbri
2026-02-12,kaya sesajen ih,bbri
2026-02-12,amanda zahra bukan si,bbri
2026-02-12,"ya siapa tau, warisan dari suaminya wkwk. gapapa lah tarung sama anaknga nanti",bbri
2026-02-12,"bukan, itu yang live ramean gitu lo",bbri
2026-02-12,"Prediksi besok: Potensi lanjut menguat ke 8.328–8.440 kalau sentimen positif berlanjut (rekomendasi analis: ANTM, PANI, TLKM, UNVR, BBCA, MDKA, MAPA, BUMI). Investor asing masih net sell, tapi rebound konglomerasi & komoditas bantu stabilisasi.",tlkm
2026-02-12,"Biar makin #BeraniBerinvestasi yuk update terus informasi terkini tentang investasi saham, Hubungi kami di Whatsapp Centre 0815-1074-8305 dan Call Centre 150330 atau kunjungi http://cgsi.co.idDisclaimer:http://bit.ly/disclaimer-cgsiid#CGSID#NgobrolinEmiten#SobatGenvest#TLKM",tlkm
2026-02-12,"NGONTEN (Ngobrolin Emiten) balik lagi! Kali ini kita kupas emiten telco yang selalu jadi perhatian investor, yaitu PT Telkom Indonesia (Persero) Tbk atau familiar dengan kode TLKM.",tlkm
2026-02-12,Pergerakan harga saham TLKM selama periode 4 Februari 2026 – 11 Februari 2026 naik sebesar +7.29% secara Week-On-Week (WOW). Total foreign net buy sebesar Rp290.8 miliar di Pasar Reguler. Yuk simak informasi selengkapnya pada postingan berikut ini!,tlkm
2026-02-12,"Morning Brief: TLKM - 12 Feb | 07:00 WIB 1. Pemkab OKI dukung Telkom perluas jaringan fiber di Air Sugihan. 2. Telkom perkuat GoZero% (ESG) atasi ledakan trafik data & dukung net‑zero emission. 3. Telkom pangkas ~66 anak usaha jadi belasan, fokus ke bisnis inti. #TLKM",tlkm
2026-02-12,"Stock Picks 12 Februari 2026 TLKM Spec Buy dengan support 3460, cut loss jika break di bawah 3390. Jika tidak break di bawah 3460, potensi naik ke 3600-3670 short term. Disclaimer: http://bit.ly/disclaimer-cgsiid#cgsi#cgsid#stockpicks#sobatgenvest#akuinvestorsaham",tlkm
2026-02-12,Invezgo Daily Report 12 Februari 2026 Top Foreign Accumulation: 1. BMRI Rp5075 (+0.99%) 2. TINS Rp4190 (+9.97%) 3. CBDK Rp6375 (+1.19%) 4. INCO Rp7100 (+3.65%) 5. TLKM Rp3560 (+0.85%) Top Foreign Distribution: 1. BBCA Rp7325 (-1.68%) 2. BUMI Rp270 (-0.73%),tlkm
2026-02-12,"btw pake kartu 3, tlkm, xl kok mahal ya",tlkm
2026-02-12,Bbri sama bmri worth it mana bang?,bmri
2026-02-12,aku dah 3x melakukan nya Bmri cimb niaga dan bbri Biasa aja. Yang penting di kita nya hitung benar keuangan kita.,bmri
2026-02-12,Pgas ptba Adro Indy smar dsng smgr intp kras bbri bmri bbni,bmri
2026-02-12,"Di COP30 Brasil (Nov 2025), IDXCarbon catat transaksi & minat beli 2,75 juta ton CO₂e kredit karbon RI, TOBA termasuk entitas yang terlibat/minat (bersama BMRI, Pertamina, Value Network). Mereka tawarkan proyek karbon (teknologi & lingkungan-based), yang future issuance.",bmri
2026-02-12,1. BKSL Rp151 (+7.09%) 2. BIPI Rp169 (-1.17%) 3. ELTY Rp46 (+9.52%) 4. SCMA Rp308 (0.00%) 5. BMRI Rp5075 (+0.99%),bmri
2026-02-12,3. DEWA Rp565 (0.00%) 4. PTRO Rp7325 (+2.81%) 5. ANTM Rp4120 (+3.26%) Top BDM Accumulation: 1. MSIN Rp466 (-0.85%) 2. TINS Rp4190 (+9.97%) 3. FITT Rp840 (+15.86%) 4. BMRI Rp5075 (+0.99%) 5. DGWG Rp468 (+7.83%) Top BDM Distribution: 1. BRPT Rp2200 (-3.51%),bmri
2026-02-12,Invezgo Daily Report 12 Februari 2026 Top Foreign Accumulation: 1. BMRI Rp5075 (+0.99%) 2. TINS Rp4190 (+9.97%) 3. CBDK Rp6375 (+1.19%) 4. INCO Rp7100 (+3.65%) 5. TLKM Rp3560 (+0.85%) Top Foreign Distribution: 1. BBCA Rp7325 (-1.68%) 2. BUMI Rp270 (-0.73%),bmri
2026-02-12,"Yuk, pakai Livin’ by Mandiri! Download di sini https://bmri.id/reflivin?af_adset=MGMXJFT1D3&deep_link_sub1=null&deep_link_sub2=MGMXJFT1D3Janganlupapakaikodereferral-ku:MGMXJFT1D3FAQ:http://bmri.id/livinmgmBankMandiriberizindandiawasiolehOtoritasJasaKeuangan(OJK)danBankIndonesia,sertamerupakanpesertapenjaminanLPS",bmri
2026-02-12,"Tanggapi Moodys, BMRI Perkuat Manajemen Risiko",bmri
2026-02-12,DHL Air Boeing 757 236SF G-BMRI https://jetphotos.com/photo/keyword/G-BMRI0033•05:52:29#InRange#adsb,bmri
2026-02-12,Diskon s.d. Rp288 ribu* pakai Mandiri Kartu Kredit di berbagai restoran favorit! Berlaku s.d. 17 Februari 2026. *Info: http://bmri.id/ArenaCNY26BankMandiriberizindandiawasiolehOtoritasJasaKeuangandanBankIndonesia.#MandiriKartuKredit#BankMandiri,bmri
2026-02-12,"Utk org yg beli di bottom jual dipucuk pasti ngerasa gitu. Coba beli bbri/bmri/bbca di pucuk, dah 5th belum kejemput, kata2 penghiburannya gak apa2 ada dividen pdhal abis dapet dividen longsor2 juga",bmri
2026-02-12,"ISAT Bakal Dapat Duit Gede, Mencuat Potensi Dividen Spesial & Target Harga #saham #investasi",isat
2026-02-12,"PT Unilever Indonesia Tbk (UNVR) closed 2025 with a more solid performance. Based on audited financial reports, net sales from continuing operations (excluding the Ice Cream and Sariwangi Tea businesses) reached Rp31.9 trillion, up 4.3 percent yoy. Along with that, net profit",unvr
2026-02-12,"UPDATE Laba $UNVR melesat 127% jadi Rp7,64T pada 2025, didorong kenaikan penjualan domestik & laba operasi yang dihentikan. Saham naik 2,21% pagi ini. Source: IDN Financials",unvr
2026-02-12,Hasil Q4 UNVR menggila. Sangat menarik buat yg tipe investor.,unvr
2026-02-12,"$UNVR gokilll, habis jualan apa ini bisa 4x lipat QoQ 14x YoY",unvr
2026-02-12,"Prediksi besok: Potensi lanjut menguat ke 8.328–8.440 kalau sentimen positif berlanjut (rekomendasi analis: ANTM, PANI, TLKM, UNVR, BBCA, MDKA, MAPA, BUMI). Investor asing masih net sell, tapi rebound konglomerasi & komoditas bantu stabilisasi.",unvr
2026-02-12,$UNVR tanpa hitung dia jualan ice Cream : YOY = + 22% ( 3.54 T) Hiks kasihan banget sampai jualan Ice Cream Kayak $ASII - BU sampai jualan mobil dan motor biar bisa hidup Atau Inkp jualan tisue.. Hiks Kemarin lagi makan soto juga ada anak kecil nawarin beli tisue,unvr
2026-02-12,"UNVR tutup 2025 dengan laba Rp7,64T Penjualan naik 4,31% jadi Rp31,94T, laba usaha ikut menguat. Lonjakan makin terasa berkat divestasi bisnis es krim yang menambah kas signifikan. Yuk swipe untuk baca selengkapnya PT Korea Investment And Sekuritas Indonesia Berizin dan",unvr
2026-02-12,"$UNVR Habis jualan bisnis eskrim, sekarang punya duit segepok Antara dipake buat capex, atau dibagiin jadi dividen 2025 nih Yang transaksi Sari Wangi sepertinya akan masuk di Q2 26 realisasi nya Ditambah, $UNVR bisa menurunkan Opex nya di kala Revenue nya bertambah (sedikit)",unvr
2026-02-12,Apakah ada kaitannya dengan unvr baru2 ini jual kepemilikan es krim magnum?,unvr
2026-02-12,Banyak,unvr
2026-02-12,The surge in $UNVR profits in Q4 2025 comes from the divestiture of the ice cream business to Magnum,unvr
2026-02-12,never say goodbye mau gimanapun kedepan nya aku bakalan terus dukung tbz #TEAMTHEBOYZ #THEBOYZ,unvr
2026-02-12,"$UNVR umumkan laba 2025 sebesar Rp7,64 triliun, naik lebih dari dua kali lipat dari Rp3,36 triliun. *Repost. Maaf sebelumnya salah ticker*",unvr
2026-02-12,UNVR jualan apa cik bisa 4x income yoy,unvr
2026-02-12,"$UNVR releases Q425 financial report, in 2025 theres an improvement in profitability, seen from rising revenue and operating profit net profit rises significantly due to a business division being divested, with UNVRs characteristic of frequent 100% DPR potential yield could",unvr
2026-02-12,"Berdasarkan laporan keuangan UNVR 2025 (operasi lanjutan, ex-Ice Cream & Teh Sariwangi): - Penjualan bersih: Rp31,9T, naik 4,3% YoY, didorong volume Q4 kuat. - Laba operasional bersih: Rp3,5T, melonjak 21,8% YoY (Rp4,1T ex-biaya transformasi). - Margin laba sebelum pajak: 14,1%,",unvr
2026-02-12,"$UNVR Q4 2025 melonjak keuangannya secara signifikan akibat selesainya penjualan Perusahaan Es Krim Magnum.. Dan kalau ini dijadiin dividen, $UNVR bisa kasih dividen hampir 10%, bisa dibilang sangat gede utk perusahaan consumer yang defensive",unvr
2026-02-12,"PT Unilever Indonesia Tbk (UNVR) mencatatkan laba sebesar Rp 7,64 triliun sepanjang 2025, naik 126,82 persen dibandingkan tahun sebelumnya (yoy).",unvr
2026-02-12,"PT Unilever Indonesia Tbk (UNVR) berhasil mencatat laba bersih yang melonjak 126,82% menjadi Rp7,64 triliun sepanjang 2025. Pertumbuhan ini didorong oleh peningkatan penjualan bersih hingga Rp31,94 triliun (naik 4,34% YoY) dan efisiensi biaya operasional.",unvr
2026-02-12,"Mantap! Kinerja UNVR Membaik, Laba Naik Dua Digit di 2025",unvr
2026-02-13,Sejumlah emiten perbankan dan tambang masih menjadi magnet utama investor ritel di pasar saham Indonesia. Data Bursa Efek Indonesia (BEI) per 31 Januari 2026 menunjukkan PT Bank Rakyat Indonesia (Persero) Tbk (BBRI) menjadi saham dengan jumlah pemegang saham terbanyak. BBRI,bbri
2026-02-13,"BBRI 6000 saya jual, karena dividen payout ratio turun. Setelah dijual masih naik 10%. https://x.com/signaloverstor/signaloverstory/status/2022284728125317510",bbri
2026-02-13,"Sobat BRI, Lengkapi Jumat kamu dengan promo spesial BRI di Bakerman. Dapatkan 1 Mini Croissant Cookies dengan BRI Kartu Kredit atau BRI Debit hingga 31 Desember 2026. Berlaku setiap Senin – Jumat. Cek disini http://bbri.id/bakerman#PromoMerchantBRI",bbri
2026-02-13,"Sobat BRI, Jumat lebih manis dengan promo spesial BRI di Kakaw. Dapatkan 1 Gelato Jar dari Kakaw menggunakan BRI Kartu Kredit atau BRI Debit hingga 31 Desember 2026. Berlaku setiap Senin–Jumat. Cek disini http://bbri.id/kakaw#PromoMerchantBRI",bbri
2026-02-13,"Sobat BRI, Sudah siap lari di JCO RUN 2026? Beli tiket 5K & 10K Single melalui fitur lifestyle di BRImo, periode program hingga 28 Februari 2026. Cek disini http://bbri.id/jcorun26#PromoMerchantBRI#BRImo#jcorun#jcorun2026",bbri
2026-02-13,"Sobat BRI, Saatnya Friday Coffee Break yang lebih nikmat dengan promo spesial BRI. Dapatkan 1 Dirty Coffee di Social Affair menggunakan BRI Kartu Kredit atau BRI Debit hingga 31 Desember 2026. Berlaku setiap Senin - Jumat. Cek disini http://bbri.id/socialaffair#PromoMerchantBRI",bbri
2026-02-13,- $BBRI seems ditahan - $BBNI juga ditahan - $BMRI ditahan juga meanwhile $BBCA lemes parah boyyyy wkkwkwkw (mana hari ini marubozu + high volume lagi wkkw),bbri
2026-02-13,"Sobat BRI, Makin Untung Bayar Tagihan PDAM pakai BRImo! Dapatkan Cashback 20% hingga 31 Mei 2026. Info lebih lanjut: http://bbri.id/promopdam.#BRImo#BRImoMudahSerbaBisa",bbri
2026-02-13,"Kenapa gue tetep hold BBRI meski nyangkut? Ini alasannya (bukan saran invest!) Masih di area support, belum breakdown parah RSI masih netral (belum tanda panik jual besar-besaran) Secara fundamental, bank besar kayak BBRI biasanya nggak gerak liar kayak saham gorengan",bbri
2026-02-13,"Yesterday we already discussed conglomerate stocks with high P/E ratios, now its time to discuss conglomerate stocks that have low P/E ratios. $WIFI: 15 $BRPT: 20 $ENRG: 21 Fundamental stocks: $BBRI: 10 $BBCA: 15 For example, if friends see P/E data on one issuer and the P/E",bbri
2026-02-13,Invezgo Daily Report 13 Februari 2026 Top Foreign Accumulation: 1. DSSA Rp94325 (-0.71%) 2. ANTM Rp4050 (-1.70%) 3. TLKM Rp3450 (-3.09%) 4. BBRI Rp3780 (-0.26%) 5. NSSS Rp865 (-2.26%) Top Foreign Distribution: 1. BBCA Rp7200 (-1.71%) 2. BUMI Rp292 (+8.15%),bbri
2026-02-13,Kondisi Value investor sekarang: BBCA. BBRI. BMRI. BBNI. Stablecoin.,bbri
2026-02-13,"Lagi nyangkut di BBRI Versi analisis saya (masih belajar): • Harga sekarang 3.770 • RSI di sekitar 48 → netral, belum overbought/oversold • MA50 & MA200 lagi rapat → tanda masih konsolidasi • Resistance dekat area 3.800–3.820 • Support sekitar 3.740–3.750 Menurut",bbri
2026-02-13,3. BBRI Rp3780 (-0.26%) 4. GOTO Rp59 (-1.67%) 5. TLKM Rp3450 (-3.09%) Top BDM Accumulation: 1. WIIM Rp2070 (+7.81%) 2. RMKE Rp4370 (+2.34%) 3. PANI Rp10800 (0.00%) 4. JIHD Rp740 (+9.63%) 5. HRUM Rp1140 (+3.17%) Top BDM Distribution: 1. EXCL Rp2850 (-5.32%),bbri
2026-02-13,"Avg down $ADRO, $BBCA , $BBRI sebelum pasar tutup menjelang liburan",bbri
2026-02-13,Coba bantu terawang bbri pek..,bbri
2026-02-13,"bbri ni lelet bgt yh naiknya, cuma mbulet di 3760-3800",bbri
2026-02-13,"Saya pegang BBRI diundang Bang, walau cuman punya 1 lot",bbri
2026-02-13,"belum aja ke kalimantan lu, isinya dinosaurus semua",bbri
2026-02-13,mau moots ga,bbri
2026-02-13,"coba jelasin versimu dong, mau liat opini yang bagus tuh gimana",bbri
2026-02-13,jatuh dari saku,bbri
2026-02-13,"kaga, balik dari situ hpku ilang padahal baru beli trauma ngewe",bbri
2026-02-13,yang mana akunya,bbri
2026-02-13,jangan gitu,bbri
2026-02-13,kok ga keband ya,bbri
2026-02-13,eh yang mana akunku baru soalnya,bbri
2026-02-13,kok tutut,bbri
2026-02-13,"Stock Picks 13 Februari 2026 TLKM Spec Buy dengan support 3490, cut loss jika break di bawah 3420. Jika tidak break di bawah 3490, potensi naik ke 3630-3700 short term. Disclaimer: http://bit.ly/disclaimer-cgsiid#cgsi#cgsid#stockpicks#sobatgenvest#akuinvestorsaham",tlkm
2026-02-13,Invezgo Daily Report 13 Februari 2026 Top Foreign Accumulation: 1. DSSA Rp94325 (-0.71%) 2. ANTM Rp4050 (-1.70%) 3. TLKM Rp3450 (-3.09%) 4. BBRI Rp3780 (-0.26%) 5. NSSS Rp865 (-2.26%) Top Foreign Distribution: 1. BBCA Rp7200 (-1.71%) 2. BUMI Rp292 (+8.15%),tlkm
2026-02-13,3. BBRI Rp3780 (-0.26%) 4. GOTO Rp59 (-1.67%) 5. TLKM Rp3450 (-3.09%) Top BDM Accumulation: 1. WIIM Rp2070 (+7.81%) 2. RMKE Rp4370 (+2.34%) 3. PANI Rp10800 (0.00%) 4. JIHD Rp740 (+9.63%) 5. HRUM Rp1140 (+3.17%) Top BDM Distribution: 1. EXCL Rp2850 (-5.32%),tlkm
2026-02-13,"as a orang yang (too much) ngeromantisasiin lagu, ga ada lagu yang ngingetin gue ama tlkm kecuali rayuan perempuan gila",tlkm
2026-02-13,"Lanjut opsi: >Emas Digital: 5-10%. Di Pegadaian/Brankas LM, mulai Rp5k. >Saham Blue Chip: 10-15% (BBCA, TLKM). Di Stockbit. >REITs (Properti): 7-12%. Via reksadana. >Obligasi Anti-Inflasi: Inflasi +1-2%. Perfect hedge! Pilih sesuai budgetmu!",tlkm
2026-02-13,Datang ke Grand Opening Shokz DP Mall Semarang dan dapetin diskon s.d. Rp200 ribu* plus cicilan 0% s.d. 18 bulan* pakai Mandiri Kartu Kredit! Berlaku s.d. 28 Februari 2026. *Info lengkap: http://bmri.id/goshokzBankMandiriberizindandiawasiolehOtoritasJasaKeuangandan,bmri
2026-02-13,Belanja elektronik makin hemat pakai Mandiri Kartu Kredit di Electronic City karena ada diskon s.d. Rp888 ribu* plus cicilan 0% s.d. 24 bulan*! Berlaku 13-26 Februari 2026! *Info lengkap: http://bmri.id/eclunaryearBankMandiriberizindandiawasiolehOtoritasJasaKeuangandan,bmri
2026-02-13,Nikmati diskon 10%* di METRO pakai Mandiri Kartu Kredit. Berlaku s.d. 28 Februari 2026. *Info: http://bmri.id/MetroCNY26BankMandiriberizindandiawasiolehOtoritasJasaKeuangandanBankIndonesia.#MandiriKartuKredit#BankMandiri,bmri
2026-02-13,Ini Kata Bos Bank Mandiri (BMRI) Soal Rencana Merger AM BUMN,bmri
2026-02-13,Saham BMRI 100.000 lot,bmri
2026-02-13,- $BBRI seems ditahan - $BBNI juga ditahan - $BMRI ditahan juga meanwhile $BBCA lemes parah boyyyy wkkwkwkw (mana hari ini marubozu + high volume lagi wkkw),bmri
2026-02-13,"PT Unilever Indonesia Tbk (UNVR) is committed to distributing its entire net profit in 2025 as dividends with a payout ratio of 100 percent. In addition, investors will receive extra dividends sourced from the proceeds of the sale of the ice cream and Sariwangi tea business",unvr
2026-02-13,"Makanya investasi itu yang betul. Hanya pada instrumen yang anda kenali atau gunakan. Seperti jangan cutloss di perusahaan seperti unvr. Hold selama 5 tahun dari 2021 anda sudah menjadi seorang investor sejati, kekayaan anda berlipat dari investasi tersebut",unvr
2026-02-13,"Stock Picks 13 Februari 2026 UNVR Spec Buy dengan support 2260, cut loss jika break di bawah 2220. Jika tidak break di bawah 2260, potensi naik ke 2340-2380 short term. Disclaimer: http://bit.ly/disclaimer-cgsiid#cgsi#cgsid#stockpicks#sobatgenvest#akuinvestorsaham",unvr
2026-02-13,"Morning Brief: $UNVR - 13 Feb 1. Laba 2025 UNVR melonjak ratusan persen, bidik pertumbuhan lanjut di 2026. 2. UNVR bertransformasi di bawah Benjie Yap sambil membagikan dividen besar. 3. Penjualan domestik menguat, UNVR bukukan Rp31,9T di 2025. #UNVR @Stockbit",unvr
2026-02-13,Kebijakan ini menunjukkan komitmen berkelanjutan manajemen untuk memberikan return kepada pemegang saham serta mencerminkan kondisi keuangan perusahaan yang kuat. Sumber: IDX Channel #MNCSekuritas #MotionTrade #InvestasiLiteStyle #UNVR #DIVIDEN,unvr
2026-02-13,"Tidak hanya dividen reguler, UNVR juga akan memberikan dividen tambahan satu kali yang bersumber dari keuntungan hasil penjualan dua lini bisnisnya: es krim dan teh Sariwangi.",unvr
2026-02-13,"Sepanjang 2025, UNVR mencatat laba bersih yang melonjak signifikan menjadi sekitar Rp7,64 triliun, didukung oleh aksi korporasi besar dan pertumbuhan operasional, sementara penjualan bersih mencapai sekitar Rp31,94 triliun.",unvr
2026-02-13,"Update kinerja emiten FY2025: UNVR laba Rp 7,64 triliun +127% karena adanya penjualan unit usaha senilai Rp 3,79 triliun.",unvr
2026-02-13,"UNVR BAGI DIVIDEN! PT Unilever Indonesia Tbk (UNVR) berkomitmen membagikan seluruh laba bersih tahun buku 2025 sebagai dividen kepada pemegang saham dengan payout ratio 100%, menunjukkan fokus kuat perusahaan pada pemberian nilai bagi investor.",unvr
2026-02-13,"Laba UNVR Melonjak Tajam, SMDR Siapkan Ekspansi di Tengah Tekanan IHSG https://finance.detik.com/bursa-dan-valas/d-8353907/laba-unvr-melonjak-tajam-smdr-siapkan-ekspansi-di-tengah-tekanan-ihsg??utm_campaign=detikcomsocmed&utm_medium=oa&utm_source=twitter&utm_content=detikfinance",unvr
2026-02-14,STOP SCROLL. Limited. Exclusive. Dan nggak semua orang bisa punya. BRI Debit FC Barcelona – Limited Edition. Pakai kartunya sekarang dan buka peluang menangkan Satu KURSI VIP nonton langsung di Spotify Camp Nou. Cek detailnya di http://bbri.id/brifcbarcelona#BRITabungan,bbri
2026-02-14,"Sobat BRI, Mau tau cara praktis bagi-bagi angpao pas imlek? Yuk, pakai QRIS transfer di BRImo aja! Tinggal scan dan beres Info lebih lanjut: http://bbri.id/qristransfer.#BRImo#BRImoMudahSerbaBisa",bbri
2026-02-14,"BBRI sempet disentuh 4000 tapi belum kuat nembus, sekarang masih main di area 3800an jadi keliatan lagi tarik ulur antara yang mau lanjut naik sama yang pilih take profit dulu #aplikasiajaib #SahamIndonesia #TraderIndonesia",bbri
2026-02-14,aku ra nawari,bbri
2026-02-14,udah berhasil wkwk,bbri
2026-02-14,kayaknya ini orang indo deh,bbri
2026-02-14,pamer sawit bjir lah jangan laptop,bbri
2026-02-14,lupa,bbri
2026-02-14,sampe pagi,bbri
2026-02-14,"nah itu, aku lupa caranya",bbri
2026-02-14,"tititku sah gede, ga kaya punyamu",bbri
2026-02-14,kaki macan,bbri
2026-02-14,boleh,bbri
2026-02-14,"gaa, aku punya 2 akun, di akun satunya kebuka semua tapi kena tangguh, makanya aku bikin akun lagi dan diakun satunya malah gt",bbri
2026-02-14,gapapa kok hp jadul,bbri
2026-02-14,"Oh, Im gonna buy an iPhone 15 Pro Max 1TB, bro.",bbri
2026-02-14,"iya, awalnya aku beli ip buat live tiktok aja makanya beli yang kecil. eh malah galery full.",bbri
2026-02-14,"Sudah pada keluar pemodal besarnya, tinggal sisa 1 tumbal modal besar di dalam yaitu TLKM. Berdoa saja pemimpin negara mau memikirkan nasib TLKM di dlm sini, jd buat penyelamatan harga akan dinaikkan dulu dan ritel2 bs selamat. Tp masalahnya ga ada yg tau kpn itu akan terjadi.",tlkm
2026-02-14,"LUMMIIII AAAKKK kangeenn, LUCU BANGET TLKM HUHUHUUU SO NOMNOM-ABLE",tlkm
2026-02-14,.. KMREN TUH ADA YG MAU TANYA-TANYA TENTANG TLKM KAN YA. YA ALLAH if u see this tweet maaf bgt sumpah aku ga pernah buka akun ini,tlkm
2026-02-14,Bisa ditanyakan ke TLKM kak,tlkm
2026-02-14,Hayooo siap² yg bikin TLKM masuk GOTO hukum pancung,tlkm
2026-02-14,Ini ngantor di TLKM,tlkm
2026-02-14,Jaminan ngelaggg parah kasian pro hire Telkom yah cebokin boomer2 Tlkm yg demennya cmn pisah sambut,tlkm
2026-02-14,"Anak usaha TLKM beli karena pada masa itu mereka menganggap Goto ini new economy karena emang perputaran ekonomi dan dampak sosialnya gede, mereka masuk goto dari venture capitalnya disaat goto belum IPO, perkara mereka avg down lagi mungkin mereka masih punya optimisme di GOTO",tlkm
2026-02-14,Coba tanya ke $TLKM,tlkm
2026-02-14,"benefit mnurut kakak tu apa sih kk,,,,, apkah hrus brbentuk dividen saham bmri bru bisa disebut benefit?",bmri
2026-02-14,"Bmri kemarin sudah untung 500rb, pas trading halt 2x berturut-turut, saya cabut hilang gain dan sekarang sudah naik lagi",bmri
2026-02-14,Motor dan saham BBCA BMRI di tahun 2020,bmri
2026-02-14,Bahkan lebih menguntungkan daripada pegang saham big bank: BMRI: -6.2% BBNI: +4.19% BMRI: +2.73% BBCA: -21.31%,bmri
2026-02-14,Kalo banker hebat lahir dari BMRI Orang2 engineering EBT kebanyakan alumni ini emiten,bmri
2026-02-14,@nunggu_gajian promo ultah BMRI,bmri
2026-02-14,Dapatkan cashback Rp50 ribu* + bonus menu kolaborasi Chef Martin Praja di Imperial Kitchen & Dimsum pakai fitur QR Bayar lewat aplikasi Livin’ by Mandiri! Rayakan Imlek Hepi Memantik Hoki setiap hari Rabu 1-28 Februari 2026. *Info lengkap: http://bmri.id/ImperialCNY26Bank,bmri
2026-02-14,"$UNVR too, huh. Even though I use Unilever products every day. But its stock is trash too. They say a good stock is one whose products we use every day. What do you think?",unvr
2026-02-14,Beda jauh lah. UNVR udah lima belas tahun kasih dividen setahun dua kali,unvr
2026-02-14,"njirr, aku kira yg kemaren akun fake bro. mana cenblue gak ada. klo sekarang influencer pompom UNVR aku setuju aja sii, memang bagus sekarang. kalo dluuu... ****",unvr
2026-02-14,"JAKARTA - Analisis teknikal dari PT Ina Sekuritas Indonesia memberikan gambaran arah pergerakan saham PT Unilever Indonesia Tbk (UNVR), Jumat (13/2).",unvr
2026-02-14,"JAKARTA - Laba PT Unilever Indonesia Tbk (UNVR) melesat 127% secara tahunan pada 2025, seiring kenaikan pendapatan. Baca selengkapnya: https://idnfin.id/a61289",unvr
2026-02-15,"Dear BRI Friend, Enjoy quality time with family with BRIs special promo at Javanegra Gourmet Atelier. Get 10% OFF using BRI Credit Card, BRI Debit, and BRImo QRIS. Program period until 30 June 2026 Check here http://bbri.id/javanegra26#PromoMerchantBRI",bbri
2026-02-15,"Sobat BRI, Nikmati suasana weekend yang lebih istimewa dengan kuliner di Daun Muda. Dapatkan 25% OFF dengan promo spesial BRI menggunakan BRI Kartu Kredit, BRI Debit dan QRIS BRImo. Periode program hingga 30 Juni 2026. Cek disini http://bbri.id/daunmuda26#PromoMerchantBRI",bbri
2026-02-15,"Sobat BRI, sambut tahun baru Imlek penuh keberuntungan bersama Promo Spesial BRI. Dapatkan penawaran menarik hingga Rp1,5 juta dan wujudkan momen serba Cuanderful bersama keluarga. Periode program hingga 28 Februari 2026. Cek disini di http://bbri.id/cuanderful#BRITabungan",bbri
2026-02-15,Dividen BBCA cuma 4%.. lebih kecil dari BBRI dan mandiri 9 % - 11%,bbri
2026-02-15,"Pasti nggak jauh-jauh dari Big Banks sih, minimal BBCA/BBRI aman lah. Tapi kalau mau agak liar, saham-saham infrastruktur atau energi yang lagi under valued bisa jadi kejutan. Semoga beneran buat muter ekonomi ya, bukan cuma buat ngerapiin laporan keuangan sektor tertentu.",bbri
2026-02-15,BBRI BCA turun terus dibilang aman,bbri
2026-02-15,"Ini game changer buat IHSG 50% portofolio Danantara ke saham & obligasi domestik = institutional demand baru. Pandu Sjahrir fokus ke fundamental kuat + likuiditas tinggi artinya: → Big caps BUMN jadi target utama → BBRI, BMRI, TLKM, BBCA kemungkinan besar masuk radar",bbri
2026-02-15,"gw ambil bbri, bbni karena deviden. orang ambil bbca karena capital gain. ga tau si orang ambil gorengan karena apa.",bbri
2026-02-15,"ah kamu pak, paling cuma di penjara 1 tahun seperti yg udah udah, abis itu bebas dengan duit yang sudah di laundry wkwk. baik juga pak presiden kasih target achievable bgt, itu semua dana taruh di BBRI udh +3% loh dari dividen, belum capital gainnya, emg kadang kadang suka",bbri
2026-02-15,apakah ini sama kek kita beli BBRI BBCA? please gw baru aja beli,bbri
2026-02-15,mau join kak,bbri
2026-02-15,nyam,bbri
2026-02-15,hah kenapa pp nya,bbri
2026-02-15,"kak, aku temenmu yang merantau di kalimantan",bbri
2026-02-15,ngendi,bbri
2026-02-15,itu sensor muka lah bang,bbri
2026-02-15,abis cukur soalnya,bbri
2026-02-15,aku juga baru tau kita mutualan,bbri
2026-02-15,itu perut asli bukan si,bbri
2026-02-15,kenaoa,bbri
2026-02-15,"Momen Imlek + Ramadan biasanya bikin sektor consumer naik Yang Bun pantau: • ICBP, UNVR, MYOR — consumer staples • ACES, MAPI — retail spending • TLKM — defensive play Historically IHSG tend to rally menjelang Ramadan. Lets see",icbp
2026-02-15,"Selama masih floating loss belum dianggap kerugian negara. Kecuali tiba2 TLKM jual rugi semua sham di GOTO, maka itu jadi skandal.",tlkm
2026-02-15,TLKM,tlkm
2026-02-15,"Curiga salah satunya $GOTO. Soalnya $TLKM invest disini dan masih rugi. Sambil invest, sambil menyelamatkan BUMN. CMIIW.",tlkm
2026-02-15,"Momen Imlek + Ramadan biasanya bikin sektor consumer naik Yang Bun pantau: • ICBP, UNVR, MYOR — consumer staples • ACES, MAPI — retail spending • TLKM — defensive play Historically IHSG tend to rally menjelang Ramadan. Lets see",tlkm
2026-02-15,"Ini game changer buat IHSG 50% portofolio Danantara ke saham & obligasi domestik = institutional demand baru. Pandu Sjahrir fokus ke fundamental kuat + likuiditas tinggi artinya: → Big caps BUMN jadi target utama → BBRI, BMRI, TLKM, BBCA kemungkinan besar masuk radar",tlkm
2026-02-15,"Tahun 98 yang paling diapresiasi ada INDF, ASII dan TLKM. Tahun 2008, paling diapresiasi ADRO, PTBA, BBCA, ASII. ASII bertahan di kedua krisis ini. dan cenderung diapresiasi. Luar biasa.",tlkm
2026-02-15,"BBCA dividennya cukuplah buat kopi pagi, BMRI cukup buat liburan tahunan. Tapi BBCA lebih aman pas krisis, BMRI lebih greget pas ekonomi lagi bagus. Stay safe ya",bmri
2026-02-15,"BBCA kurang nggk sih pak dividenny, saya milih ke BMRI sekarang, dividenny luber²",bmri
2026-02-15,"Ini game changer buat IHSG 50% portofolio Danantara ke saham & obligasi domestik = institutional demand baru. Pandu Sjahrir fokus ke fundamental kuat + likuiditas tinggi artinya: → Big caps BUMN jadi target utama → BBRI, BMRI, TLKM, BBCA kemungkinan besar masuk radar",bmri
2026-02-15,"Sehubungan dengan Libur dan Cuti Bersama Tahun Baru Imlek 2577 Kongzili, Bank Mandiri melakukan penyesuaian operasional dan layanan pada sejumlah Kantor Cabang. Informasi lengkap dapat diakses melalui http://bmri.id/layananimlekSebagaialternatif,nasabahtetapdapatbertransaksi",bmri
2026-02-15,"Nikmati hemat s.d. Rp450 ribu* saat belanja di Astro, Blibli, Lazada, Shopee, Sociolla, dan Tokopedia dengan Mandiri Kartu Kredit! Berlaku hingga 22 Februari 2026. *Info: http://bmri.id/CNYecommBankMandiriberizindandiawasiolehOtoritasJasaKeuangandanBankIndonesia.",bmri
2026-02-15,"Momen Imlek + Ramadan biasanya bikin sektor consumer naik Yang Bun pantau: • ICBP, UNVR, MYOR — consumer staples • ACES, MAPI — retail spending • TLKM — defensive play Historically IHSG tend to rally menjelang Ramadan. Lets see",unvr
2026-02-15,"Proyeksi Kinerja Unilever (UNVR) di 2026: Efisiensi Dorong Laba, Penjualan Terbatas? http://industri.kontan.co.id/news/proyeksi-unvr-2026-efisiensi-dorong-laba-penjualan-terbatas#RekomendasiSaham",unvr
2026-02-16,"Sementara itu, Direktur Utama Bank Rakyat Indonesia (BBRI) Hery Gunardi menyampaikan BRI akan berusaha seoptimal mungkin untuk meningkatkan ROA perusahaan. #PrabowoSubianto #KabinetMerahPutih",bbri
2026-02-16,"Hery berkomitmen mencari strategi yang tepat untuk meningkatkan ROA sehingga sesuai dengan harapan Pemerintah. Sekarang (ROA BBRI) mungkin sekitar 3% lebih, ujar Hery. #PrabowoSubianto #KabinetMerahPutih",bbri
2026-02-16,"Antara : - karat nya bermasalah - suratnya gak ada - barangnya palsu duit 50jt beli BBRI dulu aja, emas lg digoreng2 ,khawtir ga bs tidur kalo turun harga jatuh",bbri
2026-02-16,"PT Danantara sebagai holding BUMN memegang aset saham dari emiten seperti: BBRI, BMRI, BBNI, BBTN, GIAA, KRAS, ADHI, WSKT, WIKA, PTPP, TLKM, JSMR, SMGR. Daftar ini dari transfer saham resmi, total nilai sekitar Rp761,8 triliun. Info dari Tempo dan http://Bisnis.com(2025).",bbri
2026-02-16,"Yah gk realistis lah, BUMN yg dibawah Danantara yg Laba Bersihnya paling besar itu yah banking, BBRI dan BMRI sekitar 50-60T, diluar itu malah banyak yg rugi. Jd Seribu T itu gk masuk akal jika lihat data historis sampai hari ini. Biar bombastis yah asal sebut aja",bbri
2026-02-16,"wkwk itu risetnya BRI Danareksa (OD) makanya ada logo Danantara karena BUMN, walaupun sebagian sahamnya sejak 2020 dipegang BBRI. selain OD ada juga DX alias Bahana Sekuritas yg BUMN kalo Mandiri Sekuritas & BNI Sekuritas statusnya anak BUMN makanya ga pake logo Danantara",bbri
2026-02-16,Lama-lama BBRI kesusul ini. Secara membeli BUMI lebih murah (bukan secara valuasi) daripada membeli BBRI.,bbri
2026-02-16,kaya apa,bbri
2026-02-16,"gasuka yang terlalu gede soalnya, sadar diri juga aku kecil",bbri
2026-02-16,sebelum kenal kamu kok,bbri
2026-02-16,"pernah mana terang terangan, tapi aku jawab gini yaudah gapapa sama sama dapet enaknya kok",bbri
2026-02-16,keringet yang bikin badan mengkilap lo bukan yang netes,bbri
2026-02-16,iya kurleb gt,bbri
2026-02-16,namanya juga kecintaaan,bbri
2026-02-16,cantiknyaaa,bbri
2026-02-16,gabisa di dm,bbri
2026-02-16,kok kaya mentah,bbri
2026-02-16,"hasilnya, ada 5 sektor yang dinilai bakal menarik di 2026. Ulasan detail dan pilihan sahamnya bisa cek di sini: https://mikirduit.com/5-sektor-ini-diprediksi-b/$TLKM$HEAL$MBMA",tlkm
2026-02-16,"PT Danantara sebagai holding BUMN memegang aset saham dari emiten seperti: BBRI, BMRI, BBNI, BBTN, GIAA, KRAS, ADHI, WSKT, WIKA, PTPP, TLKM, JSMR, SMGR. Daftar ini dari transfer saham resmi, total nilai sekitar Rp761,8 triliun. Info dari Tempo dan http://Bisnis.com(2025).",tlkm
2026-02-16,"Trik marketing TLKM, nomor orang tua juga gitu. Sering saya isi 15rb sampe masa aktif maksimal",tlkm
2026-02-16,"Fisik Drop, Mental Drop, semoga BMRI rise",bmri
2026-02-16,Nikmati diskon Rp188 ribu* pakai Mandiri Kartu Kredit di Paradise Dynasty! Berlaku 1-22 Februari 2026. *Info: http://bmri.id/ParadiseCNY26BankMandiriberizindandiawasiolehOtoritasJasaKeuangandanBankIndonesia.#MandiriKartuKredit#BankMandiri,bmri
2026-02-16,Kalau segitu deviden bmri jg udh nutup ga perlu cape2 bayar manager danantara,bmri
2026-02-16,"Yah gk realistis lah, BUMN yg dibawah Danantara yg Laba Bersihnya paling besar itu yah banking, BBRI dan BMRI sekitar 50-60T, diluar itu malah banyak yg rugi. Jd Seribu T itu gk masuk akal jika lihat data historis sampai hari ini. Biar bombastis yah asal sebut aja",bmri
2026-02-16,"Prabowo perintahkan Danantara cuan minimal 7% Cuan yang dimaksud ROA (Return of Asset). Jika aset Danantara sebesar Rp 16.500T, berarti 7% nya sekitar Rp 1.155 triliun Sebagai perbandingan laba bersih $BMRI 2024 sekitar Rp 55T Sumber: https://bloombergtechnoz.com/detail-news/99747/prabowo-perintahkan-danantara-cuan-minimal-7",bmri
2026-02-16,"lima teratas emiten dengan shareholders terbanyak, $BUMI nomor tiga, menyalip $GOTO dan $BMRI.",bmri
2026-02-16,"PT Unilever Indonesia, UNVR, pastikan pembagian dividen dengan payout ratio 100 % dari laba 2025. UNVR siapkan dividen tambahan dari hasil divestasi bisnis es krim dan teh Sariwangi. Tercatat, UNVR raih laba 7,64 triliun rupiah pada tahun 2025, melonjak 126,8 % secara tahunan.",unvr
2026-02-17,"Makin ga masuk akal soalnya.. hubungan emosional direduksi jadi material. Sekalian aja ntar dibikin hitungan ROInya berapa. Jadi Lebih untung mana? Mending nraktir dia fine dining, atau beli saham BBRI?",bbri
2026-02-17,Saham BBRI 1000 lot,bbri
2026-02-17,Gue yg sbnrnya masi nyangkut BBRI :,bbri
2026-02-17,betisnya gede bgt. biasa lari berapa puluh km itu,bbri
2026-02-17,kamu mau ninggalin nasi goreng solaria?,bbri
2026-02-17,kaya puasa aja,bbri
2026-02-17,"Portfolio Excel Assignment: ICBP & BBCA Stock Projection, Includes Equity Research Report Admin Open for Assignment Help/Final Project Help for Courses: Accounting / Financial Management Advanced Financial Management Investment & Portfolio Management Securities",icbp
2026-02-17,"My financial management setup 5 years ago, the stocks in it were UNVR ICBP TLKM then UNVR ICBP immediately went into the red lmao lol",icbp
2026-02-17,Ada yang pernah Punya ICBP dan INDF lalu dikirim sembako nya ke rumah ? Boleh lihat dulu dikirim apa aja? Trimakasih.,icbp
2026-02-17,"ICBP INDF, dapat sembako biasanya.",icbp
2026-02-17,"Kepemilikan saham tidak langsung (indirect ownership) dalam konteks saham di BEI melalui manajer saham investasi global : 1. Dana Investasi spt BlackRock dan Vanguard memiliki saham di banyak emiten BEI spt BBCA, TLKM dan UNVR. 2. Sektor konsumen spt PT. Unilever Indonesia.",tlkm
2026-02-17,"My financial management setup 5 years ago, the stocks in it were UNVR ICBP TLKM then UNVR ICBP immediately went into the red lmao lol",tlkm
2026-02-17,Tahun Kuda Api 2026 menuntut strategi agresif dalam pemilihan saham seperti BMRI dan TLKM. Ketajaman membaca momentum menjadi kunci karena pasar tidak lagi bergerak secara serentak.,tlkm
2026-02-17,"IHSG diprediksi REBOUND besok 18/02/2026 setelah libur panjang Imlek, dari 8.212! 5 saham ini siap terbang: BUMI, PANI, ANTM, TLKM, BREN Target: 8.328-8.440 Jangan sampai ketinggalan! #IHSG #SahamIndonesia #BursaEfek",tlkm
2026-02-17,5 SAHAM PILIHAN yang berpotensi naik tertinggi: BUMI - Kandidat MSCI PANI - Properti undervalued ANTM - Tambang BUMN solid TLKM - Blue chip defensive BREN - High volume trading,tlkm
2026-02-17,"Kepemilikan saham tidak langsung (indirect ownership) dalam konteks saham di BEI melalui manajer saham investasi global : 1. Dana Investasi spt BlackRock dan Vanguard memiliki saham di banyak emiten BEI spt BBCA, TLKM dan UNVR. 2. Sektor konsumen spt PT. Unilever Indonesia.",unvr
2026-02-17,"My financial management setup 5 years ago, the stocks in it were UNVR ICBP TLKM then UNVR ICBP immediately went into the red lmao lol",unvr
2026-02-18,BBri merah dikit: panik. BBri hijau dikit: “wah to the moon!” Mental retail memang diuji di saham bank. Padahal: BBri itu bank terbesar mikro di Indonesia Bisnisnya masih cetak laba Turun-naik itu hal biasa Masalahnya bukan di sahamnya. Kadang di mindset kita.,bbri
2026-02-18,"kepikiran dan ngebayangin, andai aja dulu bener2 belajar. beli bitcoin, ngelola keuangan, beli saha BBRI BBCA BMRI dll pas harga msh hmm beli emas pas harga tupperware lebih mahal jauh dr emas. bayangin punya btc yg dikumpulin sejak 2009 dan punya 1jt BTC",bbri
2026-02-18,"Empat bank besar Indonesia, yaitu BRI (BBRI), Bank Mandiri (BMRI), BCA (BBCA), dan BNI (BBNI), mencatatkan kenaikan saham secara kompak pada perdagangan Rabu, 18 Februari 2026. Pergerakan positif ini terjadi di sesi I Bursa Efek Indonesia (BEI), mencerminkan sentimen optimis di",bbri
2026-02-18,short BBRI omega retard lending ke orang idiot,bbri
2026-02-18,Sp 19/2 : 1. true gpra buva hope baja bbyb ppre adhi enak amrt prda indy ptba elsa ratu emas lead indx inet. 2. bbri.,bbri
2026-02-18,"Stuck in BBRI at 6500? Or even stuck in ANTM at 4900? Dividend investors will always bargain hard to avoid getting stuck, and here are 7 other reasons why bargaining hard is part of an investment strategy https://divideninvesting.id/2026/02/18/dividen-investor-8-alasan-kenapa-kami-hobi-nawar-sadis-biar-nggak-nyangkut-di-pucuk/",bbri
2026-02-18,"Daftar tambahan saham IHSG potensial terdampak perang AS-Iran (berdasarkan analisis dampak minyak naik & volatilitas pasar): Positif (energi/mining): PGAS, MEDC, ELSA, AKRA, ENRG, ADRO, PTBA, ITMG, HRUM, BUMI, ANTM, MDKA. Negatif (bank, consumer, impor): BBCA, BBRI, BMRI, BBNI,",bbri
2026-02-18,3. PTRO Rp7575 (+1.68%) 4. DEWA Rp630 (+1.61%) 5. BRMS Rp1040 (-3.70%) Top BDM Accumulation: 1. BREN Rp8225 (+2.81%) 2. BBRI Rp3830 (+1.32%) 3. BMRI Rp5275 (+3.94%) 4. PANI Rp10900 (+0.93%) 5. MBMA Rp785 (+8.28%) Top BDM Distribution: 1. MIKA Rp2280 (-1.72%),bbri
2026-02-18,Invezgo Daily Report 18 Februari 2026 Top Foreign Accumulation: 1. BMRI Rp5275 (+3.94%) 2. IMPC Rp2400 (+5.73%) 3. BBRI Rp3830 (+1.32%) 4. MDKA Rp3290 (+2.17%) 5. UNTR Rp29975 (+1.96%) Top Foreign Distribution: 1. BUMI Rp284 (-2.74%) 2. BBCA Rp7275 (+1.04%),bbri
2026-02-18,"Sodaranya udah breakout, tinggal $BBRI yang belum. Kalo breakout naiknya bisa kencang. Saya gak beli BBRI untuk swing, saya swing BBRI di warrant. BBRI saham Indonesia",bbri
2026-02-18,Prediksi swing trading $BBRI entry 3820-3830 Tp: 3980,bbri
2026-02-18,1. Dapet warisan 5M lalu masukan ke sbn retail atau BBRI atau cintaku (gue hide namanya) 2. Gaji 12jt per bulan 3. Side income dari SBN retail perbulan HEHEHE,bbri
2026-02-18,lah kenapa,bbri
2026-02-18,Which prince do you mean thats being targeted?,bbri
2026-02-18,"IHSG TECHNICAL VIEW (18/02/26) IHSG kemarin ditutup turun 0.64%, disertai dengan net sell asing ~2.2 Tr. Saham yang paling banyak dijual asing adalah BBCA, BUMI, BBRI, GOTO dan TLKM.",bbri
2026-02-18,awal awal aja,bbri
2026-02-18,wihhh ubinya kaya manis,bbri
2026-02-18,"sama cewe, iya adek kandung",bbri
2026-02-18,ya itu yang di chat responya,bbri
2026-02-18,kalo gamuat dikantong aku bisa nampung kok,bbri
2026-02-18,gedenya tuh lengan,bbri
2026-02-18,yeah every night that transjakarta kor 13 doesnt stop doesnt have anything in swadarma,bbri
2026-02-18,tapi ini ril,bbri
2026-02-18,"Nah, kami coba buatkan gambaran historis dan prospek saham consumer goods dan ritel saat momentum lebaran di sini: https://mikirduit.com/korelasi-bulan-puasa-dengan-saham-consumer-serta-ritel-begini-prospeknya/$ICBP$MYOR$AMRT",icbp
2026-02-18,Top Picks: MYOR – Diuntungkan anjloknya harga bahan baku. CMRY – Pertumbuhan penjualan paling tangguh. ICBP – Valuasi sangat murah dengan prospek laba kuat.,icbp
2026-02-18,"Konsumsi Primer: INDF & ICBP sepertinya bakal banjir order mi instan, tepung, & produk sahur/buka. Prediksi: penjualan naik 15-25% selama puasa. Potensi upside saham 12-18% jika daya beli stabil pasca-inflasi terkendali.",icbp
2026-02-18,"Berdasarkan analisis pasar dan proyeksi terkini (sumber: CNBC Indonesia, Katadata, Bloomberg Technoz), emiten Indonesia yang berpotensi terkait program MBG selain PART & ULTJ antara lain: CPIN & JPFA (peternakan ayam, naik permintaan protein), ICBP & MYOR (makanan kemasan), CMRY",icbp
2026-02-18,Prospek kinerja Telkom Indonesia (TLKM) pada 2026 dinilai masih menarik seiring langkah ekspansi perseroan di bisnis data center. ​ @kontanNews https://investasi.kontan.co.id/news/ekspansi-data-center-jadi-mesin-pertumbuhan-tlkm-cek-rekomendasinyagameon:ekspansi:DC:antarkompetitor:,tlkm
2026-02-18,"Gebrakan atau sinyal butuh dana capex nih? Monetisasi data center via strategic partner itu inline sama tren global operator telco yg fokus ke core services sambil lepas sebagian aset infra. Selama valuasinya fair dan TLKM tetap pegang kontrol/kendali layanan, harusnya positif",tlkm
2026-02-18,Kalau ada yang tanya $WIFI sama $MORA ikutan gak? jawabannya harusnya sih enggak karena ini untuk mobile broadband a.k.a operator seluler $TLKM,tlkm
2026-02-18,"Lewat strategi TLKM 30, Telkom Indonesia berupaya melakukan transformasi untuk menjawab lonjakan kebutuhan data, percepatan digitalisasi, dan persaingan layanan berbasis teknologi baru. Tapi pertanyaannya sederhana: Apakah koneksi sudah cukup cepat? Apakah jangkauan sudah",tlkm
2026-02-18,Transportasi & Telekom: Efek Mudik & Silaturahmi. GIAA & ASII berpotensi cuan dari tiket mudik & kendaraan. TLKM naik karena lonjakan data internet buat video call & streaming takjil. Risiko utama: kenaikan BBM atau kemacetan logistik.,tlkm
2026-02-18,hari-hari jadi pengguna tlkm,tlkm
2026-02-18,"Oalah gendeng Tp jujur tlkm ini ngeselin bgt, hape mamaku mungkin sempat kepencet langganan nsp. Setelah berhenti langganan tiap telpon tetep ada ads buat langganan nsp lagu-lagu bikin bete aja",tlkm
2026-02-18,"IHSG TECHNICAL VIEW (18/02/26) IHSG kemarin ditutup turun 0.64%, disertai dengan net sell asing ~2.2 Tr. Saham yang paling banyak dijual asing adalah BBCA, BUMI, BBRI, GOTO dan TLKM.",tlkm
2026-02-18,Bmri.d by haji erick tanaka,bmri
2026-02-18,"porto bmri pelan2 nanjak dari avg 4.820 ke 5.275 sekarang udh +9,44% tipis tapi rapih gini yg bikin pede hold ga harus tiap hari cuan gede yg penting konsisten keliatan jelas progresnya di app ajaib jadi ga asal feeling doang #saham #AplikasiAjaib",bmri
2026-02-18,"Capai kenaikan di hari ini, Saham BMRI diprediksi bakal tetep hijau. Disamping itu, diliat dari trade book penutupan hari ini persentase buy saham lebih gede sekitar 77% daripada sell #saham #AplikasiAjaib",bmri
2026-02-18,Hanya pemula mencari dividen $BMRI Izin sepuh,bmri
2026-02-18,$BMRI bikin inverse HnS Terkonfirm bullish per hari ini,bmri
2026-02-18,Bmri saya sdh 20%,bmri
2026-02-18,"Cetak laba Rp 56,3 T di 2025, Ini Bocoran Dividen Bank Mandiri (BMRI)",bmri
2026-02-18,"IHSG lagi menguat +1,19% ke 8.310, transaksi Rp23 T+ BUMI, BMRI, BBCA rame banget. Momentum positif pasca libur Imlek! Tapi Ramadan mulai hari ini buat Muhammadiyah & beberapa negara (besok buat mayoritas Indo), selamat ibadah ya.",bmri
2026-02-18,liat bmri today jadilah (((taugitumology))),bmri
2026-02-18,1. BIPI Rp226 (+34.52%) 2. GOTO Rp60 (+1.70%) 3. MBMA Rp785 (+8.28%) 4. BKSL Rp150 (+3.45%) 5. BMRI Rp5275 (+3.94%),bmri
2026-02-18,Hasil RUPSLB Unilever Indonesia (UNVR): Nurdiana Darus Resmi jadi Direktur Baru https://stockwatch.id/hasil-rupslb-unilever-indonesia-unvr-nurdiana-darus-resmi-jadi-direktur-baru/,unvr
2026-02-18,"UNVR tetap primadona: sabun, makanan ringan, & produk kebersihan laris manis buat persiapan Ramadan. Tren historis tunjukkan kenaikan rata-rata 8-12%. Juga pantau MYOR buat biskuit & permen takjil, plus KLBF suplemen & vitamin imun biasanya semakin diburu jelang puasa.",unvr
2026-02-18,Salah satu sinyal SELL adalah Stocksplit ~ William Oneil~ Contoh UNVR stocksplit di puncak lalu longsor,unvr
2026-02-18,"Payout Ratio 100%: Tak Ditahan, Semua Dibagi! Ini Bocoran Dividen UNVR",unvr
2026-02-19,Mending BBRI berarti ya,bbri
2026-02-19,BBRI lebih gurih,bbri
2026-02-19,"Malam ini market puasa sepi, tapi gue tetep semangat hold BBRI sambil nunggu rebound! Kalian lagi pegang saham apa yang lagi ‘puasa’ performanya? Share dong nama saham + alasan hold-nya. Siapa tau besok bareng-bareng cuan setelah Lebaran Poll: Saat market sepi, gue A.",bbri
2026-02-19,"IHSG TECHNICAL VIEW (19/02/26) IHSG kemarin ditutup naik 1.19%, disertai dengan net buy asing ~467 Bn . Saham yang paling banyak dibeli asing adalah BMRI, BBRI, UNTR, AADI, dan EMAS.",bbri
2026-02-19,"bukannya beliin emas, mlh dimasukin ke bbri dan saham2 lain yg malah merah merona saat ini untung ketutup dividen jadi impas",bbri
2026-02-19,"BBRI anj gabisa bgt dipuji, kemarin habis dipuji karena naik sampe 3830 (ini pun naiknya btuh 2 hari), skrg udh turun lagi ke 3770",bbri
2026-02-19,"Sore ini masih sepi juga nih X gue Impressions stuck di 60-70K, padahal reply & likes lumayan rame. Kayak BBRI lagi sideways, sabar nunggu breakout! Update dari tadi pagi: gue coba reply lebih aktif ke post saham besar, tapi reach tetep lesu. Mungkin kurang video short? Kalian",bbri
2026-02-19,Apa nih? Wkwk bbca apa bbri apa bmri,bbri
2026-02-19,"Selama BBCA dan BBRI masih terus turun sementara IHSG terus naik, aturlah porsi dengan lebih berhati-hati.",bbri
2026-02-19,"Perbankan, kyknya BBRI pak T hahaha",bbri
2026-02-19,"Bang BBRI udh menarik lagi kah, ma ketat",bbri
2026-02-19,Kalo head to head dengan $BBRI pilih mana prof?,bbri
2026-02-19,temen gua punya saham BBRI kisaran 39 lot dan dapet return kisaran 10%. dijual semua buat disebar ke saham saham kecil biar profit nya cepet dan dimasukin ke BBRI lgi buat ambil dividen. dan yap sekarang dia minus akibat asal naro saham,bbri
2026-02-19,"It depends on the gift—the brighter it shines, the more cash you rake in. Thats why you gotta be smart about all that ass-kissing.",bbri
2026-02-19,"I cant eat shrimp, sorry, I cant come.",bbri
2026-02-19,kamu yang anter ya,bbri
2026-02-19,"damn, wheres his head, is he turning into a kuyang or what?",bbri
2026-02-19,diada adain,bbri
2026-02-19,"Yeah, her chest is so huge.",bbri
2026-02-19,Do you want me to cook you a fried egg?,bbri
2026-02-19,kirim ke jateng bisa?,bbri
2026-02-19,percaya satanic ga bang,bbri
2026-02-19,"sometimes its weird with people, shouting they dont believe but if theres an epstein files case and then suddenly they believe like back then, where their cases level of weirdness is way higher",bbri
2026-02-19,$ICBP weekly. Sudah downtrend lama. Entah kapan akan dilirik market lagi. What do you think?,icbp
2026-02-19,"Judol opo iki penake? Gandum, foodstuff, etc kayaknya INDF sama ICBP. critical minerals: ANTM, TINS rare earth, nikel2an, sama INCO soalnya ada tim mawarnya.",icbp
2026-02-19,ICBP Berpeluang Memulai Uptrendnya http://doktermarket.com/2026/02/icbp-berpeluang-memulai-uptrendnya.html,icbp
2026-02-19,Investor ICBP agak setres,icbp
2026-02-19,"Momentum peningkatan konsumsi dan mobilitas jelang Lebaran berpotensi menjadi katalis bagi beberapa emiten. Beberapa saham yang terkait dengan momentum ini antara lain ASII, JPFA, dan TLKM. Mau tahu lebih lanjut? Cek postingan berikut ini!",tlkm
2026-02-19,Tlkm indns,tlkm
2026-02-19,"tlkm kpn bener deh sinyalnya, dri siang emergency mulu",tlkm
2026-02-19,https://x.com/XSchool290244/status/2024483328515305901Jd$RUNSitusbgpenyediasoftwareu/pencatatantransaksiKoperasiMerahPutih(KMP)bekerjasamadgnanakusaha$TLKM?Inianaknya$TLKMyaituTelkomselatau$MTEL?,tlkm
2026-02-19,"Stock Picks 19 Februari 2025 TLKM Spec Buy dengan support 3430, cut loss jika break di bawah 3370. Jika tidak break di bawah 3430, potensi naik ke 3550-3610 short term. Disclaimer: http://bit.ly/disclaimer-cgsiid#cgsi#cgsid#stockpicks#sobatgenvest#akuinvestorsaham",tlkm
2026-02-19,tlkm ya?,tlkm
2026-02-19,Walah ini hal yang sama terjadi waktu UNVR di harga 1000an wkwkwk,unvr
2026-02-19,"Sepertinya itu saham UNVR (PT Unilever Indonesia Tbk), karena punya lini bisnis es krim dan teh Sariwangi. Cocok dengan pun es teh yang seger!",unvr
2026-02-20,Ada yang Nafsu Serok Saham BBRI #saham #infosaham #investasi,bbri
2026-02-20,BBRI nyangkut Merah terus. Harus jual atau tahan? Thread,bbri
2026-02-20,Saham BBRI Harganya Naik Gara-gara Ini #saham #infosaham #investasi,bbri
2026-02-20,"Sobat BRI, Nikmati promo kuota im3 di BRImo spesial untukmu! Dapatkan diskon hingga 32% periode sampai 28 Februari 2026 Info lebih lanjut: http://bbri.id/promoim3#MelayaniSepenuhHati#BRImo#BRImoMudahSerbaBisa",bbri
2026-02-20,"PNM diusulkan lepas dari BRI (BBRI), intip hitungan dampaknya ke laba dan aset grup https://msn.com/id-id/berita/other/pnm-diusulkan-lepas-dari-bri-bbri-intip-hitungan-dampaknya-ke-laba-dan-aset-grup/ar-AA1WGP5l?ocid=msedgdhp&pc=U531&cvid=6997bc91d6a94b469834d0de042eb74c&cvpid=e1457059228049df8f0546068d3f5d20&ei=86BBRI:diincar:sakukiriksakukanan:demiprogramandalanpolitis:gapapa:",bbri
2026-02-20,"Dear BRI Friend, Modinity Raya Festival 2026 returns with BRImo, February 20–22 at Hall 1 ICE BSD. Visit the BRI Booth and enjoy a variety of special BRI promotions. Check here http://bbri.id/modinity26#PromoMerchantBRI#BRImo#MelayaniSepenuhHati#ModinityEvents",bbri
2026-02-20,• BUMI -2% | Rp294 • ANTM -0% | Rp4.220 • BIPI -7% | Rp228 • GOTO 0% | Rp61 Top BDM Accumulation: • KOCI +-10% | Rp195 • SMGR +7% | Rp3.070 • PWON +2% | Rp374 • BBRI +2% | Rp3.840 • UNTR +1% | Rp30.725 Top BDM Distribution: • LSIP 0% | Rp1.200,bbri
2026-02-20,"Rp41,37 triliun (Q3). - PT Bank Rakyat Indonesia Tbk (BBRI): Aset Rp2.106 triliun, laba Rp41,23 triliun. - PT Bank Central Asia Tbk (BBCA): Aset Rp1.504 triliun, laba Rp43,41 triliun. - PT Bank Negara Indonesia Tbk (BBNI): Aset Rp1.201 triliun, laba Q3 turun.",bbri
2026-02-20,Invezgo Daily Report | 20 Feb 2026 Ringkasan pergerakan akhir hari: Top Foreign Accumulation: • BBRI +2% | Rp3.840 • BMRI +1% | Rp5.125 • MDKA +2% | Rp3.590 • SUPA +3% | Rp1.050 • ENRG +9% | Rp1.690 Top Foreign Distribution: • BBCA 1% | Rp7.225,bbri
2026-02-20,• BBRI 2% | Rp3.840 • MDKA 2% | Rp3.590 • ENRG 9% | Rp1.690 — Disclaimer: Informasi ini hanya untuk edukasi. Bukan rekomendasi beli/jual. Data dari BEI. Selalu lakukan analisa mandiri sebelum investasi.,bbri
2026-02-20,"Bank Indonesia (BI) menyatakan ketahanan perbankan Indonesia tetap kuat berdasarkan hasil stress test terbaru, yang memicu kenaikan kompak saham bank besar di Bursa Efek Indonesia (BEI) pada Jumat, 20 Februari 2026. Sentimen positif ini membuat saham BBRI, BMRI, BBNI, dan BBCA",bbri
2026-02-20,Paling yg mau hold lama Dan duit gede seperti bmri..bbri Saya ambil dev kalau nilai sahamnya belum 70%dr modal saya...,bbri
2026-02-20,Wah gmn si bennix dl ngmngin bbri nyungsep... Dan beberapa emiten lain walau ada gambaran fundamental di dalamnya Si HA ngmng ga ada isi kan dr sisi broksum sesuai kelihaian dia bukan dr fa ta nya.. ia ga sih? Gawat jg kl smua di somasi,bbri
2026-02-20,"Ga cocok scalping ternyata, karena ga bisa mantau market terus terusan. Ga bisa geser sana, geser sene, maklum masih full time worker. #Uangreceh #cuankecil #BBRI",bbri
2026-02-20,"Aku sich yes PNM Diusulkan Lepas dari BRI (BBRI), Intip Hitungan Dampaknya ke Laba dan Aset Grup",bbri
2026-02-20,Adakah saham-saham ini di portfolio Sobat Pickers? Top 10 Saham yang paling banyak investornya: 1. BBRI 2. BBCA 3. BUMI 4. GOTO 5. BMRI 6. CDIA 7. ANTM 8. EXCL 9. DEWA 10. ADRO #saham #IHSG #PinePick #ciptadana #InvestasiCerdasMu,bbri
2026-02-20,"klo ke minimarket pasti liat kan banyak parsel2 gt, ya emg demand nya juga lagi naik si. yg begitu sektor primer tu, emiten kek UNVR, ICBP, MYOR biasanya oke nih kira2 jelang lebaran lah. Daripada lu ngabisin wafer nye doang mending sekalian punya perusahaanya kan WKWKWKW",icbp
2026-02-20,"Berdasarkan analisis perjanjian dagang Indonesia-AS: **Positif:** - Kesehatan: MIKA, HEAL, SILO (biaya alat medis US lebih murah). - Pertambangan: AMMN, MDKA, ANTM (tarif 0% ekspor tembaga olahan). - Pangan: JPFA, CPIN, ICBP (biaya impor jagung/kedelai US turun). - Ritel: ERAA,",icbp
2026-02-20,Telkom Group tengah berupaya untuk bertransformasi perusahaan dengan peta jalan 2025-2030.,tlkm
2026-02-20,"The retail minimarket business is a business with thin margins. AMRT, with revenue of Rp 118 trillion, has a profit of only Rp 3.2 T (Net Profit Margin/NPM 2.7%). Compare it with other businesses. NPM of Bank Mandiri is 59% and NPM of TLKM is 20% (financial reports 2024).",tlkm
2026-02-20,"#SobatTelkom, perjalanan transformasi TLKM 30 bukan hanya bertujuan untuk mengoptimalkan efisiensi sekaligus meningkatkan value korporasi, namun yang terutama ialah untuk memberi kontribusi terbaik bagi akselerasi digitalisasi negeri. Strategi ini diharapkan dapat turut",tlkm
2026-02-20,"Yuk, pakai Livin’ by Mandiri! Download di sini https://bmri.id/reflivin?af_adset=MGMNJUR3S1&deep_link_sub1=null&deep_link_sub2=MGMNJUR3S1Janganlupapakaikodereferral-ku:MGMNJUR3S1FAQ:http://bmri.id/livinmgmBankMandiriberizindandiawasiolehOtoritasJasaKeuangan(OJK)danBankIndonesia,sertamerupakanpesertapenjaminanLPS.",bmri
2026-02-20,1. Beli pcx 2. Pake ngegrab 3. Sisanya masukin saham BMRI,bmri
2026-02-20,"(dari 790 juta ton 2025), nikel 250-260 juta ton. Ini dorong PNBP minerba Rp134 triliun pada 2026. ### Perusahaan Perbankan dan Lainnya Perbankan mendominasi dengan aset dan laba triliunan. Bank terbesar (data 2025): - PT Bank Mandiri Tbk (BMRI): Aset Rp2.514 triliun (H1), laba",bmri
2026-02-20,Invezgo Daily Report | 20 Feb 2026 Ringkasan pergerakan akhir hari: Top Foreign Accumulation: • BBRI +2% | Rp3.840 • BMRI +1% | Rp5.125 • MDKA +2% | Rp3.590 • SUPA +3% | Rp1.050 • ENRG +9% | Rp1.690 Top Foreign Distribution: • BBCA 1% | Rp7.225,bmri
2026-02-20,Adakah saham-saham ini di portfolio Sobat Pickers? Top 10 Saham yang paling banyak investornya: 1. BBRI 2. BBCA 3. BUMI 4. GOTO 5. BMRI 6. CDIA 7. ANTM 8. EXCL 9. DEWA 10. ADRO #saham #IHSG #PinePick #ciptadana #InvestasiCerdasMu,bmri
2026-02-20,"Bank Indonesia (BI) menyatakan ketahanan perbankan Indonesia tetap kuat berdasarkan hasil stress test terbaru, yang memicu kenaikan kompak saham bank besar di Bursa Efek Indonesia (BEI) pada Jumat, 20 Februari 2026. Sentimen positif ini membuat saham BBRI, BMRI, BBNI, dan BBCA",bmri
2026-02-20,BMRI aja yield nya lagi gede wkwk,bmri
2026-02-20,"BMRI, Target Harga Dikerek, Siap-siap Dividen Segini #saham #infosaham #investasi",bmri
2026-02-20,"IHSG TECHNICAL VIEW (20/02/26) IHSG kemarin ditutup turun 0.43%, disertai dengan net sell asing ~245 Bn . Saham yang paling banyak dijual asing adalah BBCA, BMRI, INKP, MEDC, dan ADMR.",bmri
2026-02-20,"UNVR Punya Target Harga Baru, Malah Dipangkas #saham #infosaham #investasi",unvr
2026-02-20,"klo ke minimarket pasti liat kan banyak parsel2 gt, ya emg demand nya juga lagi naik si. yg begitu sektor primer tu, emiten kek UNVR, ICBP, MYOR biasanya oke nih kira2 jelang lebaran lah. Daripada lu ngabisin wafer nye doang mending sekalian punya perusahaanya kan WKWKWKW",unvr
2026-02-21,"Stocks: BBCA, NVIDIA, BBRI & BUMI Indexes: S&P 500 Crypto: BTC, ETH, SOL & XRP Mutual Funds: RDPT and Bonds",bbri
2026-02-21,Saatnya melepas saham BBRI,bbri
2026-02-21,bmri sama kayak bbri.. nanti bagi deviden lg..,bbri
2026-02-21,"Nitip screener guys, do ur own research, bukan ajakan membeli. 21 Februari 26 $BBRI 3.840 $ARCI 1.810",bbri
2026-02-21,Serokk kapan ni BBRI,bbri
2026-02-21,"When are they gonna pay out dividends for BBRI? If its still a long wait, Ill just smash it—badmouth the hell outta my portfolio, poor my eyes.",bbri
2026-02-21,"Saham PT Telkom Indonesia (TLKM) menguat signifikan, mencerminkan kepercayaan investor terhadap transformasi perusahaan. Melalui program TLKM 3.0, Telkom optimis capai valuasi tinggi.",tlkm
2026-02-21,"Min kenapa DM saya tidak di balas, nanti saya jual saja saham tlkm",tlkm
2026-02-21,"wkwk pernah isi pulsa buat perpanjang kartu tlkm, beli pagi sorenya ada notif pulsanya mau habis",tlkm
2026-02-21,"WAAHH SESAMA TLKM USER NIH, HIT YOU UP AILAA!",tlkm
2026-02-21,"1/5 In the latest RI–US trade agreement, there is a crucial clause: Indonesia is required to consult with the US regarding suppliers of strategic telecommunications infrastructure (5G, 6G, satellites, submarine cables). This is not merely a technical issue, but a matter of",tlkm
2026-02-21,sinyal tlkm bapukkkk loading muluu pstingannya abu² semuuaaa,tlkm
2026-02-21,Akhirnya big bank mulai bisa tumbuh 2 digit lagi. Menyala dividen tahun depan $BMRI https://keuangan.kontan.co.id/news/laba-bersih-bank-mandiri-bmri-naik-16-jadi-rp-465-triliun-di-januari-2026@KontanNews,bmri
2026-02-21,"BMRI Mumpung Murah, Diserok Asing, Target Harga Segini #saham #infosaham #investasi",bmri
2026-02-21,bmri sama kayak bbri.. nanti bagi deviden lg..,bmri
2026-02-21,Berarti baiknya keep aja nih $BMRI,bmri
2026-02-21,Bmri biasa setaun sekali mar apr tp taun ini udh bagi pas bln januari jd blm tau deh,bmri
2026-02-21,bmri juga ga yg mar apr,bmri
2026-02-21,"Nikmati bonus e-Coupon Rp35 ribu* dengan Mandiri Kartu Kredit khusus di Watsons Central Park Mall, Jakarta! Berlaku s.d. 22 Februari 2026. *Info: http://bmri.id/SGWatsonsCPBankMandiriberizindandiawasiolehOtoritasJasaKeuangandanBankIndonesia.#MandiriKartuKredit",bmri
2026-02-21,"Dapatkan diskon 20%* dengan Mandiri Kartu Kredit, hanya di Outlet Teras Menara Mandiri 2! Berlaku s.d. 5 Maret 2026. *Info: http://bmri.id/TerasMenaraBankMandiriberizindandiawasiolehOtoritasJasaKeuangandanBankIndonesia.#MandiriKartuKredit#BankMandiri",bmri
2026-02-21,"kalaj divestasi. -> jual asset. lapkeunya bisa kaya unvr kmarin naik. tapi cuman salam 1 kali. kalau transmartnya dimasukin sbgai asset (Joint Venture), barang JD, Transmart tempatnya. -> Recuring Income arahnya. ini Solvabilitas / kemampuan bayar hutang CT Group saat ini ->",unvr
2026-02-21,"Prcaya ga prcaya. Emg bkn prusahaan bsr impian fg kyak unvr, tp ckup sring nampilin loker minta S1. Mo blg umkm ya bkn jg. Tp ya knyataannya gt. Aku lulusan akuntansi, ktm orgnya pas lg brevet. Dia brevet pun dbyarin. Tp krn prnah jd HR, saya akhirnya bs nrima hal kyak gini ada",unvr
2026-02-21,"imagine UNVR ngesomasi yang berkata fundamental tai, dah gk bisa growth",unvr
2026-02-22,"Selain IHSG, Saham ANTM hingga BBRI Diteropong: Bisa Cuan Maksimal #saham #infosaham #investasi",bbri
2026-02-22,"Saham BBRI Dibidik, Harganya Bisa Mentok ke Sini #saham #infosaham #investasi",bbri
2026-02-22,"Kini saatnya kamu menjadi bagian dari kemenangan itu. Segera miliki Kartu BRI Debit FC Barcelona - simbol dedikasi, loyalitas, dan kelas dunia untuk Culer Indonesia. Daftar melalui http://bbri.id/brifcbarcelonaataumelaluiKantorCabangBRIterdekat.#BRIDebit#BRITabungan",bbri
2026-02-22,"Ramadan makin hemat dengan Promo Spesial BRI. Nikmati cashback hingga 50% untuk berbagai kebutuhan, dari belanja harian sampai persiapan Lebaran. Cek promonya di http://bbri.id/promoramadan26danmanfaatkansetiapkesempatanuntuklebihuntung.#PromoMerchantBRI#BRITabungan",bbri
2026-02-22,duh gw pegang BBRI wakk,bbri
2026-02-22,"laba Rp41,37 triliun (Q3). - PT Bank Rakyat Indonesia Tbk (BBRI): Aset Rp2.106 triliun, laba Rp41,23 triliun. - PT Bank Central Asia Tbk (BBCA): Aset Rp1.504 triliun, laba Rp43,41 triliun. - PT Bank Negara Indonesia Tbk (BBNI): Aset Rp1.201 triliun, laba Q3 turun.",bbri
2026-02-22,"Beli saham BBRI, BBCA, BMRI, ASII, PTBA masing2 100jt aja, diemin buat hari tua, dividen anggep aja passive bulanan",bbri
2026-02-22,Geu masih sama kan? Masih nyangkut di BBRI Masih ke lock apa udah kebuka neh suspend-nya,bbri
2026-02-22,"Besides IHSG, Stocks ANTM to BBRI Under Scrutiny: Potential for Maximum Gains #saham #infosaham #investasi",bbri
2026-02-22,"Save more during Ramadan with BRIs Special Promo. Enjoy cashback up to 50% for various needs, from daily shopping to Lebaran preparations. Check the promo at http://bbri.id/promoramadan26andmakethemostofeveryopportunitytogainmorebenefits.#PromoMerchantBRI#BRITabungan",bbri
2026-02-22,"Buy BBRI, BBCA, BMRI, ASII, PTBA stocks, 100jt each, just let them sit for old age, treat the dividends as monthly passive income",bbri
2026-02-22,"Habis liat2 lk, ternyata lk nya tlkm dlm miliaran rupiah kyk kurang bgt, datanya ga detail bisa rawan deviasi",tlkm
2026-02-22,tabungan bunga 12% nyari dimanaa? bmri aja mentok 7% itupun alhamdulillah bgtt.,bmri
2026-02-22,Ini apa kesimpulan BMRI om? Layak beli kah?,bmri
2026-02-22,"Mana ada bunga 12% per tahun, Deviden BMRI iya",bmri
2026-02-22,yok bisa yok masuk BMRI,bmri
2026-02-22,"Beli saham BBRI, BBCA, BMRI, ASII, PTBA masing2 100jt aja, diemin buat hari tua, dividen anggep aja passive bulanan",bmri
2026-02-22,"Dapatkan tiket mudik spesial untuk rayakan momen Lebaran bareng Bank Mandiri! Tersedia 260 tiket*! Yuk, transaksi dengan Mandiri Kartu Kredit dan raih tiketnya untuk wujudkan perjalanan mudikmu! Periode hingga 2 Maret 2026. *Info lengkap: http://bmri.id/RMDNmudikKAI2026",bmri
2026-02-22,"(dari 790 juta ton 2025), nikel 250-260 juta ton. Ini dorong PNBP minerba Rp134 triliun pada 2026. Perusahaan Perbankan dan Lainnya Perbankan mendominasi dengan aset dan laba triliunan. Bank terbesar (data 2025): - PT Bank Mandiri Tbk (BMRI): Aset Rp2.514 triliun (H1),",bmri
2026-02-22,Unvr.d 600 harga yg pantas Perusahan sdh kaga bisa berkembang..,unvr
2026-02-23,Gerak-gerik Asing di Saham BBRI dan BMRI #saham #infosaham #investasi,bbri
2026-02-23,"Saham BBRI Jadi Perhatian, Jangan-jangan ke Sini Harganya https://investor.id/market/429410/saham-bbri-jadi-perhatian-janganjangan-ke-sini-harganyavia@InvestorID",bbri
2026-02-23,"Sobat BRI, Yuk, top up kuota 3 di BRImo dan dapatkan diskon hingga Rp88 ribu. Info lebih lanjut: http://bbri.id/promo3.Periodesampai28Februari2026,jangansampaiketinggalanya.#BRImo#BRImoMudahSerbaBisa#MelayaniSepenuhHati",bbri
2026-02-23,"IHSG +1,36% ke 8.384,04 di sesi I, Senin (23/2/2026). Sektor barang baku 3,66%, ANTM +4,50%, EMAS +7,91%, dan MDKA +3,34%. Sektor transportasi dan logistik +2,16%, energi +1,66%, barang konsumen non primer +1,53%, keuangan +1,38%. Saham perbankan kompak menguat, BBRI +1,56%",bbri
2026-02-23,Gw belanjain bbca bmri bbri,bbri
2026-02-23,"Akhirnya setelah 7 purnama 59 episode Meteor Garden Menghijau -Entry: 3.870-3.890 (level saat ini) - Resistance: 3.920, 4.000 DYOR BBRI",bbri
2026-02-23,artinya bbni dan bbri 8898,bbri
2026-02-23,siap siap aja bbri 8898,bbri
2026-02-23,Gila!! Ternyata Market Cap Bank-Bank di Amerika dibandingin $BBCA $BBRI $BMRI jauh banget ya,bbri
2026-02-23,"Stock Picks 23 Februari 2026 BBRI Spec Buy dengan support 3770, cut loss jika break di bawah 3700. Jika tidak break di bawah 3770, potensi naik ke 3910-3980 short term. Disclaimer: http://bit.ly/disclaimer-cgsiid#cgsi#cgsid#stockpicks#sobatgenvest#akuinvestorsaham",bbri
2026-02-23,setelah berkali2 gagal akhirnya bbri tembus ma200 apakah ini akan langgeng dan memulai bull trend BBRI? $BBRI disclaimer bukan ajakan jual beli atau saran investasi saya tidak punya BBRI,bbri
2026-02-23,"$BBRI - d If it doesnt break through again, just retire from holding shares, meow. A stock this good is definitely gonna give tons of profit, right.... <- said the holder of big banks from last year.",bbri
2026-02-23,"Inet, emas, antm, bbri, bris, bmri, bbni, dan masih banyak lagi sih",bbri
2026-02-23,bbri siap menjemput 3910,bbri
2026-02-23,"$BBRI Wave Count Expanded flat type? Udah mulali nyundul nyundul 200 DMA-nya, bahkan hari ini udah close di atasnya. Saya masih inget sekitar tahun lalu atau 2 tahun lalu.. $JPM sempat ngedowngrade Indo atau banking specifically, tapi dia malah nyerok besok-besoknya. Masih",bbri
2026-02-23,$bbri akhirnya mau siceng lagi,bbri
2026-02-23,• CBDK -1% | Rp6.050 • WOWS 0% | Rp80 • KPIG -2% | Rp124 Top Ritel Accumulation: • HILL +-14% | Rp50 • BUMI +1% | Rp296 • ELTY +2% | Rp50 • BNBR +7% | Rp130 • BULL +5% | Rp535 Top Ritel Distribution: • GOTO 2% | Rp62 • BIPI 20% | Rp274 • BBRI 2% | Rp3.900,bbri
2026-02-23,lho BBRI nya mana,bbri
2026-02-23,"dividen bca juga kecil bro, ga kayak bbri misalnya",bbri
2026-02-23,"mau invest tapi udah sejak tahun lalu diliat2 gaada perkembangan wkwk saatnya switch aja si. lagian dividennya juga ga berasa ga kek bbri long term, dapet banyak dividennya dan cuannya lumayan",bbri
2026-02-23,• IMPC 3% | Rp2.450 • BUMI 1% | Rp296 • CUAN 4% | Rp1.800 • EXCL 5% | Rp3.280 Top BDM Accumulation: • SIDO +2% | Rp535 • BBRI +2% | Rp3.900 • BMRI +3% | Rp5.275 • ATLA +7% | Rp59 • ICBP +2% | Rp8.150 Top BDM Distribution: • MYOR -2% | Rp2.180 • NRCA 1% | Rp795,bbri
2026-02-23,masuk ke saham Mandiri/BNI/BCA/BBRI dapat dividen 8-12% lumayan buat hidup,bbri
2026-02-23,"Phintraco Sekuritas memberikan rekomendasi saham BBRI, BRPT, UNVR, ESSA dan TINS untuk trading, Selasa (24/2/2026).",bbri
2026-02-23,Invezgo Daily Report | 23 Feb 2026 Ringkasan pergerakan akhir hari: Top Foreign Accumulation: • BBRI +2% | Rp3.900 • BMRI +3% | Rp5.275 • SUPA +2% | Rp1.070 • ANTM +4% | Rp4.390 • BIPI +20% | Rp274 Top Foreign Distribution: • BBCA 1% | Rp7.300,bbri
2026-02-23,"Found it on Tumblr hehe, randomly asking about BBRI dividends ended up leading to the altar lol wk",bbri
2026-02-23,• IMPC 3% | Rp2.450 • BUMI 1% | Rp296 • CUAN 4% | Rp1.800 • EXCL 5% | Rp3.280 Top BDM Accumulation: • SIDO +2% | Rp535 • BBRI +2% | Rp3.900 • BMRI +3% | Rp5.275 • ATLA +7% | Rp59 • ICBP +2% | Rp8.150 Top BDM Distribution: • MYOR -2% | Rp2.180 • NRCA 1% | Rp795,icbp
2026-02-23,sp 24/2 : 1. trin gpra apln lpck lpkr drma pnin smgr ppre pgas isat tlkm tins toba tcpi oasa sofa. 2. best tpia hmsp.,tlkm
2026-02-23,Interesting Menu BSJP 23 February 2026 1. TLKM 2. ANTM 3. INDY 4. TRIN *DYOR *Disc on,tlkm
2026-02-23,Analisis Dividen Saham TLKM Mei 2026 versi youtube BY creator #DividenSaham #TLKM #AnalisisSaham,tlkm
2026-02-23,Safi MAL denyo...,unvr
2026-02-23,"Phintraco Sekuritas memberikan rekomendasi saham BBRI, BRPT, UNVR, ESSA dan TINS untuk trading, Selasa (24/2/2026).",unvr
2026-02-23,yg prtama apa yaa? yg ke2 unvr,unvr
2026-02-23,"ini malah hampir semua fmcg mnc syarat internnya gini ga sih?? di reply pada banyak spill unvr, padahal banyak sihh yg laen gini juga syaratnya",unvr
2026-02-23,Yg nomer dua itu unvr ye,unvr
2026-02-24,"JAKARTA – Indeks Harga Saham Gabungan (IHSG) naik 1,36% atau 112,28 poin ke level 8.384,05 pada perdagangan sesi pertama Senin (23/2) hari ini, didukung dengan tingginya minat beli investor asing. Baca selengkapnya: https://idnfin.id/a61574",bbri
2026-02-24,"Kontras! BBCA Diobral Asing, BBRI-BMRI Diburu",bbri
2026-02-24,"IHSG TECHNICAL VIEW (24/02/26) IHSG kemarin ditutup naik 1.5%, disertai dengan net buy asing ~1.1 Tr . Saham yang paling banyak dibeli asing adalah BBRI, BMRI, ANTM, TINS dan TLKM.",bbri
2026-02-24,"Rekomendasi Saham Potensial — Selasa, 24 Februari 2026 BBRI – Trading Buy Entry: ≥3860 Target 2: 4100 Target 1: 4000 Stoploss: <3800 By Phintraco Sekuritas Investment Advisor Team - Disclaimer On -",bbri
2026-02-24,Yaaa bbri gagal breakout donk ya turun channeling lg,bbri
2026-02-24,"Morning Brief: BBRI - 24 Feb | 07:00 WIB 1. IHSG berpotensi lanjut reli ke 8.400; INCO &amp; BBRI direkomendasikan. 2. Investor lokal akumulasi saham bank besar seperti BBRI meski asing keluar. 3. BBCA, BBRI & BMRI dinilai masih layak koleksi didukung fundamental kuat. #BBRI",bbri
2026-02-24,"Sepanjang Ramadan 2026, BRI menghadirkan promo spesial dengan penawaran cashback hingga 50% untuk mendukung transaksi lebih hemat selama bulan suci! Informasi lengkap dan syarat ketentuan dapat diakses melalui http://bbri.id/promoramadan26,denganperiodepromohingga31Maret2026.",bbri
2026-02-24,"salah satu alasan kenapa lebih suka kripto, atau saham US, karna lebih liquid. saham indo waduh bisa ke trap lama, ngeri. kalo beli, beli yang pasti - pasti aja di indo, bbca bbri bmri. itu juga belum sekarang sih, ihsg otw bearmarket kayanya.",bbri
2026-02-24,Bbri atau bbni dch kalau merah masuk lagi. Lumayan kalau turun banyak,bbri
2026-02-24,"Sobat BRI, Waktunya jelajahi lebih banyak rasa untuk momen berbuka puasa dengan Promo Spesial BRI. Nikmati promo hingga 30% OFF di berbagai merchant resto. Periode program hingga 31 Desember 2026. Cek promonya di http://bbri.id/resto#PromoMerchantBRI#RamadanBersamaBRI",bbri
2026-02-24,Invezgo Daily Report | 24 Feb 2026 Ringkasan pergerakan akhir hari: Top Foreign Accumulation: • BMRI +2% | Rp5.375 • BUVA +-2% | Rp1.445 • TLKM +1% | Rp3.580 • ASII +-1% | Rp6.550 • BBRI +-1% | Rp3.870 Top Foreign Distribution: • IMPC -8% | Rp2.250,bbri
2026-02-24,"BBRI hijau terus merah lagi biasa. Dashboard X merah semua ga aneh juga. Yang aneh bisa pas bikin message in the cup-nya. “Believe in your self” Seakan-akan ada campur tangan Semesta supaya gue tetap percaya diri, merah pasti berlalu",bbri
2026-02-24,$BBRI lgi testing resisten. Kalo tembus = bull scenario on.,bbri
2026-02-24,"#IHSG tutup +1,50% ke 8.396 (23/2) Penggerak: BMRI +2,93%, BBRI +1,56%, MEGA +24,77% Level kunci: uji 8.400 → jika tembus, target teknikal 8.600–8.700 (area gap) #saham #sahamindonesia #sahampemula #bullish",bbri
2026-02-24,"Asing Serbu Saham Bank, BBRI dan BMRI Diborong Rp700 Miliar https://ipotnews.com/ipotnews/newsDetail.php?jdl=Asing_Serbu_Saham_Bank__BBRI_dan_BMRI_Diborong_Rp700_Miliar&news_id=213875&group_news=IPOTNEWS&taging_subtype=BMRI&name=&search=y_general&q=Bank%20Mandiri&halaman=1",bbri
2026-02-24,masuk brp pak apek bbri dab bbni?,bbri
2026-02-24,BBRI naik karena mau dividen,bbri
2026-02-24,Lha sekarang baru nanya Waktu halt kemana Bmri saya sdh cuan 20%bbri sdh 10%,bbri
2026-02-24,yg bbri dan bbni pak apek,bbri
2026-02-24,"Asing Borong Rp1,14 Triliun, BBRI & BMRI Jadi Incaran",bbri
2026-02-24,Bbri dong kak,bbri
2026-02-24,• BUMI -7% | Rp274 • INKP 0% | Rp10.300 • DSSA -3% | Rp84.425 • ICBP -2% | Rp7.950 Top BDM Accumulation: • IMPC +-8% | Rp2.250 • FILM +-3% | Rp7.425 • BEEF +3% | Rp360 • MSJA +9% | Rp442 • VKTR +-7% | Rp970 Top BDM Distribution: • HEAL -2% | Rp1.290,icbp
2026-02-24,Icbp kek keong,icbp
2026-02-24,"IHSG TECHNICAL VIEW (24/02/26) IHSG kemarin ditutup naik 1.5%, disertai dengan net buy asing ~1.1 Tr . Saham yang paling banyak dibeli asing adalah BBRI, BMRI, ANTM, TINS dan TLKM.",tlkm
2026-02-24,Invezgo Daily Report | 24 Feb 2026 Ringkasan pergerakan akhir hari: Top Foreign Accumulation: • BMRI +2% | Rp5.375 • BUVA +-2% | Rp1.445 • TLKM +1% | Rp3.580 • ASII +-1% | Rp6.550 • BBRI +-1% | Rp3.870 Top Foreign Distribution: • IMPC -8% | Rp2.250,tlkm
2026-02-24,Bocoran Dividen Telkom (TLKM) #saham #infosaham #investasi,tlkm
2026-02-24,"#SobatTelkom, perjalanan transformasi korporasi terus diperkuat untuk memantapkan peran Telkom Indonesia sebagai strategic holding yang makin terfokus dan bernilai tambah melalui TLKM 30. Langkah ini diarahkan untuk mengoptimalkan pengelolaan portofolio serta mendorong",tlkm
2026-02-24,"Rekomendasi Saham Potensial — Selasa, 24 Februari 2026 TLKM – Trading Buy Entry: ≥3500 Target 2: 3800 Target 1: 3700 Stoploss: <3400 By Phintraco Sekuritas Investment Advisor Team - Disclaimer On -",tlkm
2026-02-24,Invezgo Daily Report | 24 Feb 2026 Ringkasan pergerakan akhir hari: Top Foreign Accumulation: • BUVA +-2% | Rp1.445 • BMRI +2% | Rp5.375 • TLKM +1% | Rp3.580 • MDKA +1% | Rp3.790 • CBDK +-2% | Rp5.900 Top Foreign Distribution: • BBCA -1% | Rp7.225,tlkm
2026-02-24,"salah satu alasan kenapa lebih suka kripto, atau saham US, karna lebih liquid. saham indo waduh bisa ke trap lama, ngeri. kalo beli, beli yang pasti - pasti aja di indo, bbca bbri bmri. itu juga belum sekarang sih, ihsg otw bearmarket kayanya.",bmri
2026-02-24,"Contoh aja analisa gini valid di bbrp saham kyak bmri, itu garis pink ketika foreign jualan bmri turun ketika foreign beli mulai naik, bca? Juga valid, semua saham valid? Ga juga mncn invalid, gw tim mana? Gw mah tim beli dia saham berdasarkan fundamental bkn trader",bmri
2026-02-24,Optimis selalu $BMRI @ajaib_investasi,bmri
2026-02-24,BMRI hu,bmri
2026-02-24,"BMRI udah hijau, langsung jual. Mau mudik",bmri
2026-02-24,Jangan ketinggalan berita lainnya ya,bmri
2026-02-24,BMRI mau jebolin tapi IHSG gak jelas,bmri
2026-02-24,Waw bmri ku gain 28%,bmri
2026-02-24,• ASHA 28% | Rp105 • ENRG -5% | Rp1.585 • BMRI 2% | Rp5.375 • GOTO -2% | Rp61 — Disclaimer: Informasi ini hanya untuk edukasi. Bukan rekomendasi beli/jual. Data dari BEI. Selalu lakukan analisa mandiri sebelum investasi.,bmri
2026-02-24,Invezgo Daily Report | 24 Feb 2026 Ringkasan pergerakan akhir hari: Top Foreign Accumulation: • BMRI +2% | Rp5.375 • BUVA +-2% | Rp1.445 • TLKM +1% | Rp3.580 • ASII +-1% | Rp6.550 • BBRI +-1% | Rp3.870 Top Foreign Distribution: • IMPC -8% | Rp2.250,bmri
2026-02-24,"Masuk ISAT di 2.320, semoga bisa lanjut naik dan kasih cuan maksimal #aplikasiajaib #saham #investasi",isat
2026-02-24,"Lol, Ive applied to UNVR like 10 times and havent gotten in yet, lololol",unvr
2026-02-24,"Stock Picks 24 Februari 2026 UNVR Spec Buy dengan support 2320, cut loss jika break di bawah 2270. Jika tidak break di bawah 2320, potensi naik ke 2420-2470 short term. Disclaimer: http://bit.ly/disclaimer-cgsiid#cgsi#cgsid#stockpicks#sobatgenvest#akuinvestorsaham",unvr
2026-02-24,"Morning Brief: $UNVR - 24 Feb 1. IHSG naik 1,5% ke 8.396, BRPT, UNVR, EXCL top gainers. 2. Analis merevisi rekomendasi UNVR menjadi mayoritas hold dengan target Rp2.400–2.455, mencerminkan upside terbatas dengan outlook yang masih mixed. #UNVR @Stockbit",unvr
2026-02-24,UNVR sama PMI ini mah,unvr
2026-02-25,Ada-ada Saja Ulah Investor di Saham BBRI #saham #infosaham #investasi,bbri
2026-02-25,Duit Asing Menggunung di Saham BBRI #saham #infosaham #investasi,bbri
2026-02-25,"hopefully bro.. keknya dalam waktu dekat, earnings nya bbri keluar.",bbri
2026-02-25,BFIN 20% BBRI 30% BBCA 50% Di tanya kenapa? Karena gua anak tukang tagih hehe,bbri
2026-02-25,Bbri apa kabar,bbri
2026-02-25,BBRI atau mandiri,bbri
2026-02-25,ayo balik ke BBRI hu,bbri
2026-02-25,"Halo kak, aku coba apply kartu debit BRI Barcelona via link http://bbri.id/brifcbarcelona.setelahdiakhirpengisianformulir,terdapatpesandatasedangdiproses.Akumenunggulebihdari1minggumasihtidakadaupdateterkaititu,kira2bagaimanayakak?@BANKBRI_ID@kontakBRI",bbri
2026-02-25,Invezgo Daily Report | 25 Feb 2026 Ringkasan pergerakan akhir hari: Top Foreign Accumulation: • RISE +8% | Rp3.240 • BBRI +3% | Rp3.970 • IMPC +-1% | Rp2.220 • SUPA +4% | Rp1.060 • BBCA +1% | Rp7.325 Top Foreign Distribution: • BUMI -1% | Rp270,bbri
2026-02-25,"$BBRI, Growth dividen tiap tahun ,ga pernah lengah .",bbri
2026-02-25,Bbri semoga dpt 40%,bbri
2026-02-25,Sp 26/2 : 1. buva hope auto bbri bbni bjbr ultj klbf soho asgr wifi excl heal adro elsa. 2. hatm. 3. issp eraa hrum medc.,bbri
2026-02-25,"Beginner mindset Just seeing RSI about to go overbought and already panicking. When actually waiting for session 2 to break through 3,950 #investorpemula #saham #BBRI",bbri
2026-02-25,"Kalau pegang saham seperti BBCA, BBRI menggunakan PT, tidak perlu invest 3 tahun ya kak?",bbri
2026-02-25,Harga Saham BBRI Naik Gara-gara Ini #saham #infosaham #investasi,bbri
2026-02-25,"BBRI Harga pasar (Februari 2026): sekitar Rp3.930 - Rp4.000. Nilai Intrinsik (Konservatif): Rp4.500 - Rp5.000. Kalau harga pasar (Rp3.930) lebih rendah dr nilai intrinsik (Rp5.000), maka saham BBRI ini dianggap undervalued dgn potensi kenaikan sekitar 25%.",bbri
2026-02-25,lumayan buat cicil BBRI,bbri
2026-02-25,• NRCA -5% | Rp725 • VISI -15% | Rp585 • KING -10% | Rp264 • PPRO 9% | Rp25 Top Ritel Accumulation: • BUMI +-1% | Rp270 • GOTO +-2% | Rp60 • DEWA +-1% | Rp555 • MBMA +-4% | Rp845 • BRMS +-3% | Rp980 Top Ritel Distribution: • BBRI 3% | Rp3.970,bbri
2026-02-25,"dari kisah $BIPI ini, kadang Gateeell beli tuh patut dituruti; jangan kelamaan nunggu konfirmasi segala Gilaaa aja ini hari aja nih, total transaksi di saham $BIPI aja 2.13 TRILIUN cok.. Mana ada lagi cuman Miliar. tuh bank $BBRI aja 1.04 T doang, ckckc cuman 1/2 nya $BIPI",bbri
2026-02-25,Kalo suruh milih yaa beliin BBRI saja,bbri
2026-02-25,"Jangan serakah nunggu BBRI tembus 4.000, sudah pasang TP di 3.950. Sport juga takut merah seperti kemaren, lagian mental melulu ga nahan liatnya Ambil dulu profit mungpun hijau +1,6% lumayan lah. #uangreceh #sahampemula",bbri
2026-02-25,Orang gila mana yg beli BBRI di avg 5000an,bbri
2026-02-25,King $BBRI is back! Breakout volume super huge + Foreign Buy Catalyst: M0 Money Growth -> Stimulus to SMEs / MSMEs? Dividend nearly 9% (at the lowest performance in the last 3 years) + Capital Gain at least 15% ya not bad.. Lets see what BBRIs price will be in 6,bbri
2026-02-25,"Update Screening Watchlist Indonesian Stocks: Wednesday, February 25, 2026 (Closing). I = UNTR, TLKM, ASII. II = BBRI, ADRO, ADMR, AADI, ISAT, ANTM. III = ARCI, HRTA, EXCL, KLBF, BBTN, PTBA, MAPI, PSAB, SUPA.",bbri
2026-02-25,200jt masukin BBRI lumayan udah dpt 20jt pertahun wkwk,bbri
2026-02-25,bbri soalnya habis collab ama barca,bbri
2026-02-25,Hijauy sekali BBRI hari iniiii,bbri
2026-02-25,"IHSG TECHNICAL VIEW (25/02/26) IHSG kemarin ditutup turun 1.37%, tapi disertai dengan net buy asing ~622 Miliar. Saham yang paling banyak dibeli asing adalah BMRI, TLKM, ASII, BBRI, dan UNTR.",bbri
2026-02-25,"Setelah digocek pas opening, akhirnya IHSG rebound dan ditutup hijau. Asing net buy Rp 1,56 triliun. Top value tak disangka-sangka: BIPI, ngalahin saudara kandungnya BUMI yg selalu dipuncak klasemen. Stock yg menarik hari ini: BUVA dan BBRI",bbri
2026-02-25,Bbri minggu depan main di atas 4000,bbri
2026-02-25,"IHSG Bangkit ke 8.322, Saham BBRI Jadi Penopang Utama Reli",bbri
2026-02-25,"IHSG Naik 0,5% ke Level 8.322 Ditopang Kinerja Saham BBRI",bbri
2026-02-25,"Stock Picks 25 Februari 2026 TLKM Spec Buy dengan support 3510, cut loss jika break di bawah 3440. Jika tidak break di bawah 3510, potensi naik ke 3650-3720 short term. Disclaimer: http://bit.ly/disclaimer-cgsiid#cgsi#cgsid#stockpicks#sobatgenvest#akuinvestorsaham",tlkm
2026-02-25,"TLKM (Telkom). Syariah compliant, blue chip pemerintah, yield forward ~7.4%, rutin bagi dividen tiap tahun & sektor telekom essential. Stabil banget buat all-in 100jt terakhir. Tapi ini bukan saran invest, DYOR dulu ya!",tlkm
2026-02-25,Analisis Harga Wajar TLKM -> APRIL 2026 versi youtube BY creator #analisissaham #TLKM,tlkm
2026-02-25,"IHSG TECHNICAL VIEW (25/02/26) IHSG kemarin ditutup turun 1.37%, tapi disertai dengan net buy asing ~622 Miliar. Saham yang paling banyak dibeli asing adalah BMRI, TLKM, ASII, BBRI, dan UNTR.",tlkm
2026-02-25,"Update Screening Watchlist Indonesian Stocks: Wednesday, February 25, 2026 (Closing). I = UNTR, TLKM, ASII. II = BBRI, ADRO, ADMR, AADI, ISAT, ANTM. III = ARCI, HRTA, EXCL, KLBF, BBTN, PTBA, MAPI, PSAB, SUPA.",tlkm
2026-02-25,"Phintraco Sekuritas merekomendasikan lima saham berpeluang cuan, yaitu BMRI, ADHI, PTPP, BRIS dan TLKM. . Tambahan aja, adhi kemarin masuk di screener yg aku buat kemarin yg triweek. Disclaimer On",tlkm
2026-02-25,"TLKM Mampu Jorjoran Investasi, ISAT dan EXCL Terdesak Utang",tlkm
2026-02-25,"Update Screening Watchlist Saham Indonesia : Rabu, 25 Februari 2026 (Closing). I = UNTR, TLKM, ASII. II = BBRI, ADRO, ADMR, AADI, ISAT, ANTM. III = ARCI, HRTA, EXCL, KLBF, BBTN, PTBA, MAPI, PSAB, SUPA.",isat
2026-02-26,Sobat BRI Super BRILink Agen hadir kembali sebagai bentuk apresiasi BRI bagi BRILink Agen dengan performa terbaik dan kontribusi aktif dalam memperluas layanan keuangan kepada masyarakat. Cek disini http://bbri.id/superbrilinkagen#BRILinkAgen,bbri
2026-02-26,Pemicu Anjloknya Saham BBRI dan BBCA #saham #infosaham #investasi,bbri
2026-02-26,Izin om Nyangkut PTBA : 4 thn Nyangkut HMSP : 8 thn Nyangkut DMAS : 8 thn Dan saya baru rencana mau bikin diri nyangkut BBCA dan BBRI minimal 3 thn sebagai syarat lapor reinvestasi juga,bbri
2026-02-26,"$BBRI cetak laba atribusi 2025 sebesar Rp56,65 triliun. Turun dari posisi tahun sebelumnya Rp59,94 triliun. Ditambah dengan non pengendali, laba BRI 2025 setara Rp57,13 triliun. Yg dibagi jadi patokan dividen adalah laba atribusi.",bbri
2026-02-26,amanin porto gw nih ril BBRI aja #AplikasiAjaib #saham,bbri
2026-02-26,Yang menarik bbri break ma200 dengan asing net buy terbesar kemarin lalu labanya turun lets see reaksi bbri hari ini $bbri,bbri
2026-02-26,Gila jg hasil dari cuan BBRI you,bbri
2026-02-26,"Laba BBRI masih termasuk konsisten, makanya rajin bagi dividen",bbri
2026-02-26,"Update Screening Watchlist Saham Indonesia : Kamis, 26 Februari 2026 (Closing). I = BBRI, ASII, SUPA, TLKM. II = BMRI, AADI, SIDO. III = MBMA, ENRG, PWON, PGAS, BBTN, MDKA, ITMG, INCO, TPIA.",bbri
2026-02-26,"CGS International Sekuritas Indonesia memberikan rekomendasi saham BBRI, ANTM, PSAB, INCO, ARCI dan ADMR untuk trading, Kamis (26/2/2026).",bbri
2026-02-26,"Rapor Keuangan BBRI 2025: Pendapatan Tembus Rp151,79 Triliun",bbri
2026-02-26,BBRI ada peningkatan bikin porto gw ijo #AplikasiAjaib #saham,bbri
2026-02-26,Laba BBRI Disorot #saham #infosaham #investasi,bbri
2026-02-26,"Siap-siap, BBRI Tebar Dividen Jumbo Tahun Buku 2025",bbri
2026-02-26,Bos BRI (BBRI) Ungkap Emas Jadi Mesin Pertumbuhan Baru,bbri
2026-02-26,BBRI be like tenang bestie aku angkat lagi portomu,bbri
2026-02-26,EQUITYWORLD FUTURES SEMARANG :Bos BRI (BBRI) Ungkap Emas Jadi Mesin Pertumbuhan Baru,bbri
2026-02-26,"Tidak heran kalau kedepannya saham Bank BUMN BBRI, BBNI, BMRI dan BBTN harganya bakalan turun terus .. @profesor_saham",bbri
2026-02-26,$EIDO ihsg berpeluang kembali ke level tertingginya dalam 5 hari (ma100) 8586 kelihatannya digendong BMRI BBRI TLKM dan maybe BBCA deh,bbri
2026-02-26,"BBRI 57.1 T rank 2nd place congratz BBCA. Asik beda tipis, tahun 2026 first month udah ada yang gas.. ditunggu FR eoy 2026 yaa",bbri
2026-02-26,"Review $IHSG first, okay. Dont just keep playing in the US, $BBNI, $BBRI",bbri
2026-02-26,"UPDATE Laba $BBRI 2025 turun 5,26% jadi Rp57,13 T meski kredit naik 12,67% (Rp1.517 T). Penurunan dipicu lonjakan beban cadangan (impairment) 20,8% di tengah kenaikan NII menjadi Rp150,5 T. Source: IDN Financials",bbri
2026-02-26,"BBCA dan BMRI menjadi big banks yang mencatatkan pertumbuhan laba bersih. Kenapa BBRI dan BBNI justru turun? Salah satunya karena Catatan Kerugian Penurunan Nilai (CKPN) yang membengkak, BBRI naik +20% dan BBNI naik +28% secara tahunan (YoY). cont.....",bbri
2026-02-26,"IHSG TECHNICAL VIEW (26/02/26) IHSG kemarin ditutup naik 0.5%, tapi disertai dengan net buy asing ~1.18 Tr. Saham yang paling banyak dibeli asing adalah BBRI, BBCA, UNTR, ADRO dan ASII.",bbri
2026-02-26,Invezgo Daily Report | 26 Feb 2026 Ringkasan pergerakan akhir hari: Top Foreign Accumulation: • NCKL +-6% | Rp1.445 • IMPC +-9% | Rp2.020 • BBRI +-1% | Rp3.950 • BUMI +-4% | Rp258 • CBDK +-3% | Rp5.650 Top Foreign Distribution: • BNBR 10% | Rp161,bbri
2026-02-26,BBRI,bbri
2026-02-26,Bbri.2025,bbri
2026-02-26,"super excited to see BBRI today, banking is truly the best #AplikasiAjaib #saham",bbri
2026-02-26,"BRI Cetak Laba Rp57,132 Triliun, Komitmen Dukung Asta Cita dan Fokus Perkuat Ekonomi Rakyat",bbri
2026-02-26,BRI (BBRI) Cetak Laba Rp57 T Sepanjang 2025 - Market,bbri
2026-02-26,"Stock Picks 26 Februari 2026 BBRI Spec Buy dengan support 3890, cut loss jika break di bawah 3810. Jika tidak break di bawah 3890, potensi naik ke 4050-4130 short term. Disclaimer: http://bit.ly/disclaimer-cgsiid#cgsi#cgsid#stockpicks#sobatgenvest#akuinvestorsaham",bbri
2026-02-26,"Saham terafiliasi langsung Danantara (BPI) mostly BUMN yg sahamnya diinbreng ke holding: BBRI, BMRI, BBNI, BBTN, TLKM, GIAA, KRAS, ADHI, WSKT, WIKA, PTPP, JSMR, SMGR, DNRK. Plus via MIND ID: ANTM, PTBA dll. Pertamina & PLN juga di ekosistemnya. Yg terkena sentimen: Saham BUMN",bbri
2026-02-26,Sdh beres yg beli sore.. Dapat uang jajan Bmri merah bbri ijo Bbri ijo bmri merah,bbri
2026-02-26,Bos BRI (BBRI) Beri Sinyal Besaran Dividen Tahun Ini Bakal Naik,bbri
2026-02-26,"PT Bank Rakyat Indonesia (Persero) Tbk (BBRI) berhasil mencatat laba bersih konsolidasi sebesar Rp57,13 triliun sepanjang tahun 2025, meskipun mengalami penurunan 5,26% dibandingkan Rp60,30 triliun pada 2024. Capaian ini diumumkan oleh Direktur Utama BRI Hery Gunardi dalam",bbri
2026-02-26,"Tekanan Pencadangan Tekan Laba, Manajemen BBRI Optimistis Kualitas Aset Membaik http://keuangan.kontan.co.id/news/tekanan-pencadangan-tekan-laba-manajemen-bbri-optimistis-kualitas-aset-membaik#BankRakyatIndonesia",bbri
2026-02-26,"Nabung DP properti kecil: kos-kosan 2–3 kamar di pinggiran Jakarta/Bandung (cicilan dari sewa) Beli saham bluechip dividen tinggi (BBCA, TLKM, UNVR dll) – target yield 3–5% + growth Mulai konten: YouTube/TikTok/IG tentang passion kalian – monetize lewat affiliate/adsense",tlkm
2026-02-26,Sp 27/2 : 1. indf tlkm ship cpin. 2. puri cleo toba. 3. bdmn.,tlkm
2026-02-26,TLKM pak,tlkm
2026-02-26,damn balik 1% wkwkwk ditarik pake bbca bren tlkm,tlkm
2026-02-26,"Sementara itu, Equity Research Analyst Phintraco Sekuritas Alrich Paskalis Tambolang merekomendasikan sejumlah saham pilihan yakni TOBA, ASII, INDF, SIDO, dan TLKM sebagai top picks perdagangan Jumat (27/2/2026). #rekomsaham #saham",tlkm
2026-02-26,"Saham terafiliasi langsung Danantara (BPI) mostly BUMN yg sahamnya diinbreng ke holding: BBRI, BMRI, BBNI, BBTN, TLKM, GIAA, KRAS, ADHI, WSKT, WIKA, PTPP, JSMR, SMGR, DNRK. Plus via MIND ID: ANTM, PTBA dll. Pertamina & PLN juga di ekosistemnya. Yg terkena sentimen: Saham BUMN",tlkm
2026-02-26,"Update Screening Watchlist Saham Indonesia : Kamis, 26 Februari 2026 (Closing). I = BBRI, ASII, SUPA, TLKM. II = BMRI, AADI, SIDO. III = MBMA, ENRG, PWON, PGAS, BBTN, MDKA, ITMG, INCO, TPIA.",tlkm
2026-02-26,$EIDO ihsg berpeluang kembali ke level tertingginya dalam 5 hari (ma100) 8586 kelihatannya digendong BMRI BBRI TLKM dan maybe BBCA deh,tlkm
2026-02-26,"IHSG -0,81% ke level 8.255,18 sesi I Kamis (26/2/2026). Sektor transportasi dan logistik -2,60%, barang konsumen non primer -1,99%, barang baku -1,77%, infrastruktur -1,68%, Kesehatan -1,45, dan energi -1,22%. IHSG terbebani pelemahan saham TLKM -1,67% bebani IHSG di -6,31 poin.",tlkm
2026-02-26,Sejumlah Reli Saham BUMN di Satu Tahun Danantara https://merdekanews.co/read/39643/Sejumlah-Reli-Saham-BUMN-di-Satu-Tahun-Danantara#BUMN#SahamBUMN#Danatara#KinerjaSahamBUMN#TLKM#WTON#BBTN#BBTN#TINS,tlkm
2026-02-26,#kafeinvestor awaits #dividend #bigbank top picks #bbca #bmri,bmri
2026-02-26,"BBCA dan BMRI menjadi big banks yang mencatatkan pertumbuhan laba bersih. Kenapa BBRI dan BBNI justru turun? Salah satunya karena Catatan Kerugian Penurunan Nilai (CKPN) yang membengkak, BBRI naik +20% dan BBNI naik +28% secara tahunan (YoY). cont.....",bmri
2026-02-26,saham bmri kira turun lagi ga ya harganya? mau pindah dari bbca ke bmri,bmri
2026-02-26,Beli TU mahal2 cuma dikasihnya beli BBCA BMRI sama Bonds,bmri
2026-02-26,"Update Screening Watchlist Saham Indonesia : Kamis, 26 Februari 2026 (Closing). I = BBRI, ASII, SUPA, TLKM. II = BMRI, AADI, SIDO. III = MBMA, ENRG, PWON, PGAS, BBTN, MDKA, ITMG, INCO, TPIA.",bmri
2026-02-26,"Nyangkut di BMRI hampir 2 tahun sempet minus hampir 30% dari avg awal, kemarin hampir kejemput di 5400an, eh dia sehari ijo sehari merah. Tapi lumayan udah dapet dividen",bmri
2026-02-26,"JAKARTA – PT Pelayaran Nasional Ekalya Purnamasari Tbk (ELPI) mendapatkan fasilitas kredit investasi (KI) dari PT Bank Mandiri (Persero) Tbk (BMRI) pada Selasa (24/2) kemarin, untuk pengadaan total 10 kapal. Baca selengkapnya: https://idnfin.id/a61660",bmri
2026-02-26,Dapatkan OPPO A6x 8GB/128GB dengan diskon Rp600 ribu* + cicilan 0% s.d. 18 bulan* pakai Mandiri Kartu Kredit di erafone atau eraspace! Berlaku s.d. 28 Maret 2026. *Info: http://bmri.id/oppoA6xBankMandiriberizindandiawasiolehOtoritasJasaKeuangandanBankIndonesia.,bmri
2026-02-26,"UPDATE $ELPI raih kredit Bank Mandiri $BMRI Rp395,2 M untuk pengadaan 10 kapal. Pinjaman ini didukung kontrak 18 tahun senilai Rp2,39 T dari Genting Group guna memperkuat segmen Offshore Support. Source: IDN Financials",bmri
2026-02-26,"Belanja baju baru di Uniqlo dan nikmati cashback s.d. Rp200 ribu* pakai Mandiri Kartu Kredit/Debit! Berlaku s.d. 5 Maret 2026. *Info: http://bmri.id/uniqloBankMandiriberizindandiawasiolehOtoritasJasaKeuangandanBankIndonesia,sertamerupakanpesertapenjaminanLPS.",bmri
2026-02-26,Pre-order Samsung Galaxy S26 Series di berbagai merchant pakai Mandiri Kartu Kredit dan nikmati cicilan mulai dari Rp1.3 juta* serta beragam benefit spesial! Berlaku s.d. 17 Maret 2026. *Info lengkap: http://bmri.id/nextgalaxysBankMandiriberizindandiawasiolehOtoritasJasa,bmri
2026-02-26,"Biar makin #BeraniBerinvestasi yuk update terus informasi terkini tentang investasi saham, Hubungi kami di Whatsapp Centre 0815-1074-8305 dan Call Centre 150330 atau kunjungi http://cgsi.co.idDisclaimer:http://bit.ly/disclaimer-cgsiid#CGSID#NgobrolinEmiten#BMRI",bmri
2026-02-26,"Nabung DP properti kecil: kos-kosan 2–3 kamar di pinggiran Jakarta/Bandung (cicilan dari sewa) Beli saham bluechip dividen tinggi (BBCA, TLKM, UNVR dll) – target yield 3–5% + growth Mulai konten: YouTube/TikTok/IG tentang passion kalian – monetize lewat affiliate/adsense",unvr
2026-02-26,"This morning, I tried uploading a PDF (UNVR financial report) to Claude in Excel. I asked it to try summarizing the key points. The result was like this.",unvr
2026-02-27,"Saham BBRI Disosor Terus, Harganya Bisa Mentok ke Sini https://investor.id/market/429979/saham-bbri-disosor-terus-harganya-bisa-mentok-ke-sinivia@InvestorID",bbri
2026-02-27,"BBRI udah bagi deviden, apa lepas aja jual rugi?",bbri
2026-02-27,"• INDF -4% | Rp6,450 • BBNI -1% | Rp4,400 • BBRI -1% | Rp3,910 • PTRO -3% | Rp6,125 Top BDM Accumulation: • INCO +11% | Rp7,900 • KLBF +2% | Rp1,100 • ICON +-4% | Rp130 • AYAM +1% | Rp376 • ENRG +9% | Rp1,760 Top BDM Distribution: • HOMI 2% | Rp322",bbri
2026-02-27,"Dari konten Felicia di IG/TikTok/YT, dia sering bahas & analisis positif saham jangka panjang kayak BBCA (BCA), BBRI (BRI), TOWR (Tower), plus kadang SIDO atau AAPL (Apple). Fokusnya edukasi ritel, bukan janji pompom instan—dia bahkan bikin video jelasin apa itu pompom. Tapi ya,",bbri
2026-02-27,Mana yg akan di pilih ortu di cewek untuk jodoh anaknya?? 1: lelaki kerja ASN pakai necis terhormat. 2: lelaki biasa saja kerja serabutan tapi punya portofolio BBRI 2 juta lembar di RDN nya,bbri
2026-02-27,Bulan Maret ini taruhan para sekuritas dengan trader sbb sekuritas mengeluarkan waran terstruktur BBRI di harga pelaksana Rp 3750/ lembar. Tantangan sekuritas adalah ex cume date dividen BBRI yg jatuh tempo di bulan Maret atau April. Ritel nanti berburu dividen BBRI,bbri
2026-02-27,"Saat sektor perbankan terkoreksi serempak, relative strength adalah kompas yang menyelamatkan keputusan. Pelemahan pada BBCA (-1,71% ke 7.175) dan BBNI (-1,35% ke 4.400) diikuti tekanan lebih moderat pada BBRI dan BMRI mencerminkan distribusi teknikal dengan pola gap down.",bbri
2026-02-27,"sama dengan lo beli saham bluechip misal BBRI nih ,mau harga BBRI berapapun lo ttp dapet dividen,dapet bunga. dan lo gak mikirin mau naik mau turun harganya bodo amat. karna lo tau yg lo beli itu jelas . soal floating ya semua pun gda yg konstan harga nya. YG TERPENTING ITU RWARD",bbri
2026-02-27,"Lapkeu BBRI 2025 keluar. Revenue +3.4% YoY jadi 271T. Tapi net income -5.8% → EPS ikut turun. 2021–2024 dividen selalu naik. Kalau 2025 mau naik, berarti payout ratio harus dinaikkan. Menurut kalian dividen 2025: naik, stagnan, atau turun?",bbri
2026-02-27,"JAKARTA – PT Bank Rakyat Indonesia (Persero) Tbk (BBRI) mencatat laba bersih konsolidasian sebesar Rp57,13 triliun sepanjang 2025. Baca selengkapnya: https://idnfin.id/a61682",bbri
2026-02-27,"Direktur Utama PT Bank Rakyat Indonesia (Persero) Tbk (BBRI), Hery Gunardi, baru-baru ini menegaskan bahwa komoditas emas menjadi sumber pertumbuhan bisnis baru bagi BRI.",bbri
2026-02-27,"BBRI 2021–2024 dividen naik terus, apakah realistis 2025 tetap naik kalau laba turun? Lumayan jg UI nya Tuntun",bbri
2026-02-27,kinerja keuangan BRI hingga akhir 2025 menunjukkan tren pertumbuhan yang positif dan berkelanjutan.Dukung Program Pemerintah #KomitmenBRIUntukNegeri https://antaranews.com/berita/5440362/bri-cetak-laba-rp57132-triliun-komitmen-perkuat-ekonomi-rakyat-%20https://www.merdeka.com/uang/bri-raup-laba-bersih-rp5713-triliun-hingga-triwulan-iv-2025-540777-mvk.html-%20https://kumparan.com/kumparanbisnis/bri-raup-laba-bersih-rp-57-13-triliun-pada-2025-kredit-tumbuh-12-3-persen-26u7mBJbZ36-%20https://www.idntimes.com/business/economy/bri-bukukan-laba-rp57-13-triliun-pada-2025-00-gshdq-j21jj8-%20https://www.suara.com/bisnis/2026/02/26/101639/tumbuh-double-digit-sepanjang-2025-bri-bukukan-laba-rp5713-triliun-%20https://www.tribunnews.com/bisnis/7796760/sepanjang-2025-laba-bersih-tembus-rp-5713-triliun-%20https://money.kompas.com/read/2026/02/26/120635126/bri-bukukan-laba-bersih-rp-5713-triliun-sepanjang-2025-%20https://www.cnbcindonesia.com/market/20260226061155-17-713982/breaking-bri-cetak-laba-rp-5713-triliun-sepanjang-2025-%20https://ekbis.sindonews.com/read/1681213/178/bri-cetak-laba-rp57132-triliun-komitmen-dukung-asta-cita-dan-perkuat-ekonomi-rakyat-1772110923-%20https://infobanknews.com/bri-cetak-laba-rp5713-triliun-sepanjang-2025/-%20https://swa.co.id/read/469826/bri-cetak-laba-bersih-rp5713-triliun-di-2025-%20https://rm.id/baca-berita/ekonomi-bisnis/302191/bri-cetak-laba-rp57132-t-dukung-asta-cita-pemeritah-perkuat-ekonomi-rakyat-%20https://www.tvonenews.com/ekonomi/419343-bri-cetak-laba-rp57132-triliun-di-2025-kur-dan-transformasi-digital-jadi-motor-kinerja-solid-%20https://www.inews.id/finance/bisnis/bri-cetak-laba-rp57132-triliun-sepanjang-2025-komitmen-dukung-asta-cita-pemerintah-%20https://www.metrotvnews.com/read/KdZCAV98-avian-cetak-laba-bersih-rp1-7-triliun-di-2025-%20https://wartaekonomi.co.id/amp/read602382/bri-cetak-laba-rp5713-triliun-sepanjang-2025-kredit-tumbuh-dua-digit-%20https://tirto.id/bri-bukukan-laba-rp5713-triliun-sepanjang-2025-hrB4-%20https://www.idnfinancials.com/id/news/61682/bbri-cetak-laba-bersih-rp57-13-triliun-sepanjang-2025-%20https://investortrust.id/market/95519/bri-bbri-bukukan-laba-rp-57-13-triliun-di-2025-kredit-capai-rp-1521-49-triliun-%20https://www.idxchannel.com/banking/bri-cetak-laba-rp57132-triliun-komitmen-dukung-asta-cita-dan-fokus-perkuat-ekonomi-rakyat,bbri
2026-02-27,"Aku gak demen gamble serok saham gorengan, mending BBRI dpt dividen 9% per tahun, ntik jg pas split stok & harganya naik, bikin seneng",bbri
2026-02-27,"Haha, Ive been stuck with BMRI and BBRI for 3 years already. Yesterday during trading halt, I averaged down on BMRI, even though its still in the red, though.",bbri
2026-02-27,"BBRI average 3600 langsung +9,72% ini entry kepake banget sih #aplikasiajaib #bbri #trader",bbri
2026-02-27,Kaga bakalan turun ..4500 up tuch bbri sebelum dev,bbri
2026-02-27,#kafeinvestor estimasi #dividen #ASII 292/shares #BBRI 353.4/shares,bbri
2026-02-27,Bbri,bbri
2026-02-27,Menjelang THR bakal pada merah nggak ini min? TLKM ASII ICBP masih potensial kan,icbp
2026-02-27,"Stock Picks 27 February 2026 TLKM Spec Buy with support at 3580, cut loss if breaks below 3510. If it doesnt break below 3580, potential rise to 3720-3790 short term. Disclaimer: http://bit.ly/disclaimer-cgsiid#cgsi#cgsid#stockpicks#sobatgenvest#akuinvestorsaham",tlkm
2026-02-27,"Gue kerja di tlkm lumayan lama, 5 tahunan. Hari ini ada 7 orang yang pensiun, termasuk atasan gue dulu. Gue liat stories temen-temen aja ni hari melow dan nangis mulu. Cuma bisa ngucapin by chat dan videocall aja beberapa. Lemah bgt emg gue kalo soal orang tua pensiun",tlkm
2026-02-27,Menjelang THR bakal pada merah nggak ini min? TLKM ASII ICBP masih potensial kan,tlkm
2026-02-27,"Stock Picks 27 Februari 2026 TLKM Spec Buy dengan support 3580, cut loss jika break di bawah 3510. Jika tidak break di bawah 3580, potensi naik ke 3720-3790 short term. Disclaimer: http://bit.ly/disclaimer-cgsiid#cgsi#cgsid#stockpicks#sobatgenvest#akuinvestorsaham",tlkm
2026-02-27,"Yuk, pakai Livin’ by Mandiri! Download di sini https://bmri.id/reflivin?af_adset=MGMAN6PV3Y&deep_link_sub1=null&deep_link_sub2=MGMAN6PV3YJanganlupapakaikodereferral-ku:MGMAN6PV3YFAQ:http://bmri.id/livinmgmBankMandiriberizindandiawasiolehOtoritasJasaKeuangan(OJK)danBankIndonesia,sertamerupakanpesertapenjaminanLPS",bmri
2026-02-27,"ASTRO PAYDAY ALERT! Udah gajian saatnya check out dan dapatkan diskon belanja di Astro sebesar Rp15 ribu* pakai Mandiri Debit Visa! Yuk, manfaatkan promonya tiap tanggal 25-3 hingga 3 Maret 2026! *Info lengkap: http://bmri.id/AstroDebitPaydayBankMandiriberizindandiawasi",bmri
2026-02-27,hal yang pengen gw lakuin pas punya uang 100M (Selain Umroh Sekeluarga) : 1. investasi 20% rdpu 20% emas 5% saham adro 5% saham bmri 2. beli rumah cash 3. les renang 4. les piano 5. travelling 6. pake behel 7. les ice skating,bmri
2026-02-27,"Saat sektor perbankan terkoreksi serempak, relative strength adalah kompas yang menyelamatkan keputusan. Pelemahan pada BBCA (-1,71% ke 7.175) dan BBNI (-1,35% ke 4.400) diikuti tekanan lebih moderat pada BBRI dan BMRI mencerminkan distribusi teknikal dengan pola gap down.",bmri
2026-02-27,"Haha aku udh nyangkut di BMRI sama BBRI 3 taun, kamarin pas trading Halt sempet AVD BMRI ya walaupun masih minus sih",bmri
2026-02-27,"Langkah pertama investasi, bonus menanti. Raih Bonus 100 Lembar Saham BMRI* khusus nasabah baru yang pertama kali membuka RDN dan melakukan deposit melalui fitur Livin’ Investasi di Livin’ by Mandiri! Berlaku hingga 31 Maret 2026. Yuk, hargai momen investasi pertama",bmri
2026-02-27,td pas buka rek gw overshare ke cs kalo pernah magang di bmri trs ktny jd ad rencana mw kerja di bmri dek? gosa la y dah tau kan kekmana,bmri
2026-02-27,"Dapatkan diskon Rp10 ribu* dengan pembayaran menggunakan Mandiri Debit Visa di KLIK Indomaret. Berlaku s.d. 20 Maret 2026. *Info: http://bmri.id/klikidmramadanBankMandiriberizindandiawasiolehOtoritasJasaKeuangandanBankIndonesia,sertamerupakanpesertapenjaminanLPS.",bmri
2026-02-27,"Kelompok masyarakat menengah ke atas atau orang kaya Indonesia mulai melirik emas dan menyimpannya di safe deposit box sejak 2023 lalu. Hal ini diungkapkan oleh Chief Economist PT Bank Mandiri (Persero) Tbk. (BMRI), Andry Asmoro di sela Buka Bersama di Jakarta, Rabu (25/2/2026).",bmri
2026-02-27,"Stock Picks 27 Februari 2026 BMRI Spec Buy dengan support 5225, cut loss jika break di bawah 5125. Jika tidak break di bawah 5225, potensi naik ke 5425-5525 short term. Disclaimer: http://bit.ly/disclaimer-cgsiid#cgsi#cgsid#stockpicks#sobatgenvest#akuinvestorsaham",bmri
2026-03-01,"BRI (BBRI) Lanjutkan Obligasi Sosial Rp5 T, Target Total Rp20 T",bbri
2026-03-01,"BRI (BBRI) January 2026: Credit Jumps, Profits Leap 85.4% #saham #infosaham #investasi",bbri
2026-03-01,"Berencana Kerek Besaran Dividen, BRI (BBRI) Gelar RUPS April",bbri
2026-03-01,BBCA : 7.800 (Long term) BMRI : 4.400 (Long term) BBRI : 3.880 (Long term) GGRM : 12.450 → Just TP Left HMSP : 740 → Just TP Left CPIN : 4.840 → Loss CDIA : 1.830 → Loss CUAN : 2.330 → Loss,bbri
2026-03-01,BBRI pak,bbri
2026-03-01,"Bro, sesuai blueprint Dalio di late cycle (risiko devaluasi tinggi), saran emiten lokal IDX: tilt ke tangible asset anti-inflasi seperti nikel (INCO, MDKA), CPO/komoditas (AALI, LSIP), atau bank stabil (BBRI, BMRI). Diversifikasi 40-60% ke sektor ini + emas/properti. Bukan",bbri
2026-03-01,Gue megang bbri mohon kerjasamanya,bbri
2026-03-01,"Saham BBRI sekarang ini mahal, harga terbaik saat entry adalah 3.600",bbri
2026-03-01,bank apa aja bang? BBRI BMRI BBNI Trus? BBCA?,bbri
2026-03-01,BBRI BOTTOM $BBRI #SAHAM,bbri
2026-03-01,justru saham bank menurutku lagi undervalue semua bayangin lu bisa beli saham bbca bbri bmri bbni setara harga 2021-2022,bbri
2026-03-01,"Any banks, bro? BBRI BMRI BBNI Then? BBCA?",bbri
2026-03-01,"Outlook Moodys negatif bikin bank lesu, tapi ekonomi Indo stabil kok. Sektor bagus sekarang: FMCG/consumer (KLBF, ICBP, Indofood) krn konsumsi domestik kuat + spending pemerintah. Tambang/basic materials (ANTM, INKP) juga oke gara-gara harga emas & copper naik plus",icbp
2026-03-01,Pasti pengguna tlkm,tlkm
2026-03-01,https://google.com/search?q=goto+grab+merger&oq=goto+grab&gs_lcrp=EgZjaHJvbWUqBwgBEAAYgAQyCQgAEEUYORiABDIHCAEQABiABDILCAIQABgKGAsYgAQyCwgDEAAYChgLGIAEMgsIBBAAGAoYCxiABDILCAUQABgKGAsYgAQyCwgGEAAYChgLGIAEMgsIBxAAGAoYCxiABDILCAgQABgKGAsYgAQyCwgJEAAYChgLGIAEMgsIChAAGAoYCxiABDILCAsQABgKGAsYgAQyCwgMEAAYChgLGIAEMgcIDRAAGIAEMgcIDhAAGIAE0gEINTI0OGowajSoAgmwAgHxBTImNhElpIuh&client=ms-android-vivo-rvo2&sourceid=chrome-mobile&ie=UTF-8#lfId=ChxjMehostiletakeover:ketakpastian:tlkm&goto&grab&danantara:2026:,tlkm
2026-03-01,"Beberapa saran saham syariah dengan dividen oke & stabil: BRIS (Bank Syariah Indonesia, market leader), TLKM (Telkom, cashflow kuat), UNVR (Unilever, consumer defensif). Cek JII/ISSI & fundamental terkini dulu ya, bukan saran invest. Semoga mahar berkah, nikah lancar!",tlkm
2026-03-01,Nih tlkm lagi jelek kah jaringan nya?,tlkm
2026-03-01,"If for the dowry, try to stick to sharia-compliant ones only, sis Theres PTBA, ADRO, ASII, ANTM, ARCI, TLKM also fine",tlkm
2026-03-01,Emng tlkm aja yg mahal,tlkm
2026-03-01,Saham UNVR Menuju Batas Atas #saham #infosaham #investasi,unvr
2026-03-01,"Beberapa saran saham syariah dengan dividen oke & stabil: BRIS (Bank Syariah Indonesia, market leader), TLKM (Telkom, cashflow kuat), UNVR (Unilever, consumer defensif). Cek JII/ISSI & fundamental terkini dulu ya, bukan saran invest. Semoga mahar berkah, nikah lancar!",unvr
2026-03-01,"$UNVR, $ANTM lebih wah di masyarakat yg belum paham persahaman Kalo mau ekstrem $GIAA juga bagus, dapet wah nya",unvr
2026-03-02,"10 Saham Diborong Investor Asing dalam Sepekan, BBRI Terbesar",bbri
2026-03-02,Sobat BRI Rencanakan perjalanan mudik kamu lebih mudah dengan pembelian tiket kapal PELNI melalui BRILink Agen terdekat. Jadi semakin Praktis dan dekat dari rumahmu. Cek disini http://bbri.id/tiketpelni#BRILinkAgen#MelayaniSepenuhHati,bbri
2026-03-02,"Kondisi IHSG per siang ini. Ayo siapa xobat loss yang uda cut loss? Saham saham big bank juga koreksi BBCA BBTN BBRI. Yang naik saham saham oil and gas, coal, shipping.",bbri
2026-03-02,"IHSG TECHNICAL VIEW (2/03/26) IHSG Jumat kemarin ditutup sideways di 8235, disertai dengan net sell asing ~802 Bn. Saham yang paling banyak dijual asing adalah BBCA, INDF, BBNI, BBRI, dan PTRO.",bbri
2026-03-02,"==Berapa Perkiraan Dividen BBRI== “Mempertimbangkan kondisi tersebut, seyogyanya kami memiliki ruang untuk memberikan dividen dengan payout ratio yang lebih tinggi dibandingkan dengan level histori yang selama ini ada” - Dirut BRI, 26 Feb 2026 Dividend Payout Ratio tahun lalu",bbri
2026-03-02,"Why not choose BMRI or BBRI which have higher yields, bro?",bbri
2026-03-02,$BBRI Still moving within the channel since 12 months ago,bbri
2026-03-02,Iya nih udah semangat mau serok malah segitu doang. Jadi gak seru. Berharap BBRI ke 3500 sama BBCA ke 6500 minimal... #ngarepdotcom,bbri
2026-03-02,"Holder sabar pahalanya manis, jangan gampang panik cuma gara2 koreksi. BBRI model gini emang buat ditahan, bukan trading harian.",bbri
2026-03-02,kalau bbri terserah deh~,bbri
2026-03-02,"RUPS BRI Digelar 10 April 2026, Pemegang Saham BBRI Berpeluang Dapat Dividen Lebih Tinggi",bbri
2026-03-02,tlkm lama-lama kaya eek,tlkm
2026-03-02,"tlkm, biar barengan nyangkut",tlkm
2026-03-02,"Saham defensif buat jaga porto kalau IHSG koreksi dalem gara-gara geopolitik: fokus consumer staples & healthcare yang demand-nya stabil. Rekom: - HMSP (rokok, cashflow kuat) - KLBF (farmasi) - TLKM (telekom esensial) - UNVR (konsumer harian) Buy on dip kalau valuasi murah +",tlkm
2026-03-02,anjir aku punya $TLKM wkwk didoain masuk neraka kh,tlkm
2026-03-02,gweh mw jual hasil kebodohan dulu beli tlkm tapi ga bisa2 login fakla,tlkm
2026-03-02,"makasih sarannya, kebetulan emang pegang AADI, ITMG sama BMRI, modal dikit cuma 100 juta tapi return lebih gede drpd BBCA yang katanya dividennya gede itu",bmri
2026-03-02,"bandingin saja dividend yieldnya antara bbca sama bmri jangan nyenggol modal, kalau modalnya sama gedenya masih gedean mana untungnya antara bbca sama bmri? yang dibahas itu div yield bukan modal, apa susahnya mengakui kalau 4% itu emang kecil",bmri
2026-03-02,"kenapa out of topic? bandingin saja dividend yieldnya antara bbca sama bmri jangan nyenggol modal, kalau modalnya sama gedenya masih gedean mana untungnya antara bbca sama bmri? yang dibahas itu div yield bukan modal",bmri
2026-03-02,"Pre-order Samsung Galaxy S26 Series di berbagai merchant pakai Mandiri Kartu Kredit dan nikmati cicilan mulai dari Rp1,3 juta* serta beragam benefit spesial! Berlaku s.d. 17 Maret 2026. *Info lengkap: http://bmri.id/nextgalaxysBankMandiriberizindandiawasiolehOtoritasJasa",bmri
2026-03-02,"emang termasuk kecil kok di kelasnya, gw pernah beli bbca 60jt an dapet dividen cuma sekitar 1,7 gitu, kalo beli bmri bisa dapet 3-4jt kalo gk salah.",bmri
2026-03-02,"itu loh ada BMRI, BBCA, PTBA, HEXA, ADMF, DLTA, ITMG, BSSR.",bmri
2026-03-02,"Nikmati diskon s.d. Rp500 ribu* di Shopee pakai Mandiri Kartu Kredit/Debit & Mandiri Virtual Account! Berlaku s.d. 22 Maret 2026. *Info: http://bmri.id/RamadanSHOPEEBankMandiriberizindandiawasiolehOtoritasJasaKeuangandanBankIndonesia,sertamerupakanpesertapenjaminan",bmri
2026-03-02,"Nikmati diskon s.d. 90%* dan bonus e-Coupon hingga Rp500 ribu* menggunakan Mandiri Kartu Kredit. Soehana Hall & Jasmine Room, The Energy Building. 2-5 Maret 2026. *Info: http://bmri.id/RamadanBzrReg5BankMandiriberizindandiawasiolehOtoritasJasaKeuangandanBank",bmri
2026-03-02,Saatnya cobain menu di Kaneko Hannosuke dan dapatkan diskon 20%* dengan transaksi pakai Mandiri Kartu Kredit! Promo berlaku s.d. 31 Maret 2026. *Info: http://bmri.id/KanekoHannosukeBankMandiriberizindandiawasiolehOtoritasJasaKeuangandanBankIndonesia.#MandiriKartuKredit,bmri
2026-03-02,"Nikmati cashback s.d. Rp200 ribu* di UNIQLO pakai Mandiri Kartu Kredit/Debit! Berlaku s.d. 5 Maret 2026. *Info: http://bmri.id/uniqloBankMandiriberizindandiawasiolehOtoritasJasaKeuangandanBankIndonesia,sertamerupakanpesertapenjaminanLPS.#MandiriKartuKredit",bmri
2026-03-02,"Ya Allah, semoga BMRI bisa kembali turun ke level harga 4.000, agar orang2 yang mau berinvestasi di Saham ini bisa mendapatkan harga yang murah untuk kehidupan mereka nanti 10-20 tahun yang akan datang. Ya Robb, kalau misal mau diturunkan sampai level 3.500, ALHAMDULILLAH.",bmri
2026-03-02,"Nikmati harga spesial 2 Snow Boy hanya Rp80 ribu* pakai QR Bayar Livin’ by Mandiri! Berlaku s.d. 31 Maret 2026. *Info: http://bmri.id/LivinRamadanBaskinBankMandiriberizindandiawasiolehOtoritasJasaKeuangandanBankIndonesia,sertamerupakanpesertapenjaminanLPS.#LivinQRBayar",bmri
2026-03-02,"Nikmati cashback Rp30 ribu* di Guardian pakai QR Bayar di Livin’ by Mandiri, berlaku s.d. 29 Maret 2026! *Info: http://bmri.id/GuardianrmdnBankMandiriberizindandiawasiolehOtoritasJasaKeuangandanBankIndonesia,sertamerupakanpesertapenjaminanLPS.#FOMORamadan",bmri
2026-03-02,hay allah,unvr
2026-03-02,"Saham defensif buat jaga porto kalau IHSG koreksi dalem gara-gara geopolitik: fokus consumer staples & healthcare yang demand-nya stabil. Rekom: - HMSP (rokok, cashflow kuat) - KLBF (farmasi) - TLKM (telekom esensial) - UNVR (konsumer harian) Buy on dip kalau valuasi murah +",unvr
2026-03-03,"Minat asing terhadap saham BBRI dan BMRI masih tinggi, net buy bahkan berlipat ganda pekan ini. Lantas, saham apa yang paling banyak ditinggal asing? Simak detailnya. #Beritasaham #netbuy #BEI #ihsg #IDNFinancials",bbri
2026-03-03,"3. BMRI BMRIs condition is exactly like BBRIs; Danantara does not appear RTI Data Free Float 39.83% Data >1% Danantara 51% + INA 8% = 59% The rest is Free Float, meaning 41% Based on multiples of 5%, both RTI and data >1% show FIF 40%, so there is no change",bbri
2026-03-03,"2. BBRI RTI Version Free Float 46.15% Data >1%, strangely the name Danantara Asset Management is missing, instead what appears is Indonesia Investment Authority (INA), the Sovereign Wealth Fund established during Pak Jokowis era which has been merged into Danantara in the OT",bbri
2026-03-03,"BBRI turun bukan karena 12,3 juta nasabah mereka tiba-tiba pergi. BMRI gap down 2 Maret bukan karena kredit mereka tiba-tiba macet. Pasar salah harga setiap saat. Tapi tidak semua orang tahu kapan itu terjadi dan ke arah mana.",bbri
2026-03-03,BBRI kalau 10 lot masuk ga prof,bbri
2026-03-03,Tabel BBRI >1% Februari 2026,bbri
2026-03-03,Bmri jarang bearish nyesel nggk beli ini aja ya kenapa beli bbri mana devidennya gede lagi pengen masuk diharga 4000 orang sahamnya bullish mulu,bbri
2026-03-03,"PT Bank Rakyat Indonesia Tbk (BBRI) mencatat laba bersih sebesar Rp3,72 triliun pada Januari 2026, naik 85,39% secara tahunan dari Rp2 triliun di Januari 2025.",bbri
2026-03-03,"PT Bank Rakyat Indonesia (Persero) Tbk (BBRI) menutup tahun 2025 dengan kinerja solid di tengah perlambatan ekonomi global. BBRI membukukan laba bersih sebesar Rp57,132 triliun hingga akhir triwulan IV-2025. Capaian ini ditopang oleh pertumbuhan kredit, struktur pendanaan yang",bbri
2026-03-03,"Tiga hal terjadi bersamaan minggu ini: • Asing rotasi keluar dari finansial, masuk ke komoditas. • Geopolitik Iran-AS bikin risk appetite global turun. • Ekspektasi BI rate cut menekan ekspektasi NIM bank. Tidak ada hubungannya dengan kualitas bisnis BBCA atau BBRI.",bbri
2026-03-03,"Kalau dikasih kesempatan buat kembali ke 10 tahun yang lalu mau kasih tau sama diri sendiri beli EMAS yang banyaakk , beli saham bbri bmri bbni bbca , gausah simpen duit di deposito wkwk",bbri
2026-03-03,"Lihat fundamentalnya: BBCA: ROE 25%, NPL 1,5%, kredit tumbuh 7,7% BBRI: ROE 20%, NPL 3%, kredit tumbuh 12,3% BBNI: ROE 15%, NPL 2,5%, kredit tumbuh 15,9% BMRI: ROE 18%, NPL 2%, kredit tumbuh 13,4% Tidak ada yang berubah dari Q4 2025. Tapi harganya tetap turun.",bbri
2026-03-03,"Pgn beli bbri njir kyknya habis ini bagi deviden, tp gaada duit",bbri
2026-03-03,"Bbri kecekek gini, 2 hari turun 140 an poin....",bbri
2026-03-03,Tenang masih ada $BBCA $BBNI $BBRI kak,bbri
2026-03-03,"Yg BBRI ga akurat? Mestinya danantara ada megang 52%, tapi di sini ga ada",bbri
2026-03-03,"kalo aku lagi beli bmri, nungguin bbni, sama bbri turun",bbri
2026-03-03,"Alright, guess so, looks like every afternoon Ill update on stocks to have some different content ideas, for starters Ill give todays market summary yeah IHSG closed down 77 pts to 7,939. Foreign net sell Rp 3.45T Top Net Buy Foreign: BMRI, PTBA Top Net Sell Foreign",bbri
2026-03-03,Ada berita apa koh bbri?,bbri
2026-03-03,BBRI itu apa cing?,bbri
2026-03-03,BRI atau BBRI nih?,bbri
2026-03-03,Saham BBRI Anjlok Gara-gara Ini #saham #infosaham #investasi,bbri
2026-03-03,Kapan nikah? Kerja dmn? Udh hamil blm? Anaknya ada brp? sekali nanya minimal 10lot BBCA/BMRI/BBRI,bbri
2026-03-03,aduh ketahuan gw punya 1% BBRI,bbri
2026-03-03,Saham BBRI 5000lot,bbri
2026-03-03,Besok kalau buka buka halt jgn lupa kali ini bbri bisa 8 kali ar kiri,bbri
2026-03-03,"Investor asing kembali membeli saham BBRI, BMRI, dan ASII di pasar saham Indonesia, menunjukkan pemulihan minat modal global setelah tekanan awal tahun.",bbri
2026-03-03,"Buy 10 lots of ICBP stock, 10 million of it for me to put in RDPU and RDPO, the rest for me as house down payment",icbp
2026-03-03,"Indofood, ACA, ICBP, Salim Chemicals di Bank Mega Apakah mengkonfirmasi isu dahulu bhw CT di-backup Salim?",icbp
2026-03-03,Tabel >1% TLKM Februari 2026,tlkm
2026-03-03,"Saham TLKM dan BBCA Rebound, Dorong IHSG Menguat 1%",tlkm
2026-03-03,"4. TLKM Same issue, Danantara name does not appear RTI Data Free Float 47.79% Data>1% Danantara 51.55, RI Government 0.52, IB 4.85, OT 1.04 total 57.96 remainder Free float same as 42.04% Currently TLKM 50%, if 47.79% FIF to 47.5% Meanwhile 42.04% FIF to 42.5% For ownership",tlkm
2026-03-03,Djarum Group melalui PT Savoria Kreasi Rasa resmi menuntaskan pembayaran akuisisi bisnis SariWangi dari PT Unilever Indonesia Tbk (UNVR). #UnileverIndonesia #DjarumGroup #SariWangi,unvr
2026-03-03,"IHSG Ditutup Melemah ke 7.939,7 Hari Ini (3/3), Top Losers LQ45: UNVR, MDKA, AMMN http://investasi.kontan.co.id/news/ihsg-ditutup-melemah-ke-79397-hari-ini-33-top-losers-lq45-unvr-mdka-ammn#IHSG",unvr
2026-03-04,"ASING BELI BUMI, 114.6 miliar PTRO, 87.3 miliar PTBA, 72.4 miliar BRPT, 72.2 miliar DEWA, 67.4 miliar ASING JUAL BBCA, 573.4 miliar BBNI, 178.6 miliar ANTM, 94.7 miliar AMMN, 80.4 miliar BBRI, 65.3 miliar",bbri
2026-03-04,"IHSG Longsor, BUMI, BMRI, BBRI Anjlok #saham #infosaham #investasi",bbri
2026-03-04,Saham BBCA dan BBRI Cs Anjlok Gegara Ini #saham #infosaham #investasi,bbri
2026-03-04,PT Bank Rakyat Indonesia (Persero) Tbk (BBRI) membuka peluang peningkatan rasio pembagian dividen (dividend payout ratio) untuk tahun buku 2025. Keputusan final terkait besaran dividen akan ditetapkan melalui Rapat Umum Pemegang Saham (RUPS) yang dijadwalkan berlangsung pada 10,bbri
2026-03-04,[09:16:33] $BBRI - SELL Rp. 2.046.154.000 (5.471 lots @ Rp3.740) [09:18:27] $INCO - SELL Rp. 2.470.440.000 (3.633 lots @ Rp6.800) [09:19:35] $BMRI - SELL Rp. 5.172.135.000 (10.365 lots @ Rp4.990) DYOR!,bbri
2026-03-04,"Bank Rakyat Indonesia (BBRI) mencatatkan lonjakan laba bersih sebesar 85,39% secara tahunan pada Januari 2026, mencapai Rp3,72 triliun dari Rp2,00 triliun di periode yang sama tahun sebelumnya. Peningkatan ini didorong oleh pertumbuhan kredit hingga 12% dan pendapatan bunga yang",bbri
2026-03-04,Bbri 3000 baru aku kepincut,bbri
2026-03-04,$BBCA $BBRI $BMRI Lah kirain Fudamental nyatanya kena mental,bbri
2026-03-04,mantengin BBRI sama BBCA sampe siap diserok,bbri
2026-03-04,"Hi BRI Buddy, we sincerely hope that BRI Buddy does not close the card so that you can enjoy a variety of exciting promotions using the credit card, which can be checked via http://bbri.id/promoccbri.PleaseletusknowthereasonforapplyingtoclosetheBRICreditCard?Get",bbri
2026-03-04,"Feeling down, bro, and suffocated. Even going out and about doesnt feel enjoyable anymore, brooo.",bbri
2026-03-04,bmri bbri udh kasih dividen desember kan?,bbri
2026-03-04,"Update dividend yield saham perbankan BBNI 8,32% BBRI 8,54% BBTN 4,88% BMRI 9,46%",bbri
2026-03-04,"BREAKING: BBCA shares fall back to 6,950 (-1.77%) and drop below the psychological level of 7,000. Big banks are uniformly red today: BBNI -2.79% BMRI -2.75% BBRI -1.59% A tough day for the banking sector.",bbri
2026-03-04,ada yang bisa menjelaskan kenapa danantara ga muncul di data kepemilikan > 1% seperti di bbri?,bbri
2026-03-04,punya BBRI & BMRI. apakah sudah waktunya tambah BBTN & BBNI juga?,bbri
2026-03-04,"$BBRI will follow, See youu...",bbri
2026-03-04,Bbri harus u potong 130,bbri
2026-03-04,"ini aku pake yield tahun 2025 ya. ini hitungan dividen pertahun: 1. BMRI (10.59%) est. 470 jutaan 2. BBNI (8,78%) est. 430 jutaan 3. BBRI (8,13%) est. 365 jutaan 4. BBCA (3,85%) est. 170 jutaan kalo dirata-rata yaa bisa 350-400 jutaan pertahun",bbri
2026-03-04,Kira-kira berani nyerok bbri pas nyentuh berapa ya?,bbri
2026-03-04,Bbri hu hehe,bbri
2026-03-04,lebih milih bbri/bmri min.. dividen lebih gede.. bbca udah gk kayak dulu,bbri
2026-03-04,"dr jkse > dah pertanda gw tar lg masuk, tapi pengennya di http://6.xxx.bbri>otw3kpleaseeeBTC>entahholdornotygpastidahpasangstoplossotomatis.",bbri
2026-03-04,Bbri mulai mantul keknya kak,bbri
2026-03-04,Danantara in $BBRI per January 2026,bbri
2026-03-04,"In this economy, nabung rutin BBRI jadi jalan ninjaku 5lot setiap gajian semoga bisa modal trip jalur deviden.",bbri
2026-03-04,"Kesalahan kedua: panic selling saat koreksi. 2-3 Maret 2026 IHSG anjlok 2,66%. Ritel dump BBCA, BBRI, BMRI secara massal. Net sell ritel: Rp1,2 triliun. Net buy asing: Rp800 miliar. ROE ketiganya di atas 18%. Kredit tumbuh double digit. Tidak ada yang berubah dari bisnisnya.",bbri
2026-03-04,Yup Pertimbangan saya bbri bln 12 sdh kasih dev 130 perak Bbni belum Jd saya tuker saja dengan nilai yg sama,bbri
2026-03-04,BBNI dan BBTN belum membagikan dividen apa pun di 2026 (jadwalnya baru April 2026). BBRI sudah bayar interim Rp137/saham (15 Jan 2026). BMRI sudah bayar interim Rp100/saham (14 Jan 2026). Data per 4 Maret 2026.,bbri
2026-03-04,"$BBRI Alright, lets start with blue-chip stocks first, yeah guys, lets check out BBRI, Indonesias beloved bank (I think). Alright, if we look at the stock chart like this, its better if we focus on the bigger timeframe, yeah guys, especially with a big dump like right",bbri
2026-03-04,Udah bisa mulai nyicil nih. Ikutin aja tiap merah beli beberapa lot. Tunggu sampe akhir tahun. Tahun lalu saya serok BBRI di 3600an jual pas 4000an lumayan dapat belasan persen.. low risk tapi bsa dapat 3 kali SBN..,bbri
2026-03-04,"serok BBRI, bakal bagi bagi dividen tinggi nanti bulan April",bbri
2026-03-04,Beberapa waktu lalu liat reksa bbri naik abis itu ga pernah diliat2 lha kok hari ini longsor,bbri
2026-03-04,siap2 serok BBRI guys.. aku msh nunggu BCA turun lagi,bbri
2026-03-04,Tuker pemain jual bbri yg cuan masuk bbni,bbri
2026-03-04,3600 BBRI abis itu mantul,bbri
2026-03-04,"nunggu $bbri di 3500, $bbca di 6500 yuk bisaa yuk",bbri
2026-03-04,bbri segitu gitu aja dari tahun lalu,bbri
2026-03-04,"IHSG TECHNICAL VIEW (4/03/26) IHSG kemarin ditutup turun 0.96%, disertai dengan net sell asing ~1.17 Tr. Saham yang paling banyak dijual asing adalah ANTM, BBRI, AADI, MDKA dan INCO.",bbri
2026-03-04,"Dividen Bank Himbara 2026 $BBRI $BMRI punya kinerja bagus, dividen payout ratio tinggi, yield tinggi tapi resiko kena dividen trap juga besar kalo asing jualan setelah ex date $BBNI $BBTN kinerjanya B aja, Dividen normal, PBV Undervalue tapi value trap $BRIS Dividen? Free float?",bbri
2026-03-04,"Demi dividen BBRI, BBCA, BMRI, dan BBNI lu cepet cair",bbri
2026-03-04,Gass bbri,bbri
2026-03-04,"THR PNS Mau Cair, Saham UNVR & ICBP Malah Jeblok",icbp
2026-03-04,[13:48:33] $TLKM - SELL Rp. 3.170.000.000 (10.000 lots @ Rp3.170) [13:48:33] $TLKM - SELL Rp. 3.170.000.000 (10.000 lots @ Rp3.170) [13:48:33] $TLKM - SELL Rp. 3.170.000.000 (10.000 lots @ Rp3.170) DYOR!,tlkm
2026-03-04,Pension Fund nya . Pilihan sahamnya masih waras $ASII $UNTR $TLKM,tlkm
2026-03-04,MABOK BGT??? TLKM ANJLOKKKKK PARAH,tlkm
2026-03-04,[10:18:20] $TLKM - NG Rp. 166.250.000.000 (500.000 lots @ Rp3.325) [10:22:32] $BBNI - SELL Rp. 2.090.000.000 (5.000 lots @ Rp4.180) [10:23:09] $BBNI - BUY Rp. 3.157.990.000 (7.555 lots @ Rp4.180) DYOR!,tlkm
2026-03-04,"ngapain danantara fokus di saham domestik? fungsi danantara itu kaya SWF luar, fokus invest di luar buat narik pendapatan lebih tinggi misal dia invest domestik, nah tuh perusahaan profit tergerus krn regulasi pemerintah ujungnya nanti kaya TLKM masuk GOTO",tlkm
2026-03-04,tlkm,tlkm
2026-03-04,"Siapa Pemilik TLKM, BBCA, ASII, HMSP? Cek Ribuan Data Pemegang Saham Emiten BEI Secara Realtime Siapa sebenarnya yang mengendalikan perusahaan-perusahaan besar yang sahamnya diperdagangkan di Bursa Efek Indonesia (BEI)? Kini jawabannya bisa Anda temukan hanya dalam hitungan",tlkm
2026-03-04,"IHSG -4,32% ke 7.596,57 sesi I hari ini, Rabu (4/3/2026). Sektor barang baku -8,03%, sektor transportasi dan logistic -6,80% dan sektor barang konsumen siklikal -5,60%. Mengutip Refinitiv, tiga teratas saham bebani IHSG, TLKM di -28,4 poin, AMMN -21,24 indeks poin, dan BRMS",tlkm
2026-03-04,[14:20:44] $UANG - NG Rp. 2.647.500.000 (7.500 lots @ Rp3.530) [14:20:44] $UANG - NG Rp. 2.647.500.000 (7.500 lots @ Rp3.530) [14:21:15] $TLKM - BUY Rp. 2.039.508.000 (6.516 lots @ Rp3.130) DYOR!,tlkm
2026-03-04,"Untuk pemula, data pemegang saham 1%+ ini bagus buat liat stabilitas. Pilih yang punya pemilik besar reputable kayak pemerintah/institusi kuat: contoh BMRI (Danantara 51%), BBCA (Dwimuria 55%), TLKM, JSMR, atau ASII (Jardine 50%). Tapi jangan langsung beli. Pelajari dulu",tlkm
2026-03-04,[11:26:13] $INDF - BUY Rp. 6.225.000.000 (10.000 lots @ Rp6.225) [11:29:07] $BBCA - NG Rp. 6.962.000.000 (10.000 lots @ Rp6.962) [11:32:44] $TLKM - SELL Rp. 5.650.134.000 (17.547 lots @ Rp3.220) DYOR!,tlkm
2026-03-04,Danantara $JSMR $TLKM $GIAA,tlkm
2026-03-04,"IHSG Melemah 4%, Saham TLKM Hingga DSSA Jadi Laggard Terberat",tlkm
2026-03-04,"Selamat tinggal BMRI, kita ketemuan lagi nanti di akhir Juni 2026 yah. Saya mau komentarin kamu lagi.",bmri
2026-03-04,Klo ada RDN keknya mending ambil ADRO sm BMRI aja buat ambil dividennya,bmri
2026-03-04,Waktunya beli ga sih?? Bmri boleh lah buat jangka panjang,bmri
2026-03-04,"padahal BMRI lebih murah based on PER dripada bbca, dividen jg lebih gede.",bmri
2026-03-04,Sekarang lebih milih bmri,bmri
2026-03-04,"Dividen Bank Himbara 2026 $BBRI $BMRI punya kinerja bagus, dividen payout ratio tinggi, yield tinggi tapi resiko kena dividen trap juga besar kalo asing jualan setelah ex date $BBNI $BBTN kinerjanya B aja, Dividen normal, PBV Undervalue tapi value trap $BRIS Dividen? Free float?",bmri
2026-03-04,lebih milih bbri/bmri min.. dividen lebih gede.. bbca udah gk kayak dulu,bmri
2026-03-04,Serok bmri pas kmarin ga match mulu. Eh hari ini serok baru match dan lebih murah dri kmarin wkwkw,bmri
2026-03-04,"porto masih plus ketopang bmri sama ptba, tinggal yang 3 nih mau avg down apa mending belanja yang lain",bmri
2026-03-04,"Kesalahan kedua: panic selling saat koreksi. 2-3 Maret 2026 IHSG anjlok 2,66%. Ritel dump BBCA, BBRI, BMRI secara massal. Net sell ritel: Rp1,2 triliun. Net buy asing: Rp800 miliar. ROE ketiganya di atas 18%. Kredit tumbuh double digit. Tidak ada yang berubah dari bisnisnya.",bmri
2026-03-04,"Update Screening Watchlist Saham Indonesia : Rabu, 04 Maret 2026 (Closing). I = PTBA, UNTR. II = MDKA, HRTA, ITMG, MBMA. III = PGAS, ENRG, ISAT, AUTO, ASII.",isat
2026-03-04,"PT Unilever Indonesia Tbk (UNVR) resmi melepas lini bisnis teh bermerek SariWangi kepada PT Savoria Kreasi Rasa yang merupakan entitas Grup Djarum. Manajemen menyatakan langkah ini dilakukan untuk merealisasikan nilai investasi yang telah dibangun, sekaligus memperkuat fokus",unvr
2026-03-04,Laba UNVR Hilang Ratusan Miliar Usai Lepas Bisnis Teh SariWangi,unvr
2026-03-04,"JAKARTA – PT Unilever Indonesia Tbk (UNVR) mengumumkan divestasi bisnis SariWangi telah tuntas, setelah perusahaan menandatangani seluruh dokumen dan menerima pembayaran penuh pada Senin (2/3) kemarin. Baca selengkapnya: https://idnfin.id/a61845",unvr
2026-03-04,"PT Unilever Indonesia Tbk kehilangan laba operasional Rp103 miliar setelah melepas bisnis Teh SariWangi, tapi dari hasil penjualan senilai Rp1,5 triliun, perseroan justru meraih laba bersih Rp707 miliar. Simak selengkapnya: https://bloombergtechnoz.com/detail-news/101603/laba-unvr-hilang-ratusan-miliar-usai-lepas-bisnis-teh-sariwangi",unvr
2026-03-04,"Unilever (UNVR) resmi lepas SariWangi Rp1,5 triliun ke Savoria Grup Djarum demi efisiensi. Laba 2025 tembus Rp7,64 triliun.",unvr
2026-03-05,"Sobat BRI, Belanja online di momen Ramadan makin mudah & hemat pakai BRImo Cukup bayar e-commerce pakai BRI Virtual Account via BRImo dan raih kesempatan mendapatkan cashback hingga Rp150ribu Informasi lebih lanjut klik http://bbri.id/brivaramadan#BRImoMudahSerbaBisa",bbri
2026-03-05,"Asing beli saham : BBCA, 148.2M ASII, 90.8M ITMG, 81.6M PTBA, 52.9M BUMI, 42.3M Asing jual saham : BBRI, 62.9M TLKM, 57.1M CUAN, 50.8M BBNI, 49.8M INCO, 47.2M",bbri
2026-03-05,"Sambut hangat momen silaturahmi di rumah yang lebih nyaman. Dengan BRI Multiguna Karya, wujudkan percantik hunian impian Anda untuk menyambut keluarga di Hari Raya. Info lebih lanjut : http://bbri.id/brimultigunakarya#BRIMultiguna#cepatdanmudah",bbri
2026-03-05,"ketiga ini memiliki transaksi value yang kecil hari ini, tapi arahnya beda. $BREN $BBRI $BBCA",bbri
2026-03-05,"IHSG Melesat 2% Lebih, Digendong BBCA, TLKM, Sampai BBRI",bbri
2026-03-05,"IHSG TECHNICAL VIEW (5/03/26) IHSG kemarin ditutup turun 4.6%, disertai dengan net sell asing ~214 Bn. Saham yang paling banyak dijual asing adalah BBCA, BBNI, ANTM, AMMN, dan BBRI.",bbri
2026-03-05,"sp 6/3 : 1. kaqi pnin bbni hmsp lsip asgr itmg ptba. 2. mpmx sofa. 3. drma gjtl auto bmri bbri pgas emas,",bbri
2026-03-05,"(1/3) $BBRI (EPS FY25 373,80) Clue: payout ratio lebih tinggi dari tahun lalu ( https://cnbcindonesia.com/market/20260226105906-17-714095/bos-bri--bbri--beri-sinyal-besaran-dividen-tahun-ini-bakal-naik)Disiniada2kemungkinan:1.Dividenpayoutlebihbesar,2.Dividenpayout&nominaldividenlebihbesar",bbri
2026-03-05,"Yuk bisa yuk $BMRI $BBRI $BDMN $BBTN dikoleksi dari sekarang, bulan depan bagi dividen loh.",bbri
2026-03-05,"Ya oke banget buat pemula! Strategi saham dividen rutin bagus buat income pasif stabil. Pilih blue chip konsisten seperti BBRI, BMRI, BBCA, TLKM (sering bagi 2x/tahun, yield ~5-10%). Cek track record & fundamental dulu, hindari yield trap. Diversifikasi, DYOR, mulai kecil aja.",bbri
2026-03-05,"Saham-saham bank besar seperti BCA (BBCA), BRI (BBRI), BNI (BBNI), dan Mandiri (BMRI) dilaporkan naik serempak pada perdagangan IHSG hari Kamis, 5 Maret 2026, seiring penguatan indeks secara keseluruhan.",bbri
2026-03-05,Vanguard itu hedge fund Amerika. Itu daftar holder BBRI,bbri
2026-03-05,"$BBRI sudah bottom, waktunya serok keras untuk $BBRI",bbri
2026-03-05,"Beliau Biarin kalo nyangkut karena fundamentalmya bobrok,, baru nambah muatan yanh fundamentalnya lebih bagus,,, sebagian besar portonya di Banking yang market capnya lebih gedhe jadi gak akan muncul a,, mjsal BBCA, BBRI,BDMN, NISP, BNGA",bbri
2026-03-05,"Ya wassalam klo porto begitu, kalo Ane BMRI/BBRI, SMSM, ARNA, PGAS, ADRO, TRIS",bbri
2026-03-05,[11:05:04] $NSSS - NG Rp. 10.146.000.000 (114.000 lots @ Rp890) [11:05:47] $TLKM - BUY Rp. 3.182.326.000 (9.883 lots @ Rp3.220) [11:06:21] $EMAS - BUY Rp. 3.009.410.000 (3.572 lots @ Rp8.425) DYOR!,tlkm
2026-03-05,"Asing beli saham : BBCA, 148.2M ASII, 90.8M ITMG, 81.6M PTBA, 52.9M BUMI, 42.3M Asing jual saham : BBRI, 62.9M TLKM, 57.1M CUAN, 50.8M BBNI, 49.8M INCO, 47.2M",tlkm
2026-03-05,PT Telkom Indonesia (Persero) Tbk (TLKM) is preparing a business transformation through the Telkom 3.0 strategic framework (TLKM 30) to strengthen competitiveness and sharpen business focus. This strategy encompasses streamlining business steps to enhance efficiency and optimize,tlkm
2026-03-05,"Ya oke banget buat pemula! Strategi saham dividen rutin bagus buat income pasif stabil. Pilih blue chip konsisten seperti BBRI, BMRI, BBCA, TLKM (sering bagi 2x/tahun, yield ~5-10%). Cek track record & fundamental dulu, hindari yield trap. Diversifikasi, DYOR, mulai kecil aja.",tlkm
2026-03-05,"IHSG Melesat 2% Lebih, Digendong BBCA, TLKM, Sampai BBRI",tlkm
2026-03-05,"Gawat deh, Om Happy terlihat sekali, banyak kepemilikannya di berbagai emiten. -------------------- Silahkan cek data pemilik saham minim 1%, lengkap nama dan jumlah sahamnya. Sebelum cebur membeli suatu saham, cek dulu ya, daripada amsiong.",tlkm
2026-03-05,"#SobatTelkom, layanan digital yang digunakan setiap hari tidak hadir begitu saja. Dalam strategi transformasi TLKM 30, Telkom memperkuat tata kelola perusahaan sebagai fondasi untuk mendorong operational & service excellence di setiap proses operasional bisnis.",tlkm
2026-03-05,"Update Screening Watchlist Saham Indonesia : Kamis, 05 Maret 2026 (Closing). I = UNTR, ASII. II = PTBA, ISAT. III = BMRI, HRTA, BBTN, BRIS, ULTJ.",isat
2026-03-05,"dan, gimana kamu gak jadi pemarah. ketika melihat orang2 yang dulu ngerekomendasiin UNVR di pucuk malah gak dihukum? tapi gak papa. Allah itu lagi nunggu. Ditunggu kau pulang, begitu kau gak mau. DHUARRR. MELEDAK SEMUA. segeralah pulang. saya ini aslinya pemarah banget.",unvr
2026-03-05,"Sepertinya ACES udah mulai menarik buat bottom fishing Buangan MSCI + perang gak drop itu, jadi ingat UNVR 900an after MSCI Fundamental never lie",unvr
2026-03-06,"Pemicu Saham BMRI, BBRI, BBCA Anjlok #saham #infosaham #investasi",bbri
2026-03-06,"IHSG -2,61% ke 7.509,10 di sesi I Jumat (6/3/2026). Sektor barang konsumen siklikal -4,78%, sektor perindustrian -4,69% dan sektor energi -3,79%. IHSG melemah dalam terbebani saham BMRI berkontribusi -12,81 poin, BBRI -11 indeks poin BRMS -9,71 poin, saham BREN -9,25 indeks poin,",bbri
2026-03-06,"Sobat BRI, Jadikan ibadah dan silaturahmi makin lancar di bulan Ramadan, top up pulsa IM3 di BRImo dan dapatkan cashback hingga Rp10 ribu Jangan lewatkan promo spesial ini, periode hingga 25 Maret 2026. Info lebih lanjut: http://bbri.id/promoim3.#BRImo#BRImoMudahSerbaBisa",bbri
2026-03-06,"Sobat BRI Daftar BRI Merchant untuk maksimalkan jualanmu di bulan Ramadan. Prosesnya secepat nge-war takjil buat buka puasa. Download BRI Merchant, Solusi Gampang, Bisnis Makin Berkembang. Cek disini http://bbri.id/daftarbrimerchant#BRIMerchant#PromoMerchantBRI#MelayaniSepenuhHati",bbri
2026-03-06,Data Asing beli dan jual hari ini (Beli Asing) -PTRO: IDR 54 Miliar -ITMG: IDR 43 Miliar -BUMI: IDR 39 Miliar -INDF: IDR 34 Miliar -BBCA: IDR 32 Miliar -PTBA: IDR 28 Miliar -ANTM: IDR 27 Miliar (Jual Asing) -BMRI: IDR 119 Miliar -BBRI: IDR 97 Miliar -MEDC: IDR 60 Miliar,bbri
2026-03-06,BBRI estimasi FF 43.07 Estimasi FIF 42.5% (pembulatan terdekat 2.5%) Sebelumnya 45% Turun 2.5% vs skenario September turun 10% BMRI estimasi FF 40.2 Estimasi FIF 40% Sebelumnya 40% Tetap vs skenario September turun 7.5%,bbri
2026-03-06,"Gw close semua posisi hari ini. Ninggalin BBRI yg masih floatin loss. Dalih nya Dividen investing . Pen gw pindahin ke batubara AADI. Nunggu di 7 rebu lg. Gw all in. Sabtu Minggu di geopolitik ada ajj gebrakannya anying. Anyways, Isriwil Kontol.",bbri
2026-03-06,"ijin nanya, kenapa BBCA hu? bukannya BBRI atau BMRI sama bank besar bahkan deviden yieldnya lebih gede",bbri
2026-03-06,"#IHSG turun 2,61% ke 7.509,10 (6/3/2026) setelah naik 1,76% kemarin Sektor konsumer, energi, dan utilitas tertekan, saham besar seperti BMRI & BBRI jadi pemberat utama Tekanan datang dari geopolitik AS–Israel–Iran, harga minyak melonjak ke US$84 #IranIsraelWar #StockMarket",bbri
2026-03-06,masihhh dilepas asing BBRI tudeyy,bbri
2026-03-06,Daftar saham dalam September 2025 ini telah melalui 2 kali evaluasi yaitu pada November 2025 dan Februari 2026 Saat ini ada 17 saham Indonesia dalam MSCI Standard dengan urutan terbesar BBCA BBRI BMRI TLKM ASII AMMN DSSA BBNI BREN TPIA GOTO BRMS BRPT UNTR CUAN CPIN AMRT,bbri
2026-03-06,"As of March 6, 2026, only 3 issuers have announced their GMS schedules, namely BBNI - March 9 BBCA - March 12 BBRI - April 10 Usually between the GMS and the dividend schedule there can be a 1-month gap, so the positive sentiment from dividends, especially those with large",bbri
2026-03-06,"definisi menanam saham dalam wujud visual bayangkan pot pot itu adalah BBRI, ADRO, BBCA, ASII dan saham-saham bluechip dalam jangka waktu yang lama akan memberikan imbal hasil . makasih insight nya @pantungalimar sudah memvisualkannya",bbri
2026-03-06,"IHSG TECHNICAL VIEW (6/03/26) IHSG kemarin ditutup naik 1.76%, disertai dengan net sell asing ~293 Bn. Saham yang paling banyak dijual asing adalah BBRI, TLKM, CUAN, BBNI, dan INCO. IHSG berpotensi kembali koreksi hari ini. Support IHSG: 7650-7680 Resist IHSG: 7740-7780",bbri
2026-03-06,"PT Bank Rakyat Indonesia (Persero) Tbk (BBRI): Fokus ke UMKM dan mikro, revenue dari kredit rakyat (KUR) dan tabungan. Revenue tahunan bisa Rp 200 triliun+, dengan market cap Rp 553.66 triliun (terbesar di BUMN). http://sectors.app+1",bbri
2026-03-06,Bbca Kalau mau dividen yield lebih gede bisa BBNI/BMRI/BBRI,bbri
2026-03-06,"Saham Big Banks Kompak Anjlok Dalam Sepekan, BBRI Turun Paling Dalam http://keuangan.kontan.co.id/news/saham-big-banks-kompak-anjlok-dalam-sepekan-bbri-turun-paling-dalam#bank",bbri
2026-03-06,"BBCA dibuang aseng terusss nihhh BBRI massive dibeli asing, akankah rebound lanjut akumulasi atau balik dibuang asing lagi?",bbri
2026-03-06,Ibu ibu yang beli perhiasan emas lebih pantes disebut fundamentalis dibanding investor beli saham blue chip $BBRI $BBCA $BBNI $BMRI $IHSG,bbri
2026-03-06,BMRI BBCA BBRI BNGA PGEO ADRO AADI INDF ICBP AUTO,bbri
2026-03-06,bbri jadi seribu ini mas ?,bbri
2026-03-06,Saya harapin malah 8%minus om selama 5 hari Biar dapat bbca 2000..bbri 1000 bmri 1000 bbni 500,bbri
2026-03-06,"bbca ama bbri ku yg minesnya najong hahaha iyak, semangat jg!",bbri
2026-03-06,"Bbri sama antm, research by my followers aja sih Kebanyakan invest di emiten yg mereka kenal",bbri
2026-03-06,BMRI BBCA BBRI BNGA PGEO ADRO AADI INDF ICBP AUTO,icbp
2026-03-06,"mungkin takut ketahuan saham yang dibeli rungkad, jd pake nominee nanti kaya case TLKM di #GOTO",tlkm
2026-03-06,", tlkm kah?",tlkm
2026-03-06,TLKM ada 2 skenario karena ada kategori Unclear 1. Jika semua Unclear = Non Free Float Estimasi FF 42.48 Estimasi FIF 42.5% Sebelumnya 50% Turun 7.5% vs skenario September turun 10% 2. Jika semua Unclear = Free Float Estimasi FF 48.37 Estimasi FIF 47.5% Sebelumnya 50% Turun,tlkm
2026-03-06,Daftar saham dalam September 2025 ini telah melalui 2 kali evaluasi yaitu pada November 2025 dan Februari 2026 Saat ini ada 17 saham Indonesia dalam MSCI Standard dengan urutan terbesar BBCA BBRI BMRI TLKM ASII AMMN DSSA BBNI BREN TPIA GOTO BRMS BRPT UNTR CUAN CPIN AMRT,tlkm
2026-03-06,"IHSG TECHNICAL VIEW (6/03/26) IHSG kemarin ditutup naik 1.76%, disertai dengan net sell asing ~293 Bn. Saham yang paling banyak dijual asing adalah BBRI, TLKM, CUAN, BBNI, dan INCO. IHSG berpotensi kembali koreksi hari ini. Support IHSG: 7650-7680 Resist IHSG: 7740-7780",tlkm
2026-03-06,Pengen punya duit 50m terus taro di BMRI,bmri
2026-03-06,"ijin nanya, kenapa BBCA hu? bukannya BBRI atau BMRI sama bank besar bahkan deviden yieldnya lebih gede",bmri
2026-03-06,BBRI estimasi FF 43.07 Estimasi FIF 42.5% (pembulatan terdekat 2.5%) Sebelumnya 45% Turun 2.5% vs skenario September turun 10% BMRI estimasi FF 40.2 Estimasi FIF 40% Sebelumnya 40% Tetap vs skenario September turun 7.5%,bmri
2026-03-06,Daftar saham dalam September 2025 ini telah melalui 2 kali evaluasi yaitu pada November 2025 dan Februari 2026 Saat ini ada 17 saham Indonesia dalam MSCI Standard dengan urutan terbesar BBCA BBRI BMRI TLKM ASII AMMN DSSA BBNI BREN TPIA GOTO BRMS BRPT UNTR CUAN CPIN AMRT,bmri
2026-03-06,BMRI BBCA BBRI BNGA PGEO ADRO AADI INDF ICBP AUTO,bmri
2026-03-06,"@lemcn Halo Sahabat lemcn, informasi karir dapat diakses melalui website http://bmri.id/careerdaninstagram@lifeatmandiri.Mohonjagakerahasiaandatapribadi.ProsesrekrutmenBankMandirihanyadilakukanmelaluisaluranresmidantidakdipungutbiayaapapun.Sebagai",bmri
2026-03-06,"BBCA jadi emiten dengan rugi terbesar gue di 2026. Meski baru floating loss. Sebenerny dalam sudut pandang gue, gue telat aja nyicil2nya dan akhirnya DCA method yg dilakuin dapet harga mahal dan kena imbas outflow di BBCA. Beda dengan BMRI yg dari 2021 udh nyicil, masih hijau..",bmri
2026-03-06,Bbca Kalau mau dividen yield lebih gede bisa BBNI/BMRI/BBRI,bmri
2026-03-06,"@egaoooo Halo Sahabat @egaoooo . Mohon maaf atas ketidaknyamanan yang dialami. Kami informasikan, jika sudah memiliki akun member Marriott Bonvoy, hubungkan segera dengan kartu kredit Anda untuk menikmati seluruh benefit dengan mengisi form: http://bmri.id/marriottmember.Sebagai",bmri
2026-03-06,"Tukarkan Livin’poin* dengan beragam e-Voucher F&B pilihan untuk menemani kebersamaanmu saat berbuka, mulai dari hidangan lezat hingga minuman segar, hanya lewat Livin’ by Mandiri. Promo ini hingga 31 Maret 2026. *Info lengkap: http://bmri.id/LPBukberBankMandiri",bmri
2026-03-06,Keren .. Call Center BMRI dan Livin by Mandiri juara banget!,bmri
2026-03-06,"#IHSG turun 2,61% ke 7.509,10 (6/3/2026) setelah naik 1,76% kemarin Sektor konsumer, energi, dan utilitas tertekan, saham besar seperti BMRI & BBRI jadi pemberat utama Tekanan datang dari geopolitik AS–Israel–Iran, harga minyak melonjak ke US$84 #IranIsraelWar #StockMarket",bmri
2026-03-06,"Mirip unvr ya, alasan boikot, sekarang alasan mau di tutup karena kopdes merah putih",unvr
2026-03-06,Ya harga per lotnya $unvr emang uniplenger,unvr
2026-03-07,"capital gain kalau hold $BBRI, $BBCA , $BMRI dari awal IPO. ampir mirip2~",bbri
2026-03-07,"Hindari saham sejuta umat, BUMI DEWA BBRI BBCA, semkin banyak ritel semakin susah naik malah turun perlahan tonton YT Creative trader",bbri
2026-03-07,"Nomor 5. 3M Beli saham BBRI dividen ratusan juta tiap tahun , financial freedom tidur nyenyak tinggal mandiin burung tiap pagi kwakwkaw",bbri
2026-03-07,"Saham BBCA, BBRI, BMRI dan BBNI Terus Tertekan, Ini Penjelasan Analis http://investasi.kontan.co.id/news/saham-bbca-bbri-bmri-dan-bbni-terus-tertekan-ini-penjelasan-analis#RekomendasiSaham",bbri
2026-03-07,"BBRI Gelar RUPST 10 April 2026, Investor Menanti Kepastian Dividen Meski Laba Turun http://keuangan.kontan.co.id/news/bri-gelar-rupst-10-april-2026-investor-menanti-kepastian-dividen-meski-laba-turun#BankRakyatIndonesia",bbri
2026-03-07,"Setelah baca kepemilikan saham diatas 1% baru ngeh kalo LKH udh gk pegang bank OCBC grup dan $BBRI, tapi malah nyangkut di $SRIL.",bbri
2026-03-07,"Masukin semua uangnya ke saham BMRI, BBRI, BBCA, PTBA ... terus tetap kerja sampai dengan pembagian dividen kemudian nganggur dulu setahun untuk nikmatin dividen , tahun kedua mulai bangun passive income yg lainnya dari dividen",bbri
2026-03-07,"5M saham blue chip berdeviden BBRI/BMRI, 3M obligasi, 2M bitcoin. trus resign dari PNS² gaji imut ini",bbri
2026-03-07,"capital gain kalau hold $BBRI, $BBCA , $BMRI dari awal IPO. ampir mirip2~",bmri
2026-03-07,"Masukin semua uangnya ke saham BMRI, BBRI, BBCA, PTBA ... terus tetap kerja sampai dengan pembagian dividen kemudian nganggur dulu setahun untuk nikmatin dividen , tahun kedua mulai bangun passive income yg lainnya dari dividen",bmri
2026-03-07,"karna menurut gw aneh aja org yg recomen dead stock. gw gatau dia sama atau nggak, tapi bbca tuh udah direcomen influencer2 sejak turun ke 8500an dari ath. coba org blindly ngikutin saran dah pasti rungkad, sementara yg laen rally gila2an vibenya kayak UNVR harga goceng ini brg",unvr
2026-03-08,Bisa turun sampai berapa dan apakah tekanan turun ini bisa melanjutkan lagi tren turun harga saham $BBRI yang sudah berjalan dari tahun lalu? Pembahasan selengkapnya di sini,bbri
2026-03-08,"Senin besok siap siap mantau 2 saham wishlist gw,,, kumaha cerita BBRI dan SIDO? Apakah masih save haven",bbri
2026-03-08,"Update Price to Book Value saham perbankan vs historical median BBTN 0,5x vs historical median 0,6x BBNI 0,9x vs historical median 1x BMRI 1,6x historical median 2x BBRI 1,7x historical median 2,2x BBCA 3,1x vs historical median 4,7x",bbri
2026-03-08,BBRI : Lanjut lagi tren turunnya? | Elliott Wave Analysis Harga saham #BBRI terlihat kembali tertekan turun pada perdagangan minggu ini setelah sempat bergerak naik pada perdagangan di minggu lalu,bbri
2026-03-08,THR tahun ini ga muluk-muluk kok 10 Lot BMRI 10 Lot BBRI 10 Lot BBNI 10 Lot BBCA 5 Lot AADI itu aja udah cukup ko,bbri
2026-03-08,"Kalau ga crash kayak 2020, saya gbs dpt bbri harga 2000 an.",bbri
2026-03-08,"Return saham-saham di BEI (price only) Year to date. Dari 26 saham yang memiliki market cap di atas Rp 100 Triliun, hanya 3 yang masih memberi return positif (price only): BBRI, EMAS, dan UNTR. IHSG YTD: -12,2%",bbri
2026-03-08,Bbri.w,bbri
2026-03-08,( alumni bbri 2300,bbri
2026-03-08,Duh jd ngeri om mau beli bbri di 3600 :),bbri
2026-03-08,Ada apakah ICBP akhir-akhir ini,icbp
2026-03-08,"Penerima investasi maksudnya siapa? Misalnya saya punya saham ICBP ( PT. indofood sukses makmur tbk) , penerima investasi perusahaan ybs??",icbp
2026-03-08,Nanti saya mau jual saja saham TLKM @IndiHome,tlkm
2026-03-08,"Klo ga salah di belakang 112 bukan TLKM pak, yg manage Jasnita. CMIIW",tlkm
2026-03-08,"If Im not mistaken, behind 112 isnt TLKM, right? The one managing Jasnita. CMIIW",tlkm
2026-03-08,"EXIT BTC, Cut Loss mayan prepare Entry BMRI bsk pagi semoga",bmri
2026-03-08,"Belanja di Hero pakai QR Bayar Livin’ by Mandiri dan nikmati cashback Rp50 ribu*! Berlaku s.d. 31 Maret 2026. *Info: http://bmri.id/livinramadanheroBankMandiriberizindandiawasiolehOtoritasJasaKeuangandanBankIndonesia,sertamerupakanpesertapenjaminanLPS.#LivinQRBayar",bmri
2026-03-08,"Update Price to Book Value saham perbankan vs historical median BBTN 0,5x vs historical median 0,6x BBNI 0,9x vs historical median 1x BMRI 1,6x historical median 2x BBRI 1,7x historical median 2,2x BBCA 3,1x vs historical median 4,7x",bmri
2026-03-08,"Nikmati diskon hingga 80%, cashback hingga Rp1 juta, dan cicilan 0% hingga 6 bulan* di Ramadan Treasure Market dengan Mandiri Kartu Kredit. Senayan Preloved Branded Centre, STC Senayan, LG Atrium, Jakarta Pusat 7–15 Maret 2026. *Info: http://bmri.id/SPBCRamadan3BankMandiri",bmri
2026-03-08,"Tukarkan Livin’poin* kamu dengan pilihan hampers Hari Raya untuk melengkapi momen Lebaran bersama orang tersayang. Berlaku s.d. 31 Maret 2026. *Info: http://bmri.id/LPhamperslebaranBankMandiriberizindandiawasiolehOtoritasJasaKeuangandanBankIndonesia,sertamerupakanpeserta",bmri
2026-03-08,THR tahun ini ga muluk-muluk kok 10 Lot BMRI 10 Lot BBRI 10 Lot BBNI 10 Lot BBCA 5 Lot AADI itu aja udah cukup ko,bmri
2026-03-08,Bmri.w ..cari 5 turun,bmri
2026-03-08,All in ke BMRI,bmri
2026-03-09,Masuk ni saham yg lagi di support. Not recomended karena gk terllau liquid. BBRI minus 20% . Sok an Dividen Investing anying.,bbri
2026-03-09,"IHSG TECHNICAL VIEW (9/03/26) IHSG kemarin ditutup turun 1.62%, disertai dengan net sell asing ~308 Bn. Saham yang paling banyak dijual asing adalah BBRI, BMRI, BBCA, BBNI dan ESSA.",bbri
2026-03-09,"BBCA dan BBRI terpantau mantul, recover sedikit.",bbri
2026-03-09,"Bbca, bmri, BBNI, BBRI bentar lagi bagi deviden nder",bbri
2026-03-09,"gilaaa, floating profit menguap seharga rumah cuma dari $KETR & $CSIS but, im fine rencana mau jual rumah & duitnya mau ALL IN $BBRI jika nyentuh harga covid - I hope soon begitu market recovery pasti dapat itu profit rumah baru, karena aku udah ngalamin waktu crash covid",bbri
2026-03-09,"If youre looking long-term, if BBRI is discounted again, just scoop it up #AplikasiAjaib #saham",bbri
2026-03-09,BBRI masih dapat dividen 9%. Dua tahun floating loss ketutup.,bbri
2026-03-09,duh megang nya bmri sama bbri,bbri
2026-03-09,Perasaan ihsg merah udh dari jumat kemarin. Banyak jg yg wanti2 mending hold cash sampe kelar lebaran. Nih anomali malah marah2 di stream BBRI,bbri
2026-03-09,mau jual bbri abis cumdate tp rintanganya berat,bbri
2026-03-09,"Foreign Flow Investor asing terpantau melakukan aksi beli bersih (net buy) pada saham INDF (76,3B) dan ITMG (66,2B), namun melakukan aksi jual besar-besaran pada BBRI (-281,1B).",bbri
2026-03-09,CUTE posit1F (PLUS): saham: CUAN BY JO 1-2-5: ABMM ADES ADES ADMR ADRO ANTM ANTM APLN ASII BBRI BLTA BNII BNII BREN CLEO ELSA EXCL GOTO GOTO HERO IMAS INDY INDY INDY KAEF KEJU KIJA LAJU MAPI PGAS TAYS TLKM UNVR,bbri
2026-03-09,Bbri gimana bang?,bbri
2026-03-09,bbri aman pak? apa bbni?,bbri
2026-03-09,saya malah serok Rp 2 Milyar saham BBRI,bbri
2026-03-09,Lebih suka bbri soalnya 2x dividendnya,bbri
2026-03-09,Nunggu BBRI 3200 atau 3300,bbri
2026-03-09,"5.9% mending simpan bmri, bbni, hsmp, dmas, ptba dan bbri selama 5 thn lagi",bbri
2026-03-09,"Jika BBca di 5800, maka BBRI akan di 2500? Gas lahhh",bbri
2026-03-09,"Bs bang, sy sih serok $BBRI kwkwkwk",bbri
2026-03-09,aku ikutin bro ricky sebelum msci keluar kan sdh ga enak sdh banyak yg out skrg ga pegang apa2 kecuali bbri nyangkut d 5000,bbri
2026-03-09,Bbri..bbca,bbri
2026-03-09,"Rumus kalau mau serok big bank sekarang, cicil tapi ya jangan all in. Bmri: <4600 Bbni: <4000 Bbri: <3600 Bbca: <7000 So far yg masuk kriteria baru bri sama bca. Sebaiknya mandiri ama bni sabar dikit lagi.",bbri
2026-03-09,"Buat yang pegang BBCA, boleh tau alasan kenapa kalian beli padahal dividen lebih kecil dari BMRI BBRI? No salty pls",bbri
2026-03-09,Bbri brp deviden nya,bbri
2026-03-09,Insan BRILiaN kamu punya quotes andalan buat semangatin diri sendiri? Submit di sini yuk http://bbri.id/MindsetSeries,bbri
2026-03-09,"Minus 6%,, nyangkut di Smlm, BbRI/BBNI/BMRI, BBCA, SIMP/LSIP, PWON, SMDR, ARNA, SPTO/TOTo, IPCM, GJTL",bbri
2026-03-09,Serok BBRI atau BBCA,bbri
2026-03-09,"Oke, ini perbandingan plus minus Big 4 banks Indo (BBCA, BMRI, BBNI, BBRI) berdasarkan data Maret 2026: BBCA: + Manajemen terbaik, NPL rendah, digital leader. - Valuasi premium (PE ~15x, PB ~3x), yield rendah ~4.4%. BMRI: + Aset terbesar, diversifikasi kuat, dukungan negara. -",bbri
2026-03-09,"Lagi di BBRI soalnya murah dan dividennya juga gede sama hold ADRO, lagi + sih cuman turun jadi pengen nambah muatan haha",bbri
2026-03-09,Yang gue tunggu BBCA di angka 5000an BBRI di angka 2000an CDIA di angka 500an COIN di angka 900an BUMI di angka 100an,bbri
2026-03-09,"Kl diksh makanan (i.e. visit ke JPFA/SIDO/ICBP), dimakan aja dulu di mobil drpd lapor ke compliance, repot",icbp
2026-03-09,ICBPs stock price today has already dipped below the price from back in the COVID days.,icbp
2026-03-09,"Perkuat Core Business, Telkom (TLKM) Resmi Divestasi AdMedika ke Fullerton Health",tlkm
2026-03-09,"sudah ada. Itung2 menyelamatkan investasi TLKM. Ntar kalo dianggap vital suaranya sama politisi, bisa2 ditawarin diangkat jadi PPPK sekalian.",tlkm
2026-03-09,CUTE posit1F (PLUS): saham: CUAN BY JO 1-2-5: ABMM ADES ADES ADMR ADRO ANTM ANTM APLN ASII BBRI BLTA BNII BNII BREN CLEO ELSA EXCL GOTO GOTO HERO IMAS INDY INDY INDY KAEF KEJU KIJA LAJU MAPI PGAS TAYS TLKM UNVR,tlkm
2026-03-09,Ambil TLKM jg tuh,tlkm
2026-03-09,sp 10/3 : 1. bbni wiim oils same silo jati. 2. king. 3. buva mina indy. + : gpra isat tlkm mdka cpin.,tlkm
2026-03-09,"Jgn sentuh BbCA dulu, nasipnya bakal kaya HMSP ,UNVR , nextnya UNTR blm tau bisulnya kpn meletus",unvr
2026-03-09,CUTE posit1F (PLUS): saham: CUAN BY JO 1-2-5: ABMM ADES ADES ADMR ADRO ANTM ANTM APLN ASII BBRI BLTA BNII BNII BREN CLEO ELSA EXCL GOTO GOTO HERO IMAS INDY INDY INDY KAEF KEJU KIJA LAJU MAPI PGAS TAYS TLKM UNVR,unvr
2026-03-10,Saham BBRI Siap-siap ke Sini dalam Sekejap #saham #infosaham #investasi,bbri
2026-03-10,Nasib Saham BBRI #saham #infosaham #investasi,bbri
2026-03-10,"Data Asing sesi 1 Top Foreign Net Buy MEDC – 46,6 miliar ITMG – 37,3 miliar BMRI – 30,9 miliar BBCA – 14,7 miliar INKP – 9,8 miliar ELSA – 9,7 miliar GOTO – 9,3 miliar NSSS – 7,8 miliar Top Foreign Net Sell BBRI – 264 miliar PTRO – 84 miliar TLKM – 82,2 miliar CUAN – 71",bbri
2026-03-10,Saya masih hold. Krn memang utk nanti anak saya 10thn akan datang... Bbri bbca toba sido ptba :)... Ptba dlu minus dalam aja uda plus skrg. Santai aja kl time frame panjang.,bbri
2026-03-10,mending bbri,bbri
2026-03-10,Analis Samuel Sekuritas merekomendasikan pembelian saham PT Bank Rakyat Indonesia (Persero) Tbk (BBRI) dengan target harga Rp4.400 per saham. Rekomendasi ini didasari oleh kekuatan segmen bisnis mikro dan perbaikan kualitas aset bank yang semakin solid.,bbri
2026-03-10,masa whale bbri minta bansos ke retail crypto sih ahahaa gas mutualan yok bg,bbri
2026-03-10,saham yg beredar ijo semua knp porto gua yg merah.. nyerok pas di pucuk???? ga juga bbri gua kemarin profit masuk lgi buat dividen. trus ada scalping juga jdi ga masuk di gua knp porto berdarah gini wkwk,bbri
2026-03-10,"$BBRI reversal 10% apa 1$ wqwq. kok rasanya berat ya. dilihat secara bandarmology, distribusi market makernya kuat. dilihat secara foreign flow, asing beberapa hari jualan, ritel semangat beli.",bbri
2026-03-10,"Kalau di cek broksum, BBRI selama 1 bulan ini udah ada foreign buy total 1T. Dipimpin top three nya RX, ZP, AK. Disclaimer On",bbri
2026-03-10,"Data asing sesi akhir Top Foreign Buy ITMG, 80.2M MEDC, 72.9M AADI, 47.8M PTBA, 25.9M RLCO, 19.2M Top Local Buy BBRI, 434.4M PTRO, 186.1M TLKM, 123.8M APIC, 100.5M BBNI, 92.3M",bbri
2026-03-10,View Saham BBCA BBRI BMRI BBNI BBKP pasca Fitch downgrade rating 3 bank BUMN. #ctasaham #saham #idx #fitch #BBCA #BBRI #BMRI #BBNI #BBKP #trading,bbri
2026-03-10,kalau BBRI 10 tahun belakangan rata-rata berapa % kasih deviden pertahunnya grok,bbri
2026-03-10,"Rata-rata dividend yield BBRI 10 tahun terakhir (2016-2025) sekitar 5.3% berdasarkan yield TTM akhir tahun (sumber lain ~4.4%). Fluktuatif banget karena harga saham berubah-ubah, akhir-akhir ini lebih tinggi (~9%). Cek data terkini di IDX/TradingView dulu ya, bukan saran invest.",bbri
2026-03-10,"Gimana chart BBRI, area stochastic BBRI udah di area oversold. Disclaimer On",bbri
2026-03-10,Feels so damn good to average down BBRI at todays price,bbri
2026-03-10,Siapa temen2 yang lagi nungguin dividen BBRI? Kabarnya bentar lagi akan segera diumumkan. Secara historis 5 tahun terakhir dividen BBRI cukup besar dan bagus ya. Sehingga menjadi daya tarik investor untuk masuk. Berikut historis dividen BBRI 5 tahun terakhir : . -2020 BRI sepakat,bbri
2026-03-10,"Dont give up, try using the remaining money to gradually buy bank stocks that will distribute dividends next April.. BBRI while its cheap, buy 25% of the capital, wait a few weeks if it drops/rises add another 25%, once its cum date add 50%.. theres a good chance youll get",bbri
2026-03-10,ini contoh dividen BBRI,bbri
2026-03-10,"udah punya saham BBRI dari 2 tahun lalu, dan udah dpt dividen 2x setahun, meski posisi masih minus gpp. lets go nambah terus!",bbri
2026-03-10,"Gimana buat tahun buku 2025? Analis Henan Putihrai Sekuritas James Stanley Widjaja kasih perkiraan dividen BBRI per saham (dividend per share/DPS) BBRI sekitar Rp317,7 per saham.",bbri
2026-03-10,Gas BBRI 2000,bbri
2026-03-10,BBRI masih 3500an serokkk,bbri
2026-03-10,Telkom (TLKM) Divestasi Penuh AdMedika #saham #infosaham #investasi,tlkm
2026-03-10,AUDİ A 3 FİYAT 1.690.000 TLKM 118.000 MODEL 2018 #audi #shorts #araba #otopazarı #otopazarturu #otomobil #arabafiyatları,tlkm
2026-03-10,"Data Asing sesi 1 Top Foreign Net Buy MEDC – 46,6 miliar ITMG – 37,3 miliar BMRI – 30,9 miliar BBCA – 14,7 miliar INKP – 9,8 miliar ELSA – 9,7 miliar GOTO – 9,3 miliar NSSS – 7,8 miliar Top Foreign Net Sell BBRI – 264 miliar PTRO – 84 miliar TLKM – 82,2 miliar CUAN – 71",tlkm
2026-03-10,"JAKARTA – PT Telkom Indonesia Tbk (Persero) Tbk (TLKM) berencana melepas seluruh sahamnya di PT Administrasi Medika (AdMedika), bisnis layanan kesehatan yang dimiliki lewat PT Multimedia Nusantara (TelkoMetra). Baca selengkapnya: https://idnfin.id/a62041",tlkm
2026-03-10,"Ngebid BIPI kita gagal, GIAA kita pun gak dpt barangnya, waiting PTRO kurang suka sama bid offernya td, TLKM gajadi ambil td sebenernya udah antri di BID karna gada yg tahanin sama tarik gitu not good jadi kurang suka (bukan brarti jelek, engga)",tlkm
2026-03-10,"Data asing sesi akhir Top Foreign Buy ITMG, 80.2M MEDC, 72.9M AADI, 47.8M PTBA, 25.9M RLCO, 19.2M Top Local Buy BBRI, 434.4M PTRO, 186.1M TLKM, 123.8M APIC, 100.5M BBNI, 92.3M",tlkm
2026-03-10,"[09:58:21] $DSSA - BUY Rp. 1.041.200.000 (137 lots @ Rp76.000) [09:58:56] $SSMS - NG Rp. 65.581.415.995 (483.995,69 lots @ Rp1.355) [10:00:46] $TLKM - BUY Rp. 2.270.436.000 (7.518 lots @ Rp3.020) DYOR!",tlkm
2026-03-10,"Fokus Eksekusi Strategi TLKM 30, Telkom Dorong Penguatan Fundamental dan Tata Kelola Perusahaan",tlkm
2026-03-10,[09:45:03] $TLKM - BUY Rp. 1.141.520.000 (3.755 lots @ Rp3.040) [09:46:51] $ITMG - SELL Rp. 1.228.500.000 (450 lots @ Rp27.300) [09:47:35] $SOTS - NG Rp. 6.578.000.000 (71.500 lots @ Rp920) DYOR!,tlkm
2026-03-10,Telkom Perkuat Fundamental Bisnis Lewat Strategi TLKM 30,tlkm
2026-03-10,Telkom menegaskan fokus pada eksekusi strategi TLKM 3.0 untuk memperkuat transformasi bisnis.,tlkm
2026-03-10,"Eksekusi Strategi TLKM 30, Telkom Perkuat Tata Kelola Perusahaan",tlkm
2026-03-10,Tlkm...2200 mulai cicil buy lagi ach...,tlkm
2026-03-10,Gw gak pengen kuliah yang penting ikut banyak pelatihan dan uang kuliahnya bisa dibikin untuk beli $btc dan $bmri,bmri
2026-03-10,"@cheliachels Halo Sahabat cheliachels, dapat kami informasikan untuk operasional kantor cabang Bank Mandiri Sahabat pengecekan secara berkala yg dapat diakses melalui http://bmri.id/infocabangatauMITAdiWhatsAppOfficialBankMandiri0811-84-14000bercentanghijau/birudengan",bmri
2026-03-10,Dapatkan harga spesial* di Informa Electronics dengan Mandiri Kartu Kredit! Periode s.d. 31 Maret 2026. *Info: http://bmri.id/informaelectronicsBankMandiriberizindandiawasiolehOtoritasJasaKeuangandanBankIndonesia.#MandiriKartuKredit#BankMandiri,bmri
2026-03-10,"Dapatkan diskon s.d. Rp150 ribu* di TikTok Shop dengan Mandiri Kartu Kredit/Debit! Periode s.d. 12 Maret 2026. *Info: http://bmri.id/RamadanTTSTokoBankMandiriberizindandiawasiolehOtoritasJasaKeuangandanBankIndonesia,sertamerupakanpesertapenjaminanLPS.",bmri
2026-03-10,gwa serok bmri sama bbni doang,bmri
2026-03-10,"Dapatkan diskon hingga Rp1,5 juta* dengan Mandiri Kartu Kredit di http://voilà.id!Berlakus.d.31Maret2026.*Info:http://bmri.id/RamadanVoilaBankMandiriberizindandiawasiolehOtoritasJasaKeuangandanBankIndonesia.#MandiriKartuKredit#BankMandiri",bmri
2026-03-10,"Dapatkan diskon hingga Rp250 ribu* di outlet Sun & Sand Sports, Vans, dan Timberland dengan Mandiri Kartu Kredit! Periode s.d. 31 Maret 2026. *Info: http://bmri.id/RamadanNavyaBankMandiriberizindandiawasiolehOtoritasJasaKeuangandanBankIndonesia.#MandiriKartuKredit",bmri
2026-03-10,Nikmati diskon 15%* serta cicilan 0% hingga 6 bulan* di Hollister dengan Mandiri Kartu Kredit! Periode s.d. 16 Maret 2026. *Info: http://bmri.id/OSHollisterPIM1BankMandiriberizindandiawasiolehOtoritasJasaKeuangandanBankIndonesia.#MandiriKartuKredit#BankMandiri,bmri
2026-03-10,Harga bmri cenderung lebih stabil,bmri
2026-03-10,"Nikmati diskon hingga Rp1,5 juta* di Blibli dengan Mandiri Kartu Kredit! Periode s.d. 11 Maret 2026. *Info: http://bmri.id/RamadanBLIBLIBankMandiriberizindandiawasiolehOtoritasJasaKeuangandanBankIndonesia.#MandiriKartuKredit#BankMandiri",bmri
2026-03-10,Bmri aadi ptba bagus kak,bmri
2026-03-10,"Februari, Laba Bank Mandiri (BMRI) Tumbuh 16,7% #saham #infosaham #investasi",bmri
2026-03-11,Saham BBRI Siap-siap Jadi Segini #saham #infosaham #investasi,bbri
2026-03-11,"DATA JUAL BELI ASING SESI 1 ASING BELI TLKM –53,7 MILIAR ITMG –17,1 MILIAR RLCO – 13,9 MILIAR PTBA –12,2 MILIAR RAJA – 10,5 MILIAR ASING JUAL BUMI - 82,1 MILIAR BBRI - 77,2 MILIAR DEWA - 72,6 MILIAR BBCA - 71,4 MILIAR BRMS - 49,6 MILIAR",bbri
2026-03-11,"IHSG TECHNICAL VIEW (11/03/26) IHSG kemarin ditutup naik 1.41%, tapi disertai dengan net sell asing ~1.93 Tr. Saham yang paling banyak dijual asing adalah BBRI, TLKM, BBNI, BUVA, dan BRMS.",bbri
2026-03-11,"Penutupan sesi akhir Top Foreign Buy TLKM, 160.5M BMRI, 39.6M ITMG, 30.9M FILM, 22.6M UNTR, 19.7M Top Local Buy BBCA, 261.9M BUMI, 137.3M BBRI, 80.4M DEWA, 73.3M TINS, 60.1M",bbri
2026-03-11,[09:06:41] $TLKM - NG Rp. 6.030.000.000 (20.000 lots @ Rp3.015) [09:11:42] $BBRI - BUY Rp. 2.048.400.000 (5.690 lots @ Rp3.600) [09:11:45] $TLKM - SELL Rp. 1.505.000.000 (5.000 lots @ Rp3.010) DYOR!,bbri
2026-03-11,"[09:18:48] $APIC - NG Rp. 1.959.360.000 (16.328 lots @ Rp1.200) [09:19:42] $APIC - NG Rp. 1.207.393.345 (10.103,71 lots @ Rp1.195) [09:19:59] $BBRI - SELL Rp. 4.519.810.000 (12.590 lots @ Rp3.590) DYOR!",bbri
2026-03-11,posit1F: IHSG ambrol: ADRO AMRT APLN ARTO ASRI BBCA BBRI BLTA BNII BREN BUMI BYAN CLEO CPIN DSSA ELSA EXCL GOTO GPSO HERO IMAS INDY KAEF KEJU LAJU MAPI MIDI MYOR PGEO TAYS TLKM UNVR: 11 Maret 2026:,bbri
2026-03-11,Sama kaya BBRI,bbri
2026-03-11,"Saham Bank Besar Lagi Diskon? Ini Valuasi #BBCA, #BBRI, #BMRI, dan #BBNI serta Potensi Dividen Jumbo 2026",bbri
2026-03-11,"$BBRI, kalau bertahan apa bisa balik ke 3900? Di harga skrg ini, ada support di bulan Jan lalu. Skrg, tembusin dulu deh 3800 kalau bisa.",bbri
2026-03-11,"Hari ini, Rabu (11/3/2026), pergerakan empat bank besar (BBCA, BBRI, BMRI, BBNI) terpantau mixed. BBCA terkoreksi 2,15% ke Rp6.825, sementara BBRI dan BBNI berhasil menghijau tipis masing-masing 0,56% dan 0,70%. BMRI masih tertekan 0,61% ke level Rp4.880. Masih kuatnya tekanan",bbri
2026-03-11,Nyangkut bbri dan bbca kayak aku,bbri
2026-03-11,"Bank-bank besar di Indonesia seperti BBRI (Bank Rakyat Indonesia) sering menjadi sorotan karena dividen final yang jumbo, dengan proyeksi mencapai Rp322 per saham atau lebih berdasarkan payout ratio tinggi dari laba 2025. Ramalan ini muncul dari tren kinerja solid Himbara seperti",bbri
2026-03-11,Sebenernya habis dev tungguin saja bbri di bawan 3400 enak setahun dpt uang tunggu 10%..sambil tunggu bbri selipat atau ke 6000,bbri
2026-03-11,goyim disini gak paham weight composite itu di banking bbca + bbri yah wasalam again long jew short goy,bbri
2026-03-11,"Jangan kyk siapa tadi, punya $BBRI avg >5.200an..buset dah; jangan bilang kamu megang $BBCA avg 9rb dari 2024?",bbri
2026-03-11,1. BNGA 2. BRIS 3. BBRI 4. BMRI 5. SUPA 6. ARTO,bbri
2026-03-11,What??? $BBRI avg kepala 5 ??? Jelas SANGKUTERS itu mah karena udah lebih dari 1 tahun. Eh tapi klo niat invest mah laen cerita ya; Tapi ah gabener itu masa invest kog gak DCA saat BBRI 3.200an Wkwkw,bbri
2026-03-11,Mau lebih kekal lagi tunggu bbri 3200 ke bawah hbs dev,bbri
2026-03-11,kalau bbri 5200 disebutnya holder apa sangkuter?,bbri
2026-03-11,Ini per Januari 2026 ya. Holder paling banyak itu BBRI. Paling mendekati sejuta umat.,bbri
2026-03-11,"stay safe holder BBCA, holder BBRI jg sedang bertahan",bbri
2026-03-11,Sport bbri masuk bbni Jual bbni masuk bbri Sungguh performa yg mantap..,bbri
2026-03-11,"Ane rela nyangkut di SMSM 1840, BMRI 4800, BBRI 3800, ERAA 400, SMDR 330, ARNA 510, LSIP 1180, INDF 6400, BFIN 730, PWON 350, TOTO 270, SPTO 635, NCKL 1300, IPCM 320, avd pake dividen",bbri
2026-03-11,Icbp juga belum rilis,icbp
2026-03-11,"TLKM 30 memasuki fase eksekusi pada 2026. Transformasi ini difokuskan pada penguatan fundamental bisnis, tata kelola perusahaan, hingga restrukturisasi portofolio usaha di TelkomGroup. Selengkapnya> https://androidponsel.com/tlkm-30-transformasi-telkom/#Telkom#TLKM30#TransformasiDigital#BUMN#Teknologi",tlkm
2026-03-11,Telkom Percepat Transformasi TLKM 30 hingga 2030 https://harianjogja.com/read/2026/03/11/652/1249020/telkom-percepat-transformasi-tlkm-30-hingga-2030,tlkm
2026-03-11,[09:53:34] $BUVA - SELL Rp. 1.080.000.000 (10.000 lots @ Rp1.080) [09:53:39] $BBNI - SELL Rp. 2.150.000.000 (5.000 lots @ Rp4.300) [09:54:40] $TLKM - SELL Rp. 1.463.319.000 (4.927 lots @ Rp2.970) DYOR!,tlkm
2026-03-11,"Fokus Eksekusi Strategi TLKM 30, Telkom Dorong Penguatan Fundamental dan Tata Kelola Perusahaan https://majalahict.com/fokus-eksekusi-strategi-tlkm-30-telkom-dorong-penguatan-fundamental-dan-tata-kelola-perusahaan/@indoict",tlkm
2026-03-11,[09:06:41] $TLKM - NG Rp. 6.030.000.000 (20.000 lots @ Rp3.015) [09:11:42] $BBRI - BUY Rp. 2.048.400.000 (5.690 lots @ Rp3.600) [09:11:45] $TLKM - SELL Rp. 1.505.000.000 (5.000 lots @ Rp3.010) DYOR!,tlkm
2026-03-11,[09:50:33] $BBCA - SELL Rp. 1.744.407.500 (2.519 lots @ Rp6.925) [09:52:38] $MIDI - NG Rp. 27.597.862.800 (1.029.771 lots @ Rp268) [09:52:50] $TLKM - SELL Rp. 1.953.666.000 (6.578 lots @ Rp2.970) DYOR!,tlkm
2026-03-11,"DATA JUAL BELI ASING SESI 1 ASING BELI TLKM –53,7 MILIAR ITMG –17,1 MILIAR RLCO – 13,9 MILIAR PTBA –12,2 MILIAR RAJA – 10,5 MILIAR ASING JUAL BUMI - 82,1 MILIAR BBRI - 77,2 MILIAR DEWA - 72,6 MILIAR BBCA - 71,4 MILIAR BRMS - 49,6 MILIAR",tlkm
2026-03-11,Telkom Perkuat Fundamental Bisnis Melalui TLKM 30 https://businessupdate.id/?p=24198lewat@Businessupdate.id,tlkm
2026-03-11,"#SobatTelkom, transformasi menjadi langkah penting dalam memperkuat fundamental bisnis perusahaan. Melalui implementasi strategi TLKM 30, Telkom terus mendorong peningkatan kinerja melalui penguatan tata kelola, penataan portofolio bisnis, serta pengembangan infrastruktur",tlkm
2026-03-11,Sp 12/3 : 1. best bsde nobu ultj cleo nayz fast silo cbre cpin netv. 2. kaef prda. + : tlkm lead.,tlkm
2026-03-11,posit1F: IHSG ambrol: ADRO AMRT APLN ARTO ASRI BBCA BBRI BLTA BNII BREN BUMI BYAN CLEO CPIN DSSA ELSA EXCL GOTO GPSO HERO IMAS INDY KAEF KEJU LAJU MAPI MIDI MYOR PGEO TAYS TLKM UNVR: 11 Maret 2026:,tlkm
2026-03-11,Jaringan tlkm buosok,tlkm
2026-03-11,Telkom percepat eksekusi transformasi TLKM 30 https://indotelko.com/read/1773150961/telkom-percepat-eksekusi-transformasi-tlkm-30,tlkm
2026-03-11,Kaya tlkm kalau beli mulu naik harganya,tlkm
2026-03-11,"IHSG TECHNICAL VIEW (11/03/26) IHSG kemarin ditutup naik 1.41%, tapi disertai dengan net sell asing ~1.93 Tr. Saham yang paling banyak dijual asing adalah BBRI, TLKM, BBNI, BUVA, dan BRMS.",tlkm
2026-03-11,"Penutupan sesi akhir Top Foreign Buy TLKM, 160.5M BMRI, 39.6M ITMG, 30.9M FILM, 22.6M UNTR, 19.7M Top Local Buy BBCA, 261.9M BUMI, 137.3M BBRI, 80.4M DEWA, 73.3M TINS, 60.1M",tlkm
2026-03-11,"Parahnya tlkm, hampir 10% harta gw di sana lagi malah junam.",tlkm
2026-03-11,"Fokus Eksekusi Strategi TLKM 30, Telkom Dorong Penguatan Fundamental dan Tata Kelola Perusahaan https://keuangannews.id/fokus-eksekusi-strategi-tlkm-30-telkom-dorong-penguatan-fundamental-dan-tata-kelola-perusahaan/lewat@KeuanganNews",tlkm
2026-03-11,"Fokus Eksekusi Strategi TLKM 30, Telkom Dorong Penguatan Fundamental dan Tata Kelola Perusahaan https://majalahict.com/fokus-eksekusi-strategi-tlkm-30-telkom-dorong-penguatan-fundamental-dan-tata-kelola-perusahaan/via@indoict",tlkm
2026-03-11,Telkom Fokus Eksekusi Strategi TLKM 30 https://netralnews.com/telkom-fokus-eksekusi-strategi-tlkm-30/bkRuajZrVGU5Q2JUVnpCTElSU0JMQT09,tlkm
2026-03-11,Telkom Percepat Eksekusi Transformasi TLKM 30 di 2026 #uzoneID,tlkm
2026-03-11,Yup yg saya jual td pagi kalau sore merah saya beli balik Atau nyari yg merah dalam Doain tlkm merah dalam hari ini,tlkm
2026-03-11,"Stock Picks 11 Maret 2026 UNVR Spec Buy dengan support 1905, cut loss jika break di bawah 1865. Jika tidak break di bawah 1905, potensi naik ke 1985-2030 short term. Disclaimer: http://bit.ly/disclaimer-cgsiid#cgsi#cgsid#stockpicks#sobatgenvest#akuinvestorsaham",unvr
2026-03-11,posit1F: IHSG ambrol: ADRO AMRT APLN ARTO ASRI BBCA BBRI BLTA BNII BREN BUMI BYAN CLEO CPIN DSSA ELSA EXCL GOTO GPSO HERO IMAS INDY KAEF KEJU LAJU MAPI MIDI MYOR PGEO TAYS TLKM UNVR: 11 Maret 2026:,unvr
2026-03-11,unvr aja bisa kok haha,unvr
2026-03-12,"Ramalan Saham BBRI, Dividen Finalnya Bisa Segini https://investor.id/market/431655/ramalan-saham-bbri-dividen-finalnya-bisa-seginivia@InvestorID",bbri
2026-03-12,"sesi akhir data asing Top Foreign Buy ADRO, 209.7M AADI, 196.3M BMRI, 195M ITMG, 108.5M BBCA, 96M Top Local Buy BBRI, 153.6M BBNI, 126.6M INCO, 62.7M GOTO, 33.7M UNVR, 29M",bbri
2026-03-12,Ini bbca sama bbri mau merah sampe kapan,bbri
2026-03-12,nungguin bbri sm bmri,bbri
2026-03-12,"IHSG TECHNICAL VIEW (12/03/26) IHSG kemarin ditutup turun 0.69%, disertai dengan net sell asing ~730 Bn. Saham yang paling banyak dijual asing adalah BBCA, BUMI, BBRI, DEWA dan TINS.",bbri
2026-03-12,"either beli bbca, bbri, bapi, atau bitcoin(?)",bbri
2026-03-12,20% ke BFIN 20% ke BNGA 60% ke BBRI,bbri
2026-03-12,"Market crash, tapi asing malah borong saham ini! Sejak MSCI Crash akhir Januari 2026, investor asing tercatat melakukan net buy: BMRI EXCL BBRI ASII ADRO BBTN AMMN AMRT BRMS FILM #IHSG #Saham #pasarmodal #infosaham #PinePick",bbri
2026-03-12,Deviden bbri Deviden bbni Deviden ptba Deviden... Deviden... Deviden... Meikarta Dme coal Biomassa Bla.... Bla.... Ternyata masih 1/3...,bbri
2026-03-12,"nyerok bbni, bmri, bbri, bbca, sama ptba wkwk",bbri
2026-03-12,"Is this really that scary? Honestly, Ive never attended a RUPS before. I kinda wanna join the RUPS for BMRI/BBRI and other stocks sometime :/",bbri
2026-03-12,"bbri, bbni, bbtn, bbkp, bmri, bjtm. di antara bank tsb,mending buy yg mana gais? tolong sarannya",bbri
2026-03-12,Kalau di atas bener Tapi kalau pisau sdh di lantai takut apa ambil Contoh kasus bbri kalau 3400 saya masuk gede ..krn pisaunya sdh di lantai broo... Kalau waktu ptro 10.000 turun 8000 itu baru nangka pisau turun dr langit...,bbri
2026-03-12,BBRI dan BJTM ada spill kah,bbri
2026-03-12,"Stock Picks 12 Maret 2026 TLKM Spec Buy dengan support 2940, cut loss jika break di bawah 2880. Jika tidak break di bawah 2940, potensi naik ke 3060-3120 short term. Disclaimer: http://bit.ly/disclaimer-cgsiid#cgsi#cgsid#stockpicks#sobatgenvest#akuinvestorsaham",tlkm
2026-03-12,Its back to the price I bought it at before $TLKM,tlkm
2026-03-12,"Data jual dan beli asing sesi 1 Top Foreign Buy AADI – 140,6 miliar ADRO – 138,7 miliar BBCA – 107,1 miliar BMRI – 87,7 miliar MEDC – 55,0 miliar ITMG – 48,7 miliar BUMI – 36,9 miliar TLKM – 36,2 miliar NSSS – 22,1 miliar PTBA – 21,2 miliar Top Foreign Sell BBNI – 45,0 miliar",tlkm
2026-03-12,"PT Telkom Indonesia (TLKM) memang menegaskan komitmen mempertahankan kebijakan dividen jumbo untuk tahun buku 2025, mirip dengan Rp21,04 triliun atau Rp212,5 per saham pada 2024 dengan payout ratio 89%.",tlkm
2026-03-12,Belom ngumpulin 1000 lot bmri soalnya,bmri
2026-03-12,Sp 13/3 : 1. asri apln ctra gjtl bmri totl oils msky adro ship msin. 2. bbca. 3. agii pgas king itmg ptba.,bmri
2026-03-12,"Update Screening Watchlist Saham Indonesia : Kamis, 12 Maret 2026 (Closing). I = - II = BRIS, ARCI. III = BMRI, BRMS, PTBA, UNTR, ULTJ.",bmri
2026-03-12,"Ramadan selalu punya cara mengingatkan kita untuk berbagi. Hargai momen tunaikan kewajiban di Livin Sukha, berzakat jadi lebih mudah dan lebih bermakna. Livin Aja, Semua Bisa. Yuk, tunaikan zakat bersama Livin’ by Mandiri! Info lengkap: http://bmri.id/livinsukhaBank",bmri
2026-03-12,Saatnya dukung Garuda dengan gaya baru! Jersey terbaru Timnas Indonesia x Kelme sekarang sudah tersedia di Livin’ Sukha. Cek sekarang dan jadi bagian dari semangat baru Timnas Garuda! Info lengkap: http://bmri.id/jerseytimnasBankMandiriberizindandiawasiolehOtoritas,bmri
2026-03-12,"bbri, bbni, bbtn, bbkp, bmri, bjtm. di antara bank tsb,mending buy yg mana gais? tolong sarannya",bmri
2026-03-12,nungguin bbri sm bmri,bmri
2026-03-12,"sesi akhir data asing Top Foreign Buy ADRO, 209.7M AADI, 196.3M BMRI, 195M ITMG, 108.5M BBCA, 96M Top Local Buy BBRI, 153.6M BBNI, 126.6M INCO, 62.7M GOTO, 33.7M UNVR, 29M",bmri
2026-03-12,Beli BBNI dan BMRI,bmri
2026-03-12,"nyerok bbni, bmri, bbri, bbca, sama ptba wkwk",bmri
2026-03-12,beneran serame ini? jujur belum pernah ikut rups. pengen gitu kapan kapan ikutan rups bmri/bbri dan saham yang lain juga :/,bmri
2026-03-12,Masukin ke BMRI,bmri
2026-03-12,"Stock Picks 12 Maret 2026 UNVR Spec Buy dengan support 1960, cut loss jika break di bawah 1920. Jika tidak break di bawah 1960, potensi naik ke 2040-2080 short term. Disclaimer: http://bit.ly/disclaimer-cgsiid#cgsi#cgsid#stockpicks#sobatgenvest#akuinvestorsaham",unvr
2026-03-12,2. $UNVR PT Unilever Indonesia Tbk.,unvr
2026-03-12,"#IHSG pagi ini berfluktuasi, -0,25% ke 7.370 (12/3/2026) Tekanan datang dari net foreign sell Rp730 miliar dan kecenderungan teknikal melemah Rekomendasi saham: ULTJ, UNVR, SCMA (BRI Danareksa) #saham #sahamindonesia #StocksToTrade #StockslnFocus",unvr
2026-03-12,jd ndak dapet apapun itu bang yg udah antre di luar 520? ada yg bilang kalo unvr ndak kebagian kuota tetep dapet goodies cenah. meski ada yg dibedain isinya.,unvr
2026-03-12,Circa Okt 2025. Makan bakmi makin nikmat sambil TP $UNVR ‍,unvr
2026-03-12,"UNVR shares still cant rise to the safe zone, investors get a downtrend warning because the stock is still continuously dropping #saham #AplikasiAjaib",unvr
2026-03-12,"Masih terus berusaha buat optimis nunggu rebound, sementara itu bikin ide strategi yang jitu buat ramein market biar Saham UNVR jadi hijau lagi di minggu sekarang #saham #AplikasiAjaib",unvr
2026-03-12,"Sedikit salah langkah dan agak keluar jalur karena diluar prediksi, akhirnya nyoba buat atur strategi baru yang lebih beda biar Saham UNVR naik lagi dan dapetin posisi diatas lagi. Tapi buat profit tambahan lumayan jadi acuan modal semangat lagi #saham #AplikasiAjaib",unvr
2026-03-12,"sesi akhir data asing Top Foreign Buy ADRO, 209.7M AADI, 196.3M BMRI, 195M ITMG, 108.5M BBCA, 96M Top Local Buy BBRI, 153.6M BBNI, 126.6M INCO, 62.7M GOTO, 33.7M UNVR, 29M",unvr
2026-03-12,"Tense situation because UNVR stock is still in a down position, buys in the trade book havent shown any signs of catching up to rise to the 50% mark #saham #AplikasiAjaib",unvr
2026-03-12,"Today Im feeling unlucky because UNVR stock is fully red, the buy slot is still way behind the sell #saham #AplikasiAjaib",unvr
2026-03-12,Emang ke rups bbca dpt apa? Deposito kah? *pengalaman ke rups unvr dpt produk2 unilever*,unvr
2026-03-13,"Sobat BRI, Kamu bisa ajukan kendala transaksi, sarana pelaporan lainnya melalui Pusat Bantuan di BRImo. Setelah pengajuan dibuat, kamu dapat memantau status pengaduanmu melalui menu pengaduan saya. Praktis, bisa kapan saja dan dimana saja. Cek disini http://bbri.id/pusatbantuanbrimo",bbri
2026-03-13,"Benar ya. Program tersebut berlaku selama periode 20 Februari 2026 s.d. 31 Maret 2026 untuk pengajuan BRI Kartu Kredit Mastercard Platinum. Informasi lebih lanjut, silakan mengakses http://bbri.id/brimcplatinumya.InformasilainnyaseputarBRIdapathubungiSabrinaWhatsApp0812",bbri
2026-03-13,"Sobat BRI, Yuk, top up kuota 3 di BRImo dan dapatkan diskon hingga Rp88 ribu. Info lebih lanjut: http://bbri.id/promo3.Periodesampai31Maret2026,janganketinggalanya.#BRImo#BRImoMudahSerbaBisa",bbri
2026-03-13,Saham BBRI Jangan-jangan Tembus ke Sini #saham #infosaham #investasi,bbri
2026-03-13,"Revenue BBRI ga turun, CKPNnya aja yang naik. Begitu ekonomi recover, CKPN gabakal segede sekarang alias net profil langsung melonjak. Plus, CKPN yang dicatat sekarang bisa aja di kurangin nanti jadi profit tambahan. Kudu kuat2in perut aja sampe waktu itu datang.",bbri
2026-03-13,"Cuma megang BBRI sama BMRI doang, alhamdulillah masih waras, malah mau serok lagi ini",bbri
2026-03-13,"Gw mau beli bbri m, meskipun Porto gweh minus",bbri
2026-03-13,"Musim dividend datang kamu tim yang mana? Stabil & konsisten → BBRI, BMRI, TLKM, ASII, AKRA High yield tapi siklikal → PTBA, ITMG, ADRO, ANTM, UNTR #saham #dividend #infosaham #pasarmodal #IHSG",bbri
2026-03-13,waktu yang tepat buat serok/avgd BBRI eh taunya besok senin titik support 1 nya jebol,bbri
2026-03-13,Ada kak di ADRO sama BBRI,bbri
2026-03-13,last day nagih invoice project buat serok BBRI,bbri
2026-03-13,BTC 127.823.000 cash : 20.000.000 ( tas ) BBRI : 45.000.000-+ Rekening bca : 10juta bri : 78juta sisanya apa lagi yaa lupaa keburu di bangunin tadi pagi,bbri
2026-03-13,"Data penutupan sesi akhir Asing jualan sebesar 218.25 Miliar rupiah. Top Foreign Buy AADI, 105M ENRG, 70.5M BIPI, 69.7M ITMG, 54.8M ADRO, 46.7M Top Local Buy BMRI, 470.3M BBNI, 178.2M BBRI, 133.7M GOTO, 42.6M INDF, 37.4M",bbri
2026-03-13,"Revenue BBRI ga turun, CKPNnya aja yang naik. Begitu ekonomi bagus (i dont know when), CKPN gabakal segede sekarang alias net profil langsung melonjak. Plus, CKPN yang dicatat sekarang bisa aja di kurangin nanti jadi profit tambahan. Kudu kuat2in perut sampe economy recover.",bbri
2026-03-13,Dev nya kaga menarik brooo Di banding bbri,bbri
2026-03-13,juju,bbri
2026-03-13,Bbri garis kerasss,bbri
2026-03-13,BBRI support & psikologis di 3500 kalo jebol lebaran diundur aja 2027 boleh gak sih,bbri
2026-03-13,"1. RDPU - Bibit 2. Deposito - Funtastic 3. Emas digital - Fundtastic 4. Emas digital - Antam (logam mulia dot kom) 5. BMRI, BBRI, PANI, TLKM, PTBA, CBRE, PTRO, CBDK, SRTG, RLCO, PGAS",bbri
2026-03-13,"$BBRI akan menggelar RUPS tgl 10 April 2026, yang paling ditunggu2 adalah berapa dividen yang akan dibagikan tahun ini. Tapi kalo melihat laba tahun 2025 sih keknya bakal stagnan atau malah akan turun.",bbri
2026-03-13,2. ICBP Indofood CBP Sukses Makmur Tbk,icbp
2026-03-13,"IHSG Melemah 0,7% ke 7.309,5 di Pagi Ini (13/3), Top Losers LQ45: MDKA, ISAT, ICBP http://investasi.kontan.co.id/news/ihsg-melemah-07-ke-73095-di-pagi-ini-133-top-losers-lq45-mdka-isat-icbp#IHSG",icbp
2026-03-13,"Musim dividend datang kamu tim yang mana? Stabil & konsisten → BBRI, BMRI, TLKM, ASII, AKRA High yield tapi siklikal → PTBA, ITMG, ADRO, ANTM, UNTR #saham #dividend #infosaham #pasarmodal #IHSG",tlkm
2026-03-13,Even the American stock exchange regulator is confused by the anomalous numbers in the financial report of issuer TLKM. /everything can be arranged,tlkm
2026-03-13,"You just need to buy before the dividend announcement, thats all. Last year I made gains on LPPF, RALS, BJTM, BJBR, TPMA, TLKM, BNGA—my strategy was just buy a month before the RUPS and sell when the announcement drops.",tlkm
2026-03-13,Transformasi TLKM 30 Dorong Penguatan Fundamental dan Tata Kelola Telkom,tlkm
2026-03-13,"Duh. Diselidiki Regulator Bursa AS, TLKM Restatement Laporan Keuangan 2023–2024",tlkm
2026-03-13,"1. RDPU - Bibit 2. Deposito - Funtastic 3. Emas digital - Fundtastic 4. Emas digital - Antam (logam mulia dot kom) 5. BMRI, BBRI, PANI, TLKM, PTBA, CBRE, PTRO, CBDK, SRTG, RLCO, PGAS",tlkm
2026-03-13,"Diselidiki Regulator Bursa AS, TLKM Restatement Laporan Keuangan 2023&#8211;2024 http://insight.kontan.co.id/news/diselidiki-regulator-bursa-as-tlkm-restatement-laporan-keuangan-20232024#Telkom",tlkm
2026-03-13,"1. RDPU - Bibit 2. Deposito - Funtastic 3. Emas digital - Fundtastic 4. Emas digital - Antam (logam mulia dot kom) 5. BMRI, BBRI, PANI, TLKM, PTBA, CBRE, PTRO, CBDK, SRTG, RLCO, PGAS",bmri
2026-03-13,"Cuma megang BBRI sama BMRI doang, alhamdulillah masih waras, malah mau serok lagi ini",bmri
2026-03-13,setelah BMRI saatnya BBNI yang disikat oleh Market Maker.,bmri
2026-03-13,"OALAHHH, PANTAS BMRI HANCUR",bmri
2026-03-13,Nikmati diskon 20%* untuk layanan Informa Clean & Care dengan Mandiri Kartu Kredit! Promo berlaku s.d. 31 Maret 2026. *Info: http://bmri.id/informaBankMandiriberizindandiawasiolehOtoritasJasaKeuangandanBankIndonesia.#MandiriKartuKredit#BankMandiri,bmri
2026-03-13,"Data penutupan sesi akhir Asing jualan sebesar 218.25 Miliar rupiah. Top Foreign Buy AADI, 105M ENRG, 70.5M BIPI, 69.7M ITMG, 54.8M ADRO, 46.7M Top Local Buy BMRI, 470.3M BBNI, 178.2M BBRI, 133.7M GOTO, 42.6M INDF, 37.4M",bmri
2026-03-13,Nikmati diskon hingga Rp500 ribu* di Shopee untuk kebutuhan mudik dengan Mandiri Kartu Kredit! Promo berlaku s.d. 31 Maret 2026. *Info: http://bmri.id/shopeemudiksale26BankMandiriberizindandiawasiolehOtoritasJasaKeuangandanBankIndonesia.#MandiriKartuKredit#BankMandiri,bmri
2026-03-13,"Iya dah lah.. cari yg lebih menarik aja.. Tahu tahu kayak unvr, 6000 di rasa murah, 3000 ribu di rasa murah, 1000 nggak beli..",unvr
2026-03-13,"tapi saya duluu pernah ikut RUPS UNVR di Tangerang, so far aman2 aja sih, antri juga aman2 aja, gak kepanasan. pulang2 bawa es krim dan produk lainnya. padahal saya cuman mau tau perkembangan bisnis aja. tapi yah, itu dulu kali yah, belum banyak nyangkutersnya UNVR",unvr
2026-03-14,Siap-siap BBRI #saham #infosaham #investasi,bbri
2026-03-14,"Dividen Per Saham BBCA Rp336 dan BBNI Rp349, Segini Prediksi Dividen BBRI, BMRI dan BBTN",bbri
2026-03-14,BBRI lagi diskon serookkk dong gak mau ketinggalan momen #saham #AplikasiAjaib,bbri
2026-03-14,Tommi tesor,bbri
2026-03-14,anjay diundang RUPS BBRI aja nih apa gw flight ke jkt aja ya wkwkwk,bbri
2026-03-14,"List saham yang potensi dibuang asing (index fund): -​BBCA (Bank Central Asia): Bobot turun dari 45% ke 42,5%. Estimasi outflow Rp2,1 triliun hingga Rp3,5 triliun. Penurunan ini lebih karena faktor pembulatan baru, bukan karena data 1%. -​BBRI (Bank Rakyat Indonesia): Bobot turun",bbri
2026-03-14,"@grok bantu cari emiten yang ada pembagian dividen aku kasih contoh BMRI, BBCA, BBRI apalagi",bbri
2026-03-14,BBRI aja dikit kak,bbri
2026-03-14,Smoga saham2 dividen ambles lebih dalem happy banget smakin dalem Selama laba perusahaan masih d atas 50T... I love bbri kalau bisa jatuh sampe 1k,bbri
2026-03-14,"Dari sekian banyak emiten BBRI, BMRI, TLKM, ADRO, PTBA ini kenapa harus saham bumi bjirr",bbri
2026-03-14,"Just woke up, checked email and theres an invitation to BBRIs RUPS Should I go or not?",bbri
2026-03-14,Bbri kak,bbri
2026-03-14,iyaa bbri,bbri
2026-03-14,"Beberapa emiten pembagi dividen rutin lain selain BMRI, BBCA, BBRI: TLKM (Telkom), ASII (Astra), PTBA (Bukit Asam), PGAS (PGN), BBNI (BNI), ITMG. Cek IDX High Dividend 20 atau app broker buat update yield & fundamental terbaru (biasa 6-12% tergantung harga). DYOR ya, bukan saran",bbri
2026-03-14,"Good move buat TLKM, biasanya market suka perusahaan yg fokus",tlkm
2026-03-14,"Dari sekian banyak emiten BBRI, BMRI, TLKM, ADRO, PTBA ini kenapa harus saham bumi bjirr",tlkm
2026-03-14,"Beberapa emiten pembagi dividen rutin lain selain BMRI, BBCA, BBRI: TLKM (Telkom), ASII (Astra), PTBA (Bukit Asam), PGAS (PGN), BBNI (BNI), ITMG. Cek IDX High Dividend 20 atau app broker buat update yield & fundamental terbaru (biasa 6-12% tergantung harga). DYOR ya, bukan saran",tlkm
2026-03-14,$BMRI harga yang bagus untuk pembelian 4.670 dan 3.990 untuk mandiri...,bmri
2026-03-14,"Dari sekian banyak emiten BBRI, BMRI, TLKM, ADRO, PTBA ini kenapa harus saham bumi bjirr",bmri
2026-03-14,"Dividen Per Saham BBCA Rp336 dan BBNI Rp349, Segini Prediksi Dividen BBRI, BMRI dan BBTN https://kalderanews.com/2026/03/dividen-per-saham-bbca-rp336-dan-bbni-rp349-segini-prediksi-dividen-bbri-bmri-dan-bbtn/",bmri
2026-03-14,"Hargai momen silaturahmi dengan berbagi perhatian. Berbagi untuk orang terdekat jadi semakin praktis dengan fitur Top-up e-Wallet lewat Livin’ by Mandiri. Yuk, buat silaturahmi semakin erat bersama Livin’ by Mandiri! Info lengkap: http://bmri.id/edulvtopupBank",bmri
2026-03-14,"@grok bantu cari emiten yang ada pembagian dividen aku kasih contoh BMRI, BBCA, BBRI apalagi",bmri
2026-03-14,"Berapapun bisa, saham bisa buat jangka panjang (ya ditabung aja 10tahun misal tapi nyari emiten yang fundamental misal BBCA (bank bca), trading harian (pagi beli sore jual), nyari dividen dari emiten2 tertentu misal BMRI (bank mandiri). Saham rekomended sih kalo aku yang dividen.",bmri
2026-03-14,Kzjr2jkxdkkwkdskkwowodkdje,unvr
2026-03-14,$UNVR wait here for now,unvr
2026-03-15,"Saham BBRI Diskon Cukup Besar, Harga Harusnya Segini #saham #infosaham #investasi",bbri
2026-03-15,waduhhhh bahaya banget lhooooo apalagi nanti ada downgrade msci bakalan ada outflow besar besaran di bbri pakkk @RencanaTrading,bbri
2026-03-15,"Investor asing melepas saham secara agresif sepanjang pekan ini, dengan empat bank besar menjadi sasaran utama. Menurut data Bursa Efek Indonesia (BEI), saham bank pelat merah PT Bank Rakyat Indonesia (Persero) Tbk (BBRI) mengalami jual bersih (net sell) asing Rp971,99 miliar",bbri
2026-03-15,Beli saham bbri bang,bbri
2026-03-15,kemaren Beli BBRI 3940 Beli lagi di 3650 Kirarin udh harga bawah Ternyata masih turun Avg Down nyampe miskin,bbri
2026-03-15,"20 juta beli saham BBRI, 20 jutanya lagi beli BMRI, 40 Jutanya lagi beli ITMG, 10 jutanya kasi emak. Sisanya buat pegangan",bbri
2026-03-15,ez masuk ke rdn semua beli bbri,bbri
2026-03-15,"Maaf kalau kesannya gitu. Saya sudah cek history tweet kamu dari 2024 sampai 2025 juga (bukan cuma 2-3 hari). Konsisten banget: mayoritas bahas saham IHSG, teknikal analysis, edukasi cutloss/profit, ex-div BBRI/BACA, watchlist, cuan market, plus motivasi trader. Niche",bbri
2026-03-15,kayaknya nyangkut pucuk di BBRI dia ... makanya mara mara ...,bbri
2026-03-15,Salahnya beliau ga diversifikasi Saya pribadi dividen investing di ptba sido bbri uda dr 2021... Meremin aja santai.,bbri
2026-03-15,bbri menarik bgt apalgi buat invest jangka panjang,bbri
2026-03-15,lol friends got swept up when it was already too late BBCA 11K BBNI 4.5K BBRI 6K,bbri
2026-03-15,gass sih kapan lgi bbri diskon gini,bbri
2026-03-15,"The schedule for the distribution of final dividends from banks listed on the IDX for 2026 has largely been announced based on early-year AGMs, with a focus on major issuers such as BBCA, BBNI, BMRI, and BBRI.",bbri
2026-03-15,"Dulu ada yang mahar antam juga, terus bbca, sama bbri",bbri
2026-03-15,"Ehh, tpii jujur aku pernah liat kok dia sebutin maharnya 10.000 lot saham bbri",bbri
2026-03-15,"Kalo ICBP sama BBCA gimana Ooom? - Multiples masuk akal - Down 40% dari ATH Harus voluntary delisting di harga ATH juga? Kalau gini capek2 deh Om kita analisa CoF, mending doain saham yang kita punya junam ajaa",icbp
2026-03-15,"kmrn top 2 akum aku liat, emang debess lah tlkm, pun jika ada koreksi ya masih angka wajar",tlkm
2026-03-15,"TLKM bersama Komdigi memastikan kesiapan jaringan selama Ramadan hingga Idulfitri 2026. TelkomGroup mengoperasikan Posko SIAGA RAFI 13–30 Maret dengan dukungan ribuan petugas dan kapasitas jaringan hingga 60,7 Tbps untuk mengantisipasi lonjakan trafik. #saham #TLKM",tlkm
2026-03-15,"fundamental tlkm udah kuat, kalo mau tambah dibenerin ya market bakal lebih trust sih",tlkm
2026-03-15,"betul makanya itu perlu dibenahi semua, mungkin cara telkom ya bikin semacam framework tlkm 30",tlkm
2026-03-15,"buset gede jg, itu kalo utilitasnya kebuka auto mengudara tuh tlkm",tlkm
2026-03-15,kalo gini tlkm sepertinya akan meroket,tlkm
2026-03-15,ssaham tlkm jg bakal kuat ini di market,tlkm
2026-03-15,"Thats right, thats why all of that needs to be fixed, maybe Telkoms way is to create some kind of TLKM 30 framework",tlkm
2026-03-15,udh lama dari zaman UNVR belom nyungsep,unvr
2026-03-16,BBRI Buka-bukaan soal Dividen #saham #infosaham #investasi,bbri
2026-03-16,Pemicu Anjloknya Saham BBCA BBRI #saham #infosaham #investasi,bbri
2026-03-16,BERITA POPULER: Bank Sentral Borong Emas hingga Kisi-kisi Dividen BBRI #saham #infosaham #emas #investasi,bbri
2026-03-16,"saya akan average down saham BBCA, antam, dan BBRI",bbri
2026-03-16,"Market hari ini menarik. Crypto hijau. Saham Indonesia merah membara. BTC $73,831 (+3.5%) ETH $2,237 (+6.8%) SOL $93 (+6.2%) Sementara beberapa saham besar: BBCA Rp6.800,- (-1.09%) BREN Rp6.125,- (-2.78%) BBRI Rp3500,- (-0.28%) IHSG sempet dibawah 7K",bbri
2026-03-16,"no question why i took BBRI instead of another big banks. alasan pertama karena brilink menjangkau pelosok, jdi kalo support bri meski hanya beberapa lot saja semoga itu membantu",bbri
2026-03-16,Serok tiap bula BBRI BBCA,bbri
2026-03-16,"IHSG Technical View 16 Maret 2026 IHSG kemarin ditutup turun 3.05%, disertai dengan net sell asing ~222 Bn. Saham yang paling banyak dijual asing adalah BMRI, BBNI, BBRI, GOTO, dan INDF.",bbri
2026-03-16,Saham BBRI,bbri
2026-03-16,W naro uang kontrakan di bbri 2 juta rugi 256rb untung ga ditaro situ semua. Taro situ semua alamat gabisa bayar kontrakan taon depan,bbri
2026-03-16,"Ikut, sdh TP BBRI , sdh serok BBRI lg wkwkkw , i lope pear",bbri
2026-03-16,Mending BBRI,bbri
2026-03-16,Iya sih. Dviden BMRI n BBRI udh ada prediksinya blm sih mas?,bbri
2026-03-16,"Prediksi dividen untuk BBRI, BMRI, BBTN, dan BDMN tahun buku 2025 masih bersifat proyeksi berdasarkan laba yang dicatat, rasio pembagian dividen (DPR), dan rencana RUPST masing-masing emiten, dengan keputusan akhir bergantung pada persetujuan pemegang saham.",bbri
2026-03-16,Jual bbri masuk bbni Hari ini jual bbni masuk lagi bbri,bbri
2026-03-16,"Ah dr januari jg pas msci crash banyak bener yg blg belanja bbca bbri krn udh turun jauh. Coba skrg yg nyerok bbca di januari kemaren, skrg minus berapa? Mending stop beli apalagi mau long holiday. Tunggu tenang dulu baru mulai lagi",bbri
2026-03-16,"BBRI/BMRI nyangkut? Pihak ketiga ini spill jurus Sandiaga Uno soal fundamental! Sabar dulu, cek strateginya buat IHSG 2026! #Saham #Investasi #BBRI #BMRI",bbri
2026-03-16,"7 April terima dividen BBNI, kalau harga BBRI masih diskon, rencananya mau beli BBRI",bbri
2026-03-16,Nanti turunnya lebih dr 8% Saya lebih suka hold bbri bisa 10.% Lagian jatah untuk hold saya sdh full ...,bbri
2026-03-16,"Lagi summary sebelum libur Lebaran, ketemu hal yang sangat menarik: potensi titik dasar $BBRI. Kalau beneran kejadian, ngeri banget.",bbri
2026-03-16,"iPhone 13 is 7.1 million, the rest can be used for averaging down BBRI",bbri
2026-03-16,"mungkin karena udah nanem saham di bbri tapi malah rungkad, jadi stay di sini buat mantau",bbri
2026-03-16,"BRI (BBRI) Gelar RUPS Bulan Depan, Catat Agendanya",bbri
2026-03-16,lebih ok bbri mnurutku kalau mau ambil deviden jg ambil bigbank sm tmbang,bbri
2026-03-16,"Perusahaan di bawah naungan Danantara yang punya ROA bagus secara sektoral di IDX20BUMN $ANTM $PTBA $ELSA $BBRI $BMRI $TLKM $SMBR $PGEO Mimpi Danantara punya ROA 10% impossible kalo perusahaan kayak Garuda Indonesia, krakatau steel, Wika, Waskita Dkk",bbri
2026-03-16,Antri BBRI aja lah...,bbri
2026-03-16,BBRI WKWKWKWK,bbri
2026-03-16,"Perusahaan di bawah naungan Danantara yang punya ROA bagus secara sektoral di IDX20BUMN $ANTM $PTBA $ELSA $BBRI $BMRI $TLKM $SMBR $PGEO Mimpi Danantara punya ROA 10% impossible kalo perusahaan kayak Garuda Indonesia, krakatau steel, Wika, Waskita Dkk",tlkm
2026-03-16,PT Telkom Indonesia (Persero) Tbk (TLKM) berencana untuk menyajikan kembali (restatement) kaporan keuangan tahun 2023 dan 2024 yang disebut terdampak sesegera mungkin. #Telkom #SajikanUlang #LK2023dan2024 - http://Infodigital.co.idhttps://infodigital.co.id/telkom-akan-sajikan-ulang-lk-2023-dan-2024/,tlkm
2026-03-16,"Kalau anak perusahaan terlalu banyak dan nggak fokus, biasanya malah berat geraknya. Ya mngkin itu jg knp TLKM mulai nglakuin streamlining",tlkm
2026-03-16,"Keren sih transformasi digitalnya TLKM sekarang. Dari yg dulu identik ama telco konvensional, sekarang makin kelihatan fokus ke digital ecosystem. Semoga konsisten dan makin inovatif",tlkm
2026-03-16,PT Telkom Indonesia (Persero) Tbk (TLKM) ternyata masih dalam penyelidikan Otoritas Pasar Modal AS (Securities and Exchange Commission/SEC) sejak April 2025. #Telkom #PasarModalAS #SEC - http://Infodigital.co.idhttps://infodigital.co.id/telkom-masih-diselidiki-otoritas-pasar-modal-as/,tlkm
2026-03-16,"If a company has too many subsidiaries and lacks focus, it usually ends up being sluggish to move. Yeah, maybe thats also why TLKM is starting to do some streamlining.",tlkm
2026-03-16,BBCA 5000 BMRI 3200,bmri
2026-03-16,Beli bmri apaya,bmri
2026-03-16,Penuhi kebutuhan puasa jadi lebih praktis di Klik Indomaret dan dapatkan diskon Rp30 ribu* dengan transaksi pakai Mandiri Kartu Kredit! Berlaku s.d. 17 Maret 2026. *Info: http://bmri.id/RamadanKLIKINDOMARETBankMandiriberizindandiawasiolehOtoritasJasaKeuangandanBankIndonesia.,bmri
2026-03-16,Belanja furniture di IKEA pakai Mandiri Kartu Kredit dan dapatkan bonus voucher hingga Rp200 ribu*! Periode s.d. 29 Maret 2026. *Info: http://bmri.id/ikealebaran26BankMandiriberizindandiawasiolehOtoritasJasaKeuangandanBankIndonesia.#MandiriKartuKredit#BankMandiri,bmri
2026-03-16,Dapatkan bonus produk* atau potongan belanja* setiap Jumat–Minggu di Indomaret & Ceriamart dengan Mandiri Kartu Kredit! Berlaku hingga 29 Maret 2026. *Info: http://bmri.id/ramadanindomaretBankMandiriberizindandiawasiolehOtoritasJasaKeuangandanBankIndonesia.,bmri
2026-03-16,"Dapatkan bonus produk* setiap Jumat, Sabtu & Minggu di Alfamidi dengan Mandiri Kartu Kredit! Berlaku s.d. 29 Maret 2026. *Info: http://bmri.id/ramadanalfamidiBankMandiriberizindandiawasiolehOtoritasJasaKeuangandanBankIndonesia.#MandiriKartuKredit#BankMandiri",bmri
2026-03-16,Bisa turun sampai berapa dan apakah tekanan turun ini bisa menjadi sinyal dari berlanjutnya lagi tren turun harga saham $BMRI yang sudah berjalan dari tahun lalu? Pembahasan selengkapnya di sini,bmri
2026-03-16,BMRI : Lanjut lagi tren turunnya? | Elliott Wave Analysis Tekanan turun pada harga saham #BMRI yang sudah berjalan dari minggu sebelumnya terlihat masih berlanjut pada perdagangan di awal minggu ini,bmri
2026-03-16,Belanja Lebaran Makin Untung! Hargai momen belanja Lebaran dengan Cashback Rp5.000 setiap transaksi! Periode: 13 – 31 Maret 2026 Info lengkap: http://bmri.id/alfamartrmdn26#Alfamart#PromoAlfamart#Cashback,bmri
2026-03-16,UNVR itu fundamentalnya bagus.,unvr
2026-03-17,"Sobat BRI, Tunaikan zakat dengan lebih mudah ke YBM BRILiaN pakai BRImo Kamu bisa akses melalui fitur zakat di BRImo atau scan QR code di atas. Bayar zakat praktis, cuma pakai BRImo. Info lebih lanjut kunjungi http://bbri.id/zakatybm.#BRImo#BRImoMudahSerbaBisa",bbri
2026-03-17,"Sobat BRI, percantik rumah agar Lebaran terasa lebih nyaman dan penuh berkah. Dapatkan diskon hingga Rp2,5 juta melalui promo spesial BRI untuk berbagai kebutuhan rumah tangga pilihan. Info lebih lengkap cek di http://bbri.id/promoramadan26#BRITabungan#PromoMerchantBRI#BRImo",bbri
2026-03-17,"BBRI could drop again, right, sir?",bbri
2026-03-17,mi mami,bbri
2026-03-17,"karna bbni lotnya gk banjir kek bbri, jadi reboundnya gampang gk berat.",bbri
2026-03-17,"Fluktuasi harga yang dinamis, lagi turun harga jadinya buru-buru buy saham BBRI dari sekarang di harga Rp 3.530 tapi sambil nunggu naik. Awal baik buat mental yang disusun serapi mungkin biar chart juga ikut bagus #saham #AplikasiAjaib",bbri
2026-03-17,"ketika perbankan menyalurkan kredit ke ritel, mikro, atau ultramikro, risiko gagal bayar (apalagi in this economy) akan semakin gede Untuk menanggulangi risiko itu, perbankan ngasi bunga gede. Misal BBRI, BTPS.",bbri
2026-03-17,"Similar.. $BBRI 6000 supposedly gonna hit 10,000 or $BUMI 8000 supposedly gonna hit 12,000 or $DADA 170 supposedly gonna get bought out by Vanguard at 230,000 or $PANI gonna hit 40,000 hahahahahaha",bbri
2026-03-17,"Whats the Difference? Which One Do You Choose? Stocks > Buy ownership in a company Examples: BBCA, BBRI, AAPL > Limited trading hours (follows exchange hours) > Price movements more steady > Suitable for investment & swing trading Forex > Trading currencies Examples:",bbri
2026-03-17,bBri n g snack s?,bbri
2026-03-17,Dividen BBRI Akan Diputuskan di RUPST BRI 10 April 2026,bbri
2026-03-17,Harusnya kalau bln depan sich gampang Banyak saham murah Kalau kaga mau pusing bbri saja,bbri
2026-03-17,Wahh mulia amat.. Amrt coba Sama myor Tp kemaren sdh naik Bbri ok juga,bbri
2026-03-17,"Yahhh baru lwt tl, td ragu mau beli bbri atau bbni, akhirnya saya ambil bbri. Tau gini beli bbni",bbri
2026-03-17,"Oke bro, ini contoh konstituen utama MSCI Indonesia Index (18 saham total, cover ~85% pasar, data Feb 2026): 1. Bank Central Asia (BBCA) ~21% 2. Bank Rakyat Indonesia (BBRI) ~14% 3. Bank Mandiri (BMRI) ~10% 4. Telkom Indonesia (TLKM) ~9% 5. Astra International (ASII) ~7% 6.",bbri
2026-03-17,"Halo! Ya, kurang lebih begitu untuk dana pasif (ETF/index fund) BlackRock atau Vanguard yang melacak MSCI Indonesia Index. Modal baru dari investor yang ingin ikut indeks Indonesia akan otomatis dibagi ke 18 saham sesuai bobot (contoh: BBCA 21,2%, BBRI 14,2%, dst). Tujuannya",bbri
2026-03-17,"Bro, ikutin bobot saham di index artinya: Manajer aset passive (ETF/index fund MSCI Indonesia) harus pegang saham persis sesuai proporsi bobotnya di index. Contoh: BBCA bobot 21% → 21% dana fund mereka beli saham BBCA. BBRI 14% → 14% dana beli BBRI, dst. Mereka rebalance",bbri
2026-03-17,Klo bottom BBRI dmn pak T?,bbri
2026-03-17,"Hello! The MSCI Indonesia Index has 18 large & mid cap constituent stocks on the IDX (~85% of the Indonesian stock market, Feb 2026 data). Top 10: 1. BBCA (Bank Central Asia) 21.2% 2. BBRI (Bank Rakyat Indonesia) 14.2% 3. BMRI (Bank Mandiri) 10.5% 4. TLKM (Telkom Indonesia) 9.3%",bbri
2026-03-17,Streamlining anak perusahaan ini menurut gue langkah penting sih buat transformasi TLKM,tlkm
2026-03-17,"spin-off fiber ke Infranexia menurutku salah satu langkah paling kongkret dari TLKM 30. infrastruktur fiber memang aset besar yang selama ini mungkin belum keliatan valuasinya. . dan ya, perlu di unlock",tlkm
2026-03-17,BINGUNG BGT NNTI BELI KUOTA INTERNET BWT UMROH YG MANA YA PK TLKM MEHONG:(,tlkm
2026-03-17,tlkm yo podo ae njir hadeeeuuhh,tlkm
2026-03-17,"Bestiku, konstituen FTSE Indonesia Index (large & mid-cap investable) termasuk BBCA, BBNI (3.39%), CUAN, UNTR (2.35%), BRIS (2.11%), TLKM, ASII, BMRI, dan ~40 saham lain seperti bank, tambang, telekom. Top 10 cover ~75% bobot. Full list + weight cek factsheet FTSE Russell (Feb",tlkm
2026-03-17,"Tlkm?? Setauku ad data center katanya, cmiiw yah soalnya denger aja",tlkm
2026-03-17,"Oke bro, ini contoh konstituen utama MSCI Indonesia Index (18 saham total, cover ~85% pasar, data Feb 2026): 1. Bank Central Asia (BBCA) ~21% 2. Bank Rakyat Indonesia (BBRI) ~14% 3. Bank Mandiri (BMRI) ~10% 4. Telkom Indonesia (TLKM) ~9% 5. Astra International (ASII) ~7% 6.",tlkm
2026-03-17,"Im still a newbie looking around to learn about SHM! $TLKM, I heard its planning to expand into data centers & cloud, and ChatGPT said this, what do you guys think its projections are like?",tlkm
2026-03-17,"Hello! The MSCI Indonesia Index has 18 large & mid cap constituent stocks on the IDX (~85% of the Indonesian stock market, Feb 2026 data). Top 10: 1. BBCA (Bank Central Asia) 21.2% 2. BBRI (Bank Rakyat Indonesia) 14.2% 3. BMRI (Bank Mandiri) 10.5% 4. TLKM (Telkom Indonesia) 9.3%",tlkm
2026-03-17,"sederhana aja ya Allah, 10lot BMRI & 10lot ANTM",bmri
2026-03-17,"IHSG Naik 1,14% ke 7.102,2 Sesi I Selasa (17/3), Top Gainers: Saham EXCL, UNVR, AMMN http://investasi.kontan.co.id/news/ihsg-naik-114-ke-71022-sesi-i-selasa-173-top-gainers-saham-excl-unvr-ammn#IHSG",unvr
2026-03-17,"$UNVR dah aku TP ya, SOW",unvr
2026-03-17,Sp. 25/ 3 : gpra best kija ssia smra pwon pani gjtl mpmx pnin nobu bbni bbtn wege unvr lsip mapa ranc excl isat admr mdka medc tcpi.,unvr
2026-03-17,"Voluntary stock split, layaknya unvr",unvr
2026-03-18,Jaga keseimbangan finansial Anda di bulan Ramadan. Kelola THR dan mulai langkah investasi melalui Reksa Dana melalui BRImo dengan proses yang mudah. Info lebih lanjut : http://bbri.id/reksadana#BRIinvestasi#ReksadanaBRImo#MelayaniSepenuhHati,bbri
2026-03-18,Saham BBRI itu 3.600 bukan 4.300. Waduh nyuruh orang beli di pucuk ya?,bbri
2026-03-18,Obligasi + saham bbca + bbri + aman Saham fokus ke nyari deviden nya,bbri
2026-03-18,100 Trillion Flows into HIMBARA BMRI BBRI BBNI BBTN BRIS,bbri
2026-03-18,"lagi fokus di BBRI tapi BBNI emang ada di watchlist sih, kayanya menarik nih buat di explore buat nambah porto perbankan",bbri
2026-03-18,"Semoga bbri junam lg, baru masuk 25% eman bgt kalo langsung terbang",bbri
2026-03-18,"Obligasi + saham BBRI BBCA + deposito + emas (dipecah, jgn semua di satu pot besar) Soale rumah kos perlu byk perawatan, mis waterproof, repaint tembok, fasilitas lemari kasur diganti, renovasi kmr mandi dll",bbri
2026-03-18,"“gak mau, aku maunya BBRI” terus putus karena beda keyakinan",bbri
2026-03-18,"Ada dividen investing yg ga perlu analisa, tp orang maunya yg profit cepat Trilyuner kyk andrew aja cmn nyari 6% yg penting aman. Brati tips kaya cari set return stabil n aman Beli aja saham PTBA SIDO BBRI/BMRI. Turun = beli. Dividen 7% + Tp org maunya cepet kaya, jdnya miskin",bbri
2026-03-18,"make sense ketika cuan diatas laju inflasi. so far BBRI masih 8%, inflasi tahunan sekitar 5% tapi akan tiba masanya, 6 juta yg skrng cukup, 10 tahun kemudian akan berasa kurang. karena nilai penghasilan statis, sedangkan item dan nilai pengeluaran dinamis.",bbri
2026-03-18,"Dividen BBRI ga fix segitu tiap tahun—bisa naik, bisa turun, liat ekonomi sm kebijakan. harga goyang, mental harus siap. risiko all-in 1 saham that’s not investing, that’s gambling in disguise.",bbri
2026-03-18,"Gak boros nder, jaman now gak byk yg bisa nabung 1jt. Jgn main saham klu gak paham, bisa boncos (kecuali lsg bluechip, BBRI dividen 10% per tahun) Lbh penting dana darurat nder, sblm main invest. Gaji 4,6 berarti dana darurat yg aman 46jt, kumpulin itu dulu. Baru sisanya invest",bbri
2026-03-18,Kalau saham BBRI makin turun alias merah dr harga beli awal gimn bang?,bbri
2026-03-18,Yess bang tapi kl turunnya bisa minus 3x dr deviden yg diterima gimn tuh bang? Ehh tiba2 ada keperluan mendesak lebih dr pendapatan deviden perbulan yg mau ga mau hrs jual saham bbri tsb.. Menurut saya dg penghasilan/bln dr deviden blom cukup utk pensiun sih,bbri
2026-03-18,biaya hidup ditempatku 40jt/tahun. masih untung 30jt/tahun masukin lagi BBRI,bbri
2026-03-18,Market bukak tak all in BBRI,bbri
2026-03-18,"Bagi sebagian orang deviden dari BBRI itu riba, mending grup Astra",bbri
2026-03-18,Kenapa harus BBRI?,bbri
2026-03-18,"Happened to be chatting with Gemini about retirement funds, but I dont get stocks like this. So, does BBRI fall under point 3 there, min? Got an inheritance but Im super scared itll all run out with nothing left, confused where to allocate it",bbri
2026-03-18,"If you think about it, if you had 1 billion at age 30, you could already retire Buy BBRI shares at 4300, get 232,000 shares BBRI dividend, lets say 350 rupiah/year You could get 81,200,000 minus 10% tax Net 73,080,000/year or 6,090,000/month No need to work, get",bbri
2026-03-18,"maseh POSIT1f: ADES ANTM EXCL INDY BNII CPIN APLN KIJA TLKM AMRT MIDI MAPI DSSA UNVR ADMR ASII ELSA BYAN ADRO PGAS IMAS KAEF BLTA LAJU CLEO ARTO HERO MYOR TAYS : +1,43 +2,17 +22,17 +5,62: kali lipat: CUTE:170326:",tlkm
2026-03-18,"TLKM lagi shifting ke arah digital infra sih keliatannya. long term oke, tapi short term biasanya masih berat di capex",tlkm
2026-03-18,"@ariyanti_endah Halo Sahabat @ariyanti_endah , dapat kami informasikan untuk kantor cabang Bank Mandiri kembali beroperasional pada tanggal 25 Maret 2026 ya. Operasional kantor cabang Bank Mandiri dapat diakses melalui website http://bmri.id/infocabangataumelaluiMITAdi",bmri
2026-03-18,"Kalo mau yang gak terlalu volatil ya pilih saham difensif yang rutin bagi dividen kayak SMSM, BNGA, NISP POWR, TOTO, SPTO, IPCM, IPCC, BMRI dll",bmri
2026-03-18,"Ada dividen investing yg ga perlu analisa, tp orang maunya yg profit cepat Trilyuner kyk andrew aja cmn nyari 6% yg penting aman. Brati tips kaya cari set return stabil n aman Beli aja saham PTBA SIDO BBRI/BMRI. Turun = beli. Dividen 7% + Tp org maunya cepet kaya, jdnya miskin",bmri
2026-03-18,"Misalnya: BMRI kinerjanya relatif stabil harga 4700,, PER saat ini 1.5x dengan yield hampir 10%,, jika terdampak krisis bisa turun dibawah 4000 dan yield nya naik,,,",bmri
2026-03-18,Lebih banyak BMRI dividennya,bmri
2026-03-18,"Dapatkan e-money Special Edition Tahilalats Ramadan 2026 melalui fitur Sukha di Livin’ by Mandiri mulai 16 Maret 2026! *Info: http://bmri.id/emoneyTahilalatsRamadanBankMandiriberizindandiawasiolehOtoritasJasaKeuangandanBankIndonesia,sertamerupakanpesertapenjaminanLPS.",bmri
2026-03-18,100 Triliun Masuk HIMBARA BMRI BBRI BBNI BBTN BRIS,bmri
2026-03-18,32. $BMRI koreksi Maret 2026,bmri
2026-03-18,Lucu ya BBCA BMRI ENAK,bmri
2026-03-18,"JAKARTA - PT Bank Mandiri (Persero) Tbk (BMRI) berencana melakukan pembelian kembali (buyback) saham dengan nilai maksimal Rp1,17 triliun pada April 2026 mendatang. Baca selengkapnya: https://idnfin.id/a62278",bmri
2026-03-18,"AGRO, belum bagi dividen. BMRI dan BBNI sudah",bmri
2026-03-18,"Nikmati diskon s.d. Rp38 ribu* untuk beli paket data Tri lewat fitur Top-up di Livin’ by Mandiri! Berlaku s.d. 31 Maret 2026. Info: http://bmri.id/trispesialmaretBankMandiriberizindandiawasiolehOtoritasJasaKeuangandanBankIndonesia,sertamerupakanpesertapenjaminanLPS.",bmri
2026-03-18,Justru waktunya buat nyerok bbca sama bmri hahahah,bmri
2026-03-18,"maseh POSIT1f: ADES ANTM EXCL INDY BNII CPIN APLN KIJA TLKM AMRT MIDI MAPI DSSA UNVR ADMR ASII ELSA BYAN ADRO PGAS IMAS KAEF BLTA LAJU CLEO ARTO HERO MYOR TAYS : +1,43 +2,17 +22,17 +5,62: kali lipat: CUTE:170326:",unvr
2026-03-18,"kaget, editan aku ada di twitter.. huhuu seneng banget ada yang share.. aku juga pas denger lagunya langsung bilang ini sunwoo banget",unvr
2026-03-18,multiBAGGER: BBCA BLTA BUMI BYAN CLEO EXCL IMAS INDY KAEF LAJU TAYS UNVR Tunai Portofolio: total ASET saham : Posit1F :,unvr
2026-03-18,"kalo unvr itu labanya turun terus pas itu, bca kan naik terus",unvr
2026-03-18,"IYAAA HUHU. sama sama, seneng banget kalo banyak yang sukaa",unvr
2026-03-18,omg pas banget sama ultah akuu,unvr
2026-03-18,Presiden Direktur PT Unilever Enterprises Indonesia (UEI) Nurdiana Darus dan Direktur Padwestiana Kristanti mengundurkan diri dari perusahaan. Penggandinya Mario Abdi Amrillah dan Riska Sabrina melalui RUPSLB pada 29 April mendatang. UEI sendiri adalah sister company UNVR.,unvr
2026-03-18,"OMG ITU KAMU YANG EDIT TERNYATA. makasih banyak kak udah edit ini, tadi lewat fyp aku dan auto langsung aku comment + saveee love banget <3333",unvr
2026-03-19,"Siap sambut Lebaran di rumah idaman. Nikmati BRI KPR dengan suku bunga mulai 3,55% eff.p.a fixed hingga 5 tahun. Jangka waktu panjang dengan proses yang mudah dan cepat untuk mewujudkan hunian impian Anda. Info lebih lanjut : http://bbri.id/kprexclusive26#BRIKPR#BRIKPRexclusive",bbri
2026-03-19,"Sobat BRI, Perjalanan mudik Lebaran jadi lebih tenang bersama Sabrina. Butuh informasi weekend banking BRI, info promo BRI, lokasi merchant BRI, Lokasi BRI ATM, Lokasi posko mudik BRI, Atau butuh informasi layanan BRI bisa #TanyaSabrinaAja Kunjungi http://bbri.id/tanyasabrina",bbri
2026-03-19,Beautify your home ahead of Lebaran so that the moments spent gathering with family feel even more comfortable. Fulfill your home beautification needs together with BRI Multiguna with fast and easy financing solutions. More info: http://bbri.id/brimultigunapurna#BRIMultiguna,bbri
2026-03-19,"Protect your familys future with Aurora Plus Insurance, a protection solution to provide peace of mind for you and your loved ones. For more information: http://bbri.id/auroraplus#BRIBancassurance#Asuransiauroraplus#MelayaniSepenuhHati",bbri
2026-03-19,"BRI Buddy, Now sharing THR is even easier with BRImo! You can use the QRIS transfer feature or gold transfer, which is sure to make it more practical and fun For more info: http://bbri.id/ramadanbrimo.#BRImo#BRImoMudahSerbaBisa#MelayaniSepenuhHati",bbri
2026-03-19,"Serunya Lebaran terasa lebih lengkap di rumah idaman. Wujudkan hunian impian bersama BRI KPR dengan suku bunga mulai 3,55% eff.p.a fixed hingga 5 tahun. Nikmati jangka waktu panjang dengan proses yang mudah dan cepat. Info lebih lanjut : http://bbri.id/kprexclusive26#BRIKPR",bbri
2026-03-19,"Sobat BRI, Mau bayar zakat sambil nunggu buka puasa? Pakai BRImo bisa kapan aja! Kamu bisa salurkan zakatmu ke lebih dari 10 lembaga cuma lewat BRImo. Info lebih lanjut: http://bbri.id/zakat.#BRImo#BRImoMudahSerbaBisa#MelayaniSepenuhHati",bbri
2026-03-19,"Mudik lebaran lebih tenang bersama BRI Multiguna Wujudkan rencana Lebaran Anda, mulai dari liburan lebaran, kebersamaan keluarga, hingga berbagi di hari raya dengan solusi pembiayaan yang cepat dan mudah. Info lebih lanjut : http://bbri.id/brimultigunakarya#BRIMultiguna",bbri
2026-03-19,"Manfaatkan momentum Lebaran untuk mengembangkan layanan kesehatan Anda. Dengan BRI Multiguna, kebutuhan pengembangan klinik dapat didukung melalui solusi pembiayaan yang cepat dan mudah. Info lebih lanjut: http://bbri.id/brimultigunakarya#BRIMultiguna#cepatdanmudah",bbri
2026-03-19,Kami berikan 5 pesan ringan untuk kamu menghadapi porto merah saat periode libur di sini: https://mikirduit.com/5-hal-yang-bisa-kamu-lakukan-agar-tetap-waras-saat-market-bergejolak-di-periode-liburan/$BBRI$BUMI$PTRO,bbri
2026-03-19,posta? juasss,bbri
2026-03-19,"Di akun anak jg all dividen investing. Ptba sido bbri. Mau nyungsep gimana pun saya ga worry slama dividen terus berjalan dan mencetak laba Di akun trading jg cuannya lbh bsr dr dividen Ga ada yg salah dengan 2 pola itu, tinggal cocokin sama profile risk masing2",bbri
2026-03-19,BBRI kira2 bakalan ngentuh 5k gk yaa soalnya id boncos banyak ni,bbri
2026-03-19,EVERYONE IS STILL BUYING BBRI AND BBCA STOCKS EVEN THOUGH 2026 COULD BE THE END OF THE GAME Source : Bennix,bbri
2026-03-19,Kalau tabungan jgn di forex Di saham atu.. Bbri aman Bmri,bbri
2026-03-20,"Sobat BRI, Perjalanan bukan sekadar sampai ditempat tujuan, tapi tentang kenyamanan bersama di setiap momen. Nikmati BRI KKB dengan: - Bunga mulai 2,85% flat p.a - Tenor hingga 3 tahun Info : http://bbri.id/kkbSaatnyamilikimobilimpianmudengan#BRIKKB",bbri
2026-03-20,"Dear BRI Friend, Vacations become even more fun and affordable with the BRImo promo! Get discounts up to Rp130,000 for ticket purchases to Borobudur Temple, TMII, Dago Dream Park, and many other tourist spots in the exciting activities feature of BRImo More info:",bbri
2026-03-20,Belajar dengan holder bbri bang wolf untuk melatih kesabaran nya. Wkwkwk,bbri
2026-03-20,"itu yield 27% setelah 20 tahun? misal BBRI dari 2005 sampe skrg tuh 1200% naiknya (12x). kalo modal 100 juta jadi 1,2M div yield skrg 9% berarti 108 juta yg artinya yieldnya 100% terhadap modal awal. ini belom kalo reinvest. bukannya 27% dari modal awal itu kecil banget ya?",bbri
2026-03-20,Waktu Covid BBRI di harga 1500,bbri
2026-03-20,Waduh. Holder $BBRI kepala 6 tahun 2024,bbri
2026-03-20,Ini cuma kejadian di bmri aja atau terjadi juga di bbca bbni bbri bbtn?,bbri
2026-03-20,"PT Telkom Indonesia (TLKM) gelar RUPSLB 24 April 2026. Simak jadwal, cara ikut via eASY.KSEI, dan syarat usulan agenda strategis.",tlkm
2026-03-20,Gass tlkm 19160,tlkm
2026-03-20,Tlkm pun,tlkm
2026-03-20,"Upgrade Huawei Mate X7 jadi makin hemat! Nikmati diskon hingga Rp5 juta* dan cicilan 0% hingga 24 bulan* di Huawei, Erafone dan Eraspace pakai Mandiri Kartu Kredit. Yuk, beli sekarang juga! Periode hingga 31 Maret 2026. *Info: http://bmri.id/huaweimatex7BankMandiri",bmri
2026-03-20,"Promo spesial di Superindo! Nikmati cashback Rp25 ribu* pakai QR Bayar Livin’ by Mandiri! Berlaku hingga 25 Maret 2026. Yuk, raih promonya sekarang! *Info: http://bmri.id/Superindormdn26BankMandiriberizindandiawasiolehOtoritasJasaKeuangandanBankIndonesia,serta",bmri
2026-03-20,"Shopee Big Ramadan Sale bikin belanja makin seru! Nikmati diskon hingga Rp500 ribu* di Shopee pakai Mandiri Kartu Kredit/Debit Mandiri & Mandiri Virtual Account. Yuk, checkout sekarang! Periode hingga 22 Maret 2026. *Info: http://bmri.id/RamadanSHOPEEBankMandiriberizin",bmri
2026-03-20,Ini cuma kejadian di bmri aja atau terjadi juga di bbca bbni bbri bbtn?,bmri
2026-03-20,Nikmati diskon s.d. Rp75 ribu* di ASTRO pakai Mandiri Kartu Kredit! Berlaku s.d. 21 Maret 2026. Bank Mandiri berizin dan diawasi oleh Otoritas Jasa Keuangan dan Bank Indonesia. *Info: http://bmri.id/ramadanASTRO#MandiriKartuKredit#BankMandiri,bmri
2026-03-20,"Belanja hemat menuju Lebaran! Belanja di Diamond Supermarket dapat cashback Rp20 ribu* pakai QR Bayar Livin’ by Mandiri! Berlaku hingga 25 Maret 2026. Yuk, belanja lebih hemat sekarang juga! *Info: http://bmri.id/Diamondrmdn26BankMandiriberizindandiawasiolehOtoritas",bmri
2026-03-20,Nikmati diskon Rp5 juta* untuk pembelian HUAWEI Mate X7 pakai Mandiri Kartu Kredit! Berlaku s.d. 4 April 2026. *Info: http://bmri.id/huaweix7BankMandiriberizindandiawasiolehOtoritasJasaKeuangandanBankIndonesia.#MandiriKartuKredit#BankMandiri,bmri
2026-03-20,"Belanja peralatan rumah, bayarnya lebih ringan! Dapatkan cashback Rp10 ribu* di http://MR.DIYpakaiQRBayarLivin’byMandiri!Berlakuhingga25Maret2026.Yuk,belanjasekarangjuga!*Info:http://bmri.id/MRDIYrmdn26BankMandiriberizindandiawasioleh",bmri
2026-03-20,"Nah, ulasan tentang alasan kenapa rasio dividen jumbo justru bisa tidak menarik bisa cek di sini: https://mikirduit.com/alasan-saham-dengan-rasio-dividen-jumbo-memiliki-peluang-kenaikan-harga-lebih-rendah/$HMSP$UNVR$SIDO",unvr
2026-03-20,"Dan, di instrumem investasi, ada yg namanya prospektus sama apa sheet gitu namanya. Karena topik kita di thread ini passive income dari obligasi, ya makanya, itu bagian dari kita menyeleksi. Misal nih, kamu ambil saham unilever, tapi kan kita boikot. Ya jangan invest di UNVR",unvr
2026-03-21,BBRI BBCA Cs Paling Terdampak #saham #infosaham #investasi,bbri
2026-03-21,"Depends. Komoditi? Jagoan saya siklus ini, Tins, Indy Finance? BBRI, BTPS",bbri
2026-03-21,"selain itu bbri dan bmri juga mau bagi dividen, cuma profit bbri lagi turun",bbri
2026-03-21,Kalau saya ptba sido dan bbri Ptba avg 2700 dr sejak 2020 Sido avg 515 dr sejak 2020 Bbri avg 3900 dr sejak 2020 Masi terus berdoa turun dalem biar bs nambah,bbri
2026-03-21,Dividen Final BBRI BMRI Tembus Segini per Sahamnya? #saham #infosaham #investasi,bbri
2026-03-21,BBRI :),bbri
2026-03-21,pernah ngalami di akhir 2024 awal 2025. BC (bbri tlkm) pegangan minus 30% akhirnya cutloss di ags 2025. Tetep tiarap akhir 2025 saat saham lain pada terbang. Pelajaran sy: jgn tll yakin sm bc,bbri
2026-03-21,"Bbri diemin aja ya, punyaku jg didiemin doang buat nyari deviden",bbri
2026-03-21,Gua liat kemaren kalo kita nabung BBRI dari 2021 kaga naek2 WKAKAKAKAKKA,bbri
2026-03-21,BBRI,bbri
2026-03-21,"Mudik Lebaran diklaim mesin penggerak ekonomi — benar. Tapi enginenya bukan retail. JSMR (tol), TLKM/EXCL (data), GIAA (penerbangan) yang capture value sesungguhnya. MAPI & RALS? Mereka kehilangan pembeli kota 10+ hari. Jangan beli hype. @IDX_Channel",tlkm
2026-03-21,pernah ngalami di akhir 2024 awal 2025. BC (bbri tlkm) pegangan minus 30% akhirnya cutloss di ags 2025. Tetep tiarap akhir 2025 saat saham lain pada terbang. Pelajaran sy: jgn tll yakin sm bc,tlkm
2026-03-21,EXCL ISAT TLKM,tlkm
2026-03-21,Dividen Final BBRI BMRI Tembus Segini per Sahamnya? #saham #infosaham #investasi,bmri
2026-03-21,BUMI itu Bluechip sebelum krisis tahun 2008. ath nya RP 8.750 UNVR & GGRM itu bluechip di era 2011-2019. Masing-masih ath di harga RP 55.900 sama RP 100.975. Liat harganya sekarang saham-saham di atas. Semoga kita gak kejebak di Bluechip trap dan bisa belajar dari sejarah.,unvr
2026-03-22,"BBCA shares are more sustainable than BBRI, because they have a sturdier business foundation and are managed professionally, have done splits and pay dividends twice a year.",bbri
2026-03-22,"Dividen play tersenyum melihat market jatuh sampe nyungsep... Ptba sido bbri... Smakin jatuh smakin happy Selama perusahaan laba gede, endingnya pasti asing beli. Asing jg ga bego ada perusahaan bagus, valuasi murah, ga dibeli...",bbri
2026-03-22,"BBCA & BBRI are blue chips, usually people who have a really huge emergency fund only target the big annual bank dividends. So its best to prepare an emergency fund of 10x UMR first & have a monthly surplus habit (income > lifecost), then start with blue chip stocks & just",bbri
2026-03-22,"Hadir holder BBRI , BBNI & BJBR",bbri
2026-03-22,"If you have 100 million would you choose to put it in a deposit or buy its stocks? For example: Bjtm: deposit 3%, dividend yield > 8% Bmri: deposit 2.5%, dividend yield > 8% Bbri: deposit 3%, dividend yield > 8% Bbni: deposit 2.5%, dividend yield 8% Thats why use cold money,",bbri
2026-03-22,knp BBNI ? kenapa ga BBRI ?,bbri
2026-03-22,"Is it better to make installment payments every day or how should it be done?? Are BBCA and BBRI the best stocks, or are there other options??",bbri
2026-03-22,Kalo grafiknya BBRI gmn,bbri
2026-03-22,"THS: multiBAGGER: ANTM, INDY, BLTA: 02 Januari 2025 - 17 Maret 2026: posit1F: ades, blta, UNVR, tays, PGEO, laju, INDY, IMAS, elsa, DSSA, BUMI, TLKM, PGAS, EXCL, ASII, apln, ANTM, ADMR",tlkm
2026-03-22,"Jadi, bagaimana dengan 2026 yang ada drama MSCI, penurunan rating Outlook ekonomi Indonesia, hingga perang AS-Iran? kami ulas selengkapnya di sini: https://mikirduit.com/begini-pola-pergerakan-ihsg-pasca-lebaran-periode-2021-2025-bagaimana-dengan-2026/$BBCA$ASII$TLKM",tlkm
2026-03-22,"TLKM itu bagus, murah, terjangkau, kalau gajinya gede",tlkm
2026-03-22,"Yuk belajar mekanisme transaksi di Bursa Kenapa harus transaksi lewat pasar Nego kalau bisa di Reguler? Yuk lgs aja pake contoh kasus ya! Bayangkan kamu punya 100 juta lot saham TLKM yang ingin dijual sekaligus. Nilainya bisa mencapai triliunan rupiah, tergantung harga saat",tlkm
2026-03-22,"@no454beep Selain itu, pembukaan rekening dapat dilakukan melalui layanan Customer Service Machine (CSM) yang tersedia di beberapa lokasi. Informasi lokasi CSM dapat diakses melalui http://bmri.id/lokasicsmachine-KTPasli(pastikandalamkondisibaik)-Nomorhandphonedanalamat",bmri
2026-03-22,"Kalau kamu punya 100 jt pilih taruh di deposito atau beli saham nya? Misal: Bjtm : deposito 3%, deviden yield > 8% Bmri : deposito 2.5%, deviden yield > 8% Bbri : deposito 3%, deviden yield > 8% Bbni : deposito 2.5%, deviden yield 8% Maka nya pakai duit dingin, anggap buka",bmri
2026-03-22,"Masuk Invest IHSG sejak 2017, alhamdulillah tdk pernah Boncos, selama percaya saham Fundamental PASTI BAIK2 SAJA, saya yang awalnya Rugi di ASII, PTBA, BMRI berbalik arah jadi UNTUNG, intinya kalau rugi Hold aja, PASTI akan kembali ke ATH nya, Saya jamin PASTI.",bmri
2026-03-22,"Nikmati diskon 10% s.d. Rp75 ribu* di HERO & Mitra Swalayan dengan tukar Livin’poin pakai Mandiri Kartu Kredit. Berlaku s.d. 31 Maret 2026. *Info lengkap: http://bmri.id/ramadanheroBankMandiriberizindandiawasiolehOtoritasJasaKeuangansertaBankIndonesia,serta",bmri
2026-03-22,"Rumah nyaman dengan furnitur impian! Nikmati diskon hingga Rp2 juta* di Dekoruma pakai Mandiri Kartu Kredit! Yuk, upgrade suasana rumah sekarang! Berlaku hingga 31 Maret 2026. *Info: http://bmri.id/dekorumaBankMandiriberizindandiawasiolehOtoritasJasaKeuangan",bmri
2026-03-22,"Promo buat pecinta fashion! Dapatkan bonus voucher Rp50 ribu* + Cicilan 0% s.d. 6 bulan* di Pendopo pakai Mandiri Kartu Kredit! Yuk, belanja bareng! berlaku hingga 31 Maret 2026. *Info: http://bmri.id/pendopoBankMandiriberizindandiawasiolehOtoritasJasaKeuangan",bmri
2026-03-22,bmri sih gg,bmri
2026-03-22,"THS: multiBAGGER: ANTM, INDY, BLTA: 02 Januari 2025 - 17 Maret 2026: posit1F: ades, blta, UNVR, tays, PGEO, laju, INDY, IMAS, elsa, DSSA, BUMI, TLKM, PGAS, EXCL, ASII, apln, ANTM, ADMR",unvr
2026-03-23,"Apakah salah satu lainnya $BBRI ? Jawabannya bukan, Dari hitungan kami proyeksi dividen final BBRI exclude interim di Rp187 dengan yield 5,37 persen. Jadi, siapa saja saham tersebut? kami ulas selengkapnya di sini:",bbri
2026-03-23,"cuma pamer doanK: berburu: BOTTOM 2026: ekspektasi kemiripan tren IHSG 2020, 2026: bbca, bbri, bmri, bbni, bnii, arto, goto, buka, amrt, mapi, excl, tlkm, bumi, dewa: 30/04/2026: 30/06/2026: kontrarian: BOTTOM: CURI:",bbri
2026-03-23,"BUMI, DEWA, BBCA: bbri, bmri, bbni, bnii, arto: THS: kemiripan: pandemi v. krisis energi: 2020 v. 2026: koreksi turun, lalu mantul naek:",bbri
2026-03-23,"Dear BRI Friend, Enjoy the im3 quota promo in BRImo special for you! Get discounts up to 26% valid until March 31, 2026 For more info: http://bbri.id/promoim3.#BRImo#BRImoMudahSerbaBisa#MelayaniSepenuhHati",bbri
2026-03-23,BBRI 1500 BBCA 3000 artinya saham lain ancur ancuran,bbri
2026-03-23,"Nanti sempat nyari nyari, lebih rekomended BMRI daripada BBRI?",bbri
2026-03-23,"Kalo pilihannya cuma ada 2 itu dan uangnya cukup, saya pilih BBCA.lain cerita kalo ada BBRI saya pilih itu Bang",bbri
2026-03-23,"Beliin bakso, hehe Tapi bolehlah buat cicil BBRI Mayan dividen 10% tiap tahun. Kalau mau belajar trading mending selot selot dulu",bbri
2026-03-23,Yup Paling besok bbri bmri dalam buy Otu saja,bbri
2026-03-23,"ekonomi kerakyatan Indonesia yang sesungguhnya. kalau BBRI, BMRI, BBNI jatuh kan... disokong pemerintah. ntah lewat danantara, atau cara lain. kalau BBCA dilepas aja. jadi kita bisa bilang kepercayaan terhadap ekonomi kita udah kembali saat orang udah mulai akum BBCA lagi",bbri
2026-03-23,Trading for living buat nyobain start tahun ini. Jago sih.. kalo Investing for living. Atleast dana yg kamu punya cukup buat hidup 2-3 thn kedepan. Return yg make sense skrg 6-7% pertahun. Beli saham kayak bbri. Pertanyaan nya 6-7% itu equivalent dgn kebutuhan hidup setahun gak?,bbri
2026-03-23,"Dengan kondisi geopolitik saat ini gak bakal kesitu sih, paling mentok bbca 5000 an, bmri 3000 an dan bbri 2000 an, kalau nyentuh angka2 ini wah ini sangat sangat murah sih",bbri
2026-03-23,"cuma pamer doanK: berburu: BOTTOM 2026: ekspektasi kemiripan tren IHSG 2020, 2026: bbca, bbri, bmri, bbni, bnii, arto, goto, buka, amrt, mapi, excl, tlkm, bumi, dewa: 30/04/2026: 30/06/2026: kontrarian: BOTTOM: CURI:",tlkm
2026-03-23,"How high can it rise, and could this upward resistance signal be a sign that the upward stock price trend for $TLKM, which has been ongoing since last year, will continue? Full discussion here",tlkm
2026-03-23,TLKM : Sudah selesai tren turunnya? | Elliott Wave Analysis Harga saham #TLKM terlihat mulai bergerak naik pada perdagangan di minggu lalu setelah sempat tertekan turun di beberapa minggu sebelumnya,tlkm
2026-03-23,"yang cari dividen sih mending ke bmri atau bbni lebih bagus yieldnya, orang beli bbca buat cari capital gain, dividen cuma bonus",bmri
2026-03-23,"Nanti sempat nyari nyari, lebih rekomended BMRI daripada BBRI?",bmri
2026-03-23,Yup Paling besok bbri bmri dalam buy Otu saja,bmri
2026-03-23,"ekonomi kerakyatan Indonesia yang sesungguhnya. kalau BBRI, BMRI, BBNI jatuh kan... disokong pemerintah. ntah lewat danantara, atau cara lain. kalau BBCA dilepas aja. jadi kita bisa bilang kepercayaan terhadap ekonomi kita udah kembali saat orang udah mulai akum BBCA lagi",bmri
2026-03-23,"Yuk, pastikan semuanya udah siap biar perjalanan tetap lancar dan nyaman bareng Livin’ by Mandiri! Info lengkap: http://bmri.id/emoneylivin|http://bmri.id/qrbayar|http://bmri.id/sukha|http://bmri.id/livincallbymandiriBankMandiriberizindandiawasiolehOtoritasJasaKeuangan",bmri
2026-03-23,Salah satunya $BMRI yang diproyeksikan setelah interim masih mencatatkan tingkat yield 8% (dari harga penutupan 17 Maret 2026).,bmri
2026-03-23,"Dengan kondisi geopolitik saat ini gak bakal kesitu sih, paling mentok bbca 5000 an, bmri 3000 an dan bbri 2000 an, kalau nyentuh angka2 ini wah ini sangat sangat murah sih",bmri
2026-03-23,"cuma pamer doanK: berburu: BOTTOM 2026: ekspektasi kemiripan tren IHSG 2020, 2026: bbca, bbri, bmri, bbni, bnii, arto, goto, buka, amrt, mapi, excl, tlkm, bumi, dewa: 30/04/2026: 30/06/2026: kontrarian: BOTTOM: CURI:",bmri
2026-03-23,"BUMI, DEWA, BBCA: bbri, bmri, bbni, bnii, arto: THS: kemiripan: pandemi v. krisis energi: 2020 v. 2026: koreksi turun, lalu mantul naek:",bmri
2026-03-23,"tadi nemu di forum, ada yg bilang gini : ni opportunity terbaik sepanjang masa yg bakal lo dapat. gw sendiri ga sabar dpt $BBCA di 4000an. $BMRI di 2000an, dan $BBRI di 1500. Menurut kalian, ini dia Feramongering ? atau dia sampaikan kemungkinan dengan nilai probabilitas",bmri
2026-03-23,"multiBAGGER: adro, apln, arto, asri, bbca, blta, bnii, bumi, byan, dssa, excl, hero, indy, kaef, keju, midi, tays, unvr, TUNAI: 11 Maret 2025- 12 Maret 2026: lebe mudah kelola NAS & CUTE : THS lebe sulit capai multiBAGGER: StuPa AkSi KOmMODO CUAN BY JO 1-2-5: cuma pamer aza:",unvr
2026-03-24,"Its time to own a home without worry. - Interest rates starting from 3.55% eff. p.a - Fixed for up to 5 years - Long tenure, easy and fast process Make your dream home a reality with BRI KPR. Program period until: March 31, 2026 For more info: http://bbri.id/kprexclusive26#BRIKPR",bbri
2026-03-24,"Saham BBRI senilai 4,5 miliar rupiah",bbri
2026-03-24,Whats your go-to exit strategy? A. Sell gradually as it rises B. Sell everything when the target is hit C. Sell when youre already panicking (Trailing Stop) Lets discuss below! $IHSG $BBRI $TLKM $ASII $GOTO,bbri
2026-03-24,Dalam sebulan dapet panggilan RUPS 3x $BBRI $BNGA $LPPF THR susulan,bbri
2026-03-24,keknya masukin 1m ke BBRI bisa tuh dapet dividen per tahun 100jt,bbri
2026-03-24,"beliin bbri, diemin aja bertahun tahun nnti dapat dividen, lumayan lah",bbri
2026-03-24,"Ngutangin orang hampir 50jt, yg baru balik belum ada setengahnya. Padahal lumayan buat avg down bbri bbni. Tai babi emang.",bbri
2026-03-24,"Keren bang Kimi, coba BBCA - BBRI - TLKM",bbri
2026-03-24,"Keren bang Kimi, coba BBCA - BBRI - TLKM",tlkm
2026-03-24,apa orang orang di TLKM bagian investasi ga pinter?,tlkm
2026-03-24,Whats your go-to exit strategy? A. Sell gradually as it rises B. Sell everything when the target is hit C. Sell when youre already panicking (Trailing Stop) Lets discuss below! $IHSG $BBRI $TLKM $ASII $GOTO,tlkm
2026-03-24,Hari di bursa Indonesia kembali dibuka setelah libur panjang 1 minggu penuh. Estimasi opening berdasarkan EIDO (MSCI Indonesia) IHSG akan dibuka turun -1.88%. Estimasi opening TLKM berdasarkan TLK (dual listing) akan gap up sebesar 2.44%.,tlkm
2026-03-24,"Yuk, pakai Livin’ by Mandiri! Download di sini https://bmri.id/reflivin?af_adset=MGMPS7VK4F&deep_link_sub1=null&deep_link_sub2=MGMPS7VK4FJanganlupapakaikodereferral-ku:MGMPS7VK4FFAQ:http://bmri.id/livinmgmBankMandiriberizindandiawasiolehOtoritasJasaKeuangan(OJK)danBankIndonesia,sertamerupakanpesertapenjaminanLPS.",bmri
2026-03-24,Dulu jaman kuliah saham unvr keliatan saham yg paling wah dan masuk ke wishlist pengen beli/nyicil buat disimpen. Ternyata skrg bener2 udh turun bgt saham itu udh nyentuh di harga 2rb gils. Dari 10rb skrg ke 2rb. Ngeri juga kalo bbca sampe turun drastis jg kayak gitu,unvr
2026-03-25,"BRI (BBRI) Usul Dividen Final Rp 206,4 per Saham #saham #infosaham #investasi",bbri
2026-03-25,"BBRI Usul Dividen Final Setidaknya Rp206,4/Saham, Indikasi Yield 6% By Stockbit Sekuritas Bank Rakyat Indonesia ($BBRI) mengusulkan total dividen tahun buku 2025 setidaknya senilai ~Rp52 T atau setara ~92% dividend payout ratio (vs. 2024: 86%) dalam RUPST pada 10 April 2026,",bbri
2026-03-25,Saham BBRI Terpukul Aksi Jual Asing #saham #infosaham #investasi,bbri
2026-03-25,"BBRI Usul Dividen Final dengan Indikasi Yield Setidaknya 5,8% Bank Rakyat Indonesia (BBRI) mengusulkan total dividen tahun buku 2025 setidaknya senilai ~Rp52 T atau setara ~92% dividend payout ratio (vs. 2024: 86%) dalam RUPST pada 10 April 2026, mengimplikasikan dividen",bbri
2026-03-25,"Bank Rakyat Indonesia ($BBRI) mengusulkan total dividen tahun buku 2025 setidaknya senilai ~Rp52 T atau setara ~92% dividend payout ratio (vs. 2024: 86%) dalam RUPST pada 10 April 2026, mengimplikasikan dividen final setidaknya sebesar Rp206,4/saham. Jumlah tersebut",bbri
2026-03-25,Arah Saham BBRI dan Dividennya #saham #infosaham #investasi,bbri
2026-03-25,"Sektor yang paling kena di IHSG: EXCL/TLKM (cost energy naik), INDF/ICBP (inflasi pangan), logistik. Yang bisa diuntungkan: MEDC, ADRO, PTBA — produsen energi domestik.",icbp
2026-03-25,"Sektor yang paling kena di IHSG: EXCL/TLKM (cost energy naik), INDF/ICBP (inflasi pangan), logistik. Yang bisa diuntungkan: MEDC, ADRO, PTBA — produsen energi domestik.",tlkm
2026-03-25,The perfect moment to play this music https://youtube.com/watch?v=t0LSUxncYaMAADI=hitTLKM=hitRATU=rebornMBMA=hitBRMS=hitPANI=reborn,tlkm
2026-03-25,"IHSG Technical View 25 Maret 2026 IHSG sebelum libur panjang kemarin ditutup naik 1.2%, disertai dengan net buy asing ~155 Bn. Saham yang paling banyak dibeli asing adalah EMAS, AADI, TLKM, ITMG, dan ARCI.",tlkm
2026-03-25,"List jual beli asing sesi 1 Asing Beli: PTBA: +136,6 M AADI: +128,6 M ASII: +124,8 M BRMS: +105,7 M BUMI: +103,8 M ADRO: +93,5 M ITMG: +90,4 M TLKM: +87,8 M PTRO: +65,0 M DEWA: +56,2 M Asing Jual: BBRI: -380,3 M BBCA: -302,5 M ANTM: -134,4 M TPIA: -124,7 M BMRI: -105,8 M",tlkm
2026-03-25,Begini Strategi Telkom (TLKM) Perkuat Bisnis Inti Usai Divestasi AdMedika http://industri.kontan.co.id/news/begini-strategi-telkom-tlkm-perkuat-bisnis-inti-usai-divestasi-admedika#Emiten,tlkm
2026-03-25,"Data Jual Beli Asing Hari Ini Top Foreign Buy AADI, 335.1M ASII, 228.1M PTBA, 199.9M TLKM, 165.7M ITMG, 139.3M Top Local Buy BBRI, 507.5M BBCA, 385.1M BBNI, 224.2M ANTM, 219.1M INDF, 54.7M",tlkm
2026-03-25,"hold PTBA dari awal tahun, dan beli sebelum lebaran kemarin ASII TLKM sudah luber ini, jual sebagian dulu yang lainnya hold buat deviden",tlkm
2026-03-25,"𝐔𝐩𝐝𝐚𝐭𝐞 𝐒𝐜𝐫𝐞𝐞𝐧𝐢𝐧𝐠 𝐖𝐚𝐭𝐜𝐡𝐥𝐢𝐬𝐭 𝐒𝐚𝐡𝐚𝐦 𝐈𝐧𝐝𝐨𝐧𝐞𝐬𝐢𝐚 : 𝐑𝐚𝐛𝐮, 𝟐𝟓 𝐌𝐚𝐫𝐞𝐭 𝟐𝟎𝟐𝟔 (𝐂𝐥𝐨𝐬𝐢𝐧𝐠). I = UNTR. II = ULTJ, SILO. III = ASII, TLKM, ISAT.",tlkm
2026-03-25,"𝐔𝐩𝐝𝐚𝐭𝐞 𝐒𝐜𝐫𝐞𝐞𝐧𝐢𝐧𝐠 𝐖𝐚𝐭𝐜𝐡𝐥𝐢𝐬𝐭 𝐒𝐚𝐡𝐚𝐦 𝐈𝐧𝐝𝐨𝐧𝐞𝐬𝐢𝐚 : 𝐑𝐚𝐛𝐮, 𝟐𝟓 𝐌𝐚𝐫𝐞𝐭 𝟐𝟎𝟐𝟔 (𝐂𝐥𝐨𝐬𝐢𝐧𝐠). I = UNTR. II = ULTJ, SILO. III = ASII, TLKM, ISAT.",isat
2026-03-25,"Stock Picks 25 Maret 2026 UNVR Spec Buy dengan support 1960, cut loss jika break di bawah 1940. Jika tidak break di bawah 1960, potensi naik ke 2040-2080 short term. Disclaimer: http://bit.ly/disclaimer-cgsiid#cgsi#cgsid#stockpicks#sobatgenvest#akuinvestorsaham",unvr
2026-03-26,Ngaruh gak ke sahamnya BBRI,bbri
2026-03-26,Gimana nih holder BBRI?,bbri
2026-03-26,kalau begitu tunggu BBRI di harga..,bbri
2026-03-26,https://liputan6.com/bisnis/read/6304350/perluas-akses-hunian-bri-salurkan-kpr-subsidi-rp1679-triliun-kepada-122-ribu-debiturkredit:BBRI:2026:kpr:122kdebitur:,bbri
2026-03-26,https://katadata.co.id/finansial/bursa/69c48ef63a923/sinyal-dividen-jumbo-bbri-siapkan-dana-rp-52-t-per-saham-diproyeksi-rp-206ekspektasi:dividen:BBRI:2026:,bbri
2026-03-26,Ohh dari BBRI ya.. Serius nol persen klo belanja di tokped?,bbri
2026-03-26,"Sobat BRI, Mau belanja beragam kebutuhan rumah tanpa ribet? Pesan belanjaanmu di BRImo aja! Lewat fitur Belanja di menu Lifestyle kamu bisa pesan mulai dari snack, minuman, dan beragam kebutuhan lainnya dengan lebih praktis. Info lebih lanjut: http://bbri.id/belanjaharian.",bbri
2026-03-26,"After BBRI dividends, next BBCA dividends then BBRI, BJBR, PGEO, DMAS, PTBA and so on and so forth Every year live off dividends Wait for my 4% rule to be achieved (of course Ill adjust it to this country)",bbri
2026-03-26,"Setuju, sebenarnya iya, murah sih sekarang.. tapi udh ada tanam jg di bbri, duh jadi galau",bbri
2026-03-26,"Bener sih, tapi coba bandingkan dgn bank lain, bmri atau bbri.. bbca ini gmn ya..",bbri
2026-03-26,"bBCA sm BBRI dibuang terus gini mah fix rebalancing portofolio gede-gedean sih, retail jangan kegedean nyerok dulu mending pantau flow sampe closing euy",bbri
2026-03-26,Data Jual Beli Asing Sesi 1 Top Foreign Buy AADI: +72.5 M UNTR: +36.9 M INDF: +17.5 M MEDC: +12.3 M INCO: +12.0 M EMAS: +4.4 M SCMA: +4.3 M RLCO: +4.2 M AKRA: +4.0 M EMTK: +3.9 M Top Foreign Sell BBCA: -243.8 M BBRI: -89.2 M BBNI: -79.0 M ANTM: -72.7 M GOTO: -63.6 M PTRO:,bbri
2026-03-26,"Baik.. lalu terkait saham untuk npwpnya itu di isi npwp sekuritas atau npwp berdasarkan rincian sahamnya ? Misal kita beli di sucor sekuritas saham BBRI, npwp yang di input adalah npwp BRI ?",bbri
2026-03-26,Sdh serok BBRI pas dump 34tan,bbri
2026-03-26,$BBRI juga pertama kali death cross mirip $BBCA akhir 2025 kemarin. Eyeing for strong major support around 2570.,bbri
2026-03-26,kalo di buat saham bbri duuh,bbri
2026-03-26,"As someone who actually born and raise in rural area, Indomaret ada jauh lebih duluan so as cost distribusi way bigger than alfa mirip mirip bbri la si indomaret ini, tapi kan si bbri bisa charge bunga lebih tinggi kalo indomaret ya mana bisa jual produk lebih mahal",bbri
2026-03-26,Main $BBRI sedep bgt euy,bbri
2026-03-26,Mani tlkm ipstin l7ayat,tlkm
2026-03-26,"#IHSG tutup melonjak 2,75% ke 7.302,12 Penggerak utama datang dari ASII, TLKM, BMRI, dan BBRI, dengan nilai transaksi mencapai Rp25,84 triliun Sentimen global ikut bantu setelah harga minyak turun di tengah harapan deeskalasi AS-Iran #saham #stockmarkettrader",tlkm
2026-03-26,"Apa Itu Sebenarnya? - Saham: Bukti kepemilikan perusahaan (misal: BBCA, TLKM, Apple). Kalau perusahaan untung, kamu bisa dapat dividen + harga saham naik.",tlkm
2026-03-26,"IHSG dibuka lebih rendah di level 7.283 pada Kamis, 26 Maret 2026, mencerminkan tekanan pasar pasca-libur Lebaran. Saham-saham top losers di indeks LQ45 meliputi ASII, TLKM, dan INCO, yang berkontribusi pada pelemahan tersebut.",tlkm
2026-03-26,"IHSG Technical View 26 Maret 2026 IHSG kemarin ditutup naik 2.75%, disertai dengan net buy asing ~56 Bn. Saham yang paling banyak dibeli asing adalah AADI, ASII, PTBA, TLKM, dan ITMG.",tlkm
2026-03-26,"IHSG Dibuka Turun ke 7.283, Top Losers LQ45: ASII, TLKM dan INCO, Kamis (26/3) http://investasi.kontan.co.id/news/ihsg-dibuka-turun-ke-7283-top-losers-lq45-asii-tlkm-dan-inco-kamis-253#IDXComposite(IHSG)",tlkm
2026-03-26,"Buy 1 Get 2* di Optik Melawai! Dapatkan promo ini untuk upgrade frame & sunglasses baru dengan Mandiri Kartu Kredit/Debit. Berlaku s.d. 9 April 2026! Yuk, manfaatkan promonya sekarang juga! *Info: http://bmri.id/RamadanMelawaiBankMandiriberizindandiawasiolehOtoritas",bmri
2026-03-26,"Upgrade gaya, nikmati benefitnya! Dapatkan cashback s.d. Rp300 ribu* pakai Mandiri Kartu Kredit di Mango, Marks & Spencer, American Tourister dan TUMI! Berlaku s.d. 31 Maret 2026. Yuk, belanja sekarang juga! *Info: http://bmri.id/RamadanMAPBankMandiriberizindan",bmri
2026-03-26,"Gaya baru, kacamata baru! Nikmati diskon 15%* di Optik Seis pakai Mandiri Kartu Kredit! Berlaku hingga 31 Maret 2026. Yuk pilih kacamata favoritmu sekarang! *Info: http://bmri.id/OptikSeis15BankMandiriberizindandiawasiolehOtoritasJasaKeuangandanBank",bmri
2026-03-26,Kalau diliat dari teknikalnya bener cuma BMRI yang rebound dari supportnya range 4600 yaa,bmri
2026-03-26,"Waktunya refresh wardrobe biar makin on point! Nikmati diskon 10%* untuk koleksi favorit di Lacoste pakai Mandiri Kartu Kredit! Berlaku hingga 30 April 2026. Yuk, lengkapi style favoritmu sekarang! *Info: http://bmri.id/MAPLacosteBankMandiriberizindandiawasioleh",bmri
2026-03-26,"Kalau ngeliat chart dan analisa teknikalnya, cuma bank mandiri aja yg potensi kuat untuk naik. Sementara bank2 lain masih terjerembab jauh ke dalam lubang tak berujung. Selain BMRI, mungkin BBNI. Sayangnya kena dividen trap aja kemarin yg bikin harganya turun agak jauh. Kalau",bmri
2026-03-26,Belanja di IKEA pakai Mandiri Kartu Kredit dan dapatkan bonus e-Voucher Rp100 ribu*! Berlaku 25-31 Maret 2026. *Info: http://bmri.id/ikeapaydayBankMandiriberizindandiawasiolehOtoritasJasaKeuangandanBankIndonesia.#MandiriKartuKredit#BankMandiri,bmri
2026-03-26,"𝐔𝐩𝐝𝐚𝐭𝐞 𝐒𝐜𝐫𝐞𝐞𝐧𝐢𝐧𝐠 𝐖𝐚𝐭𝐜𝐡𝐥𝐢𝐬𝐭 𝐒𝐚𝐡𝐚𝐦 𝐈𝐧𝐝𝐨𝐧𝐞𝐬𝐢𝐚 : 𝐊𝐚𝐦𝐢𝐬, 𝟐𝟔 𝐌𝐚𝐫𝐞𝐭 𝟐𝟎𝟐𝟔 (𝐂𝐥𝐨𝐬𝐢𝐧𝐠). I = UNTR. II = BUKA, SILO, ULTJ. III = JPFA, INKP, MDKA, BBTN, ISAT.",isat
2026-03-27,"Dear BRI Friend, Want to send a package to family or friends out of town? Just use the Expedition feature in BRImo! Save more with a 15% discount on shipping costs. Take advantage of this promo soon, promo period until March 28, 2026. For more info: http://bbri.id/promoekspedisi.",bbri
2026-03-27,"I also yesterday tried to buy it because it was on par with that price, lol, regretting it now",bbri
2026-03-27,"Dear BRI Friend, Riding Transjakarta is now even more convenient—just use QRIS Tap on BRImo, tap and youre good to go right away Everything becomes faster and hassle-free. For more info: http://bbri.id/qristap.Comeon,experiencetheeaseoftransactionsoneveryjourney",bbri
2026-03-27,"IHSG di Bursa Efek Indonesia (BEI) terhempas dari level 7.100 pada perdagangan akhir pekan, Jumat (27/3/2026). Saham unggulan, PT Telkom Indonesia Tbk (TLKM), dan PT Astra International Tbk (ASII) masih tertekan, menjadi pemberat IHSG.",tlkm
2026-03-27,wihh gimana? sama tlkm yg mahal itu?,tlkm
2026-03-27,"IHSG Opens Down at 7,147, Top Losers in LQ45: JPFA, TLKM, and GOTO, Friday (3/27) http://investasi.kontan.co.id/news/ihsg-dibuka-turun-ke-7147-top-losers-lq45-jpfa-tlkm-dan-goto-jumat-273#IDXComposite(IHSG)",tlkm
2026-03-27,"IHSG Ditutup Turun 0,94% ke 7.097 Hari Ini (27/3), Top Losers LQ45: INCO, UNVR, TLKM http://investasi.kontan.co.id/news/ihsg-ditutup-turun-094-ke-7097-hari-ini-273-top-losers-lq45-inco-unvr-tlkm#IHSG",tlkm
2026-03-27,"𝐔𝐩𝐝𝐚𝐭𝐞 𝐒𝐜𝐫𝐞𝐞𝐧𝐢𝐧𝐠 𝐖𝐚𝐭𝐜𝐡𝐥𝐢𝐬𝐭 𝐒𝐚𝐡𝐚𝐦 𝐈𝐧𝐝𝐨𝐧𝐞𝐬𝐢𝐚 : 𝐉𝐮𝐦𝐚𝐭, 𝟐𝟕 𝐌𝐚𝐫𝐞𝐭 𝟐𝟎𝟐𝟔 (𝐂𝐥𝐨𝐬𝐢𝐧𝐠). I = UNTR. II = CPIN, SILO, ULTJ, BUKA. III = AKRA, PTBA, MDKA, JPFA, ISAT, BBTN.",isat
2026-03-27,"IHSG Ditutup Turun 0,94% ke 7.097 Hari Ini (27/3), Top Losers LQ45: INCO, UNVR, TLKM http://investasi.kontan.co.id/news/ihsg-ditutup-turun-094-ke-7097-hari-ini-273-top-losers-lq45-inco-unvr-tlkm#IHSG",unvr
2026-03-28,"Ini tuh bukannya kalau saham crash drastis, DPS nya juga ikut turun ya? kaya pandemi covid kemarin, jd strategi ini ga berlaku? balik modalnya lebih lama Seingetku yang waktu itu DPS tetap/bahkan naik cuman bbca, tlkm, bbri yang lain turun Cmiiw ??",bbri
2026-03-28,"Sobat BRI, Siapa yang sering pakai e-wallet untuk belanja dan bayar transportasi online? Yuk, top up saldo e-wallet mu di BRImo dan dapatkan cashback 10% yang pastinya bikin untung! Jangan lewatkan promo hingga 31 Mei 2026. Info lebih lanjut: http://bbri.id/promoewallet.#BRImo",bbri
2026-03-28,"1 hari MBG = Rp 1,2 Triliun top 5 market cap BEI sekarang dihitung pake satuan MBG: 1. BBCA → 839 T = 699 hari MBG 2. BREN → 742 T = 619 hari MBG 3. BBRI → 524 T = 436 hari MBG 4. DSSA → 487 T = 406 hari MBG 5. DCII → 477 T = 398 hari MBG",bbri
2026-03-28,"Ini tuh bukannya kalau saham crash drastis, DPS nya juga ikut turun ya? kaya pandemi covid kemarin, jd strategi ini ga berlaku? balik modalnya lebih lama Seingetku yang waktu itu DPS tetap/bahkan naik cuman bbca, tlkm, bbri yang lain turun Cmiiw ??",tlkm
2026-03-28,"Tahun 2019 aku beli saham UNVR. Ga ku buka2. Beberapa tahun kemudian, aku cek lagi malah bikin shock",unvr
2026-03-28,"Saran: Straight away AVG down, sell the Beat motor, put it into $UNVR, then go ahead and open a class",unvr
2026-03-28,"Gak bisa dibilang juga sih. Kan di 2016 lalu UNVR lagi bagus tuh. Gak segampang itu memprediksi komoditi atau perusahaan tertentu bakal turun, kecuali lu beli saham abal-abal. Aneh ah bisa bikin narasi gini..",unvr
2026-03-28,"The system cant scrape any further because theres not enough data, or the analysis results according to the app arent accurate enough. I want something that shows up in quite a lot of places, like in the stock $AADI, so it could be said to be a culinary business. Except for",unvr
2026-03-28,"Unvr sih gg, bahkan tahun 2019 aku ikut sosialisasi ojk aja unvr dijadiin contoh saham buat dibeli",unvr
2026-03-28,Jadi ingat waktu unvr harga 5000 Kita bilang ke 1000 pada bilang mau all in wkwwkkw Tp bbca laba bagus kok ini kesempatan beli.. Kalau saya belum murah Yg murah itu kalau 4000 ke bawah biar dev 10%,unvr
2026-03-28,$UNVRs already been boiled in panties until its boiling over,unvr
2026-03-28,Teman gue beli unvr 2016 1 lot hatga 9rb.. 2025 1 lot 1.565 moral of the story.. jangan asal investasi,unvr
2026-03-29,Telkom TLKM Stock - Fake Profit of 5 Trillion,tlkm
2026-03-29,"Bang serius ini ga boong, beli saham blue chip BBRI, BMRI, TLKM terus tunggu sampe 15 lebih jadi punya dividen setara 16jt perbulan",tlkm
2026-03-29,"Beli 2000, nanti jual 4000 Bagger di tlkm bisa lah u pamer",tlkm
2026-03-29,"Modal awal buat mulai invest : - Crypto: Rp50.000 aja udah bisa (Indodax/Tokocrypto/Pintu). Beli BTC/ETH/SOL pecahan. - Emas: Rp100.000-an (Antam atau digital via Pluang). - Saham: Rp100.000 via Aplikasi sekuritas (BBCA, TLKM, dll). - Properti: Minimal Rp100-500 juta buat",tlkm
2026-03-29,Tlkm 2000 ambil lagi ach...,tlkm
2026-03-29,"Dulu pas awal2 di saham, berpikir hal yg sama jg di UNVR",unvr
2026-03-29,"Arent you confused about where the logic is BBCAs profits are still growing steadily, even if the growth might be below expectations since its price is already premium. Even compared to red-plate competitors, its way different. As for UNVR, it feels like its profits have",unvr
2026-03-29,Sekelas bbca disamakan sama unvr lawak kali,unvr
2026-03-29,"jangan disamainnn king bbca yg udh punya kredibilitas tinggi sama unvr :( keyakinan aja, bbca emang dividennya ga sebanyakk bank plat merah tapi secara psikologis kalo megang bbca jauh lebih tenang dibanding yg lain",unvr
2026-03-29,"Buat yang masih mikir begini, sebenernya apa yang dipikiran lu nyamain BBCA sama UNVR sih",unvr
2026-03-29,"Yuk Nabung Saham program 10 tahun lalu. Sekarang lo liat saham bluechip 10 tahun lalu mana yang survive di market? Jangan liat cuman banks. Lo liat itu HMSP, GGRM, UNVR, INDF. Berak itu nabung saham.",unvr
2026-03-30,"Guys, Indonesian crypto king Timothy Ronald is talking about bank stocks like BBCA, BMRI, and BBRI, and basically hes saying banks are businesses that look ordinary on the surface, but theyre actually the most consistent money-making machines. The way they work is super",bbri
2026-03-30,udahh cobaa bbca sama bbri tapi open teruuss kakk haha,bbri
2026-03-30,Saham BBRI Jangan-jangan ke Sini https://investor.id/market/433341/saham-bbri-janganjangan-ke-sinivia@InvestorID,bbri
2026-03-30,"nambah 2 bank skrg bmri & bbri, biasanya bbca aja",bbri
2026-03-30,"Terlepas dari segala kontroversinya, kalau bicara objektif ya banyak yg bisa dipelajari dari dia. Saya sih orangnya ga fanatikan.. Ada pepatah arab mengatakan خذ ما صفا ودع ما كدر “Ambil yg baik, tinggalkan yg buruk” $IHSG $BBCA $BMRI $BBRI",bbri
2026-03-30,BBCA Overrated BMRI More Reliable Or BBRI The True King Source: Timothy Ronald,bbri
2026-03-30,Memang benar adanya. BBCA BMRI BBRI itu hanya saham untuk yang udah punya duit. Cacingers Nagaers gitu juga kan wkkwkwkwk,bbri
2026-03-30,BBRI 2000 kek,bbri
2026-03-30,"Update karir Timothy Ronald 2026: Januari: Jualan kelas Crypto Maret: Bedah saham BBCA, BMRI, BBRI Dari volatile banget ke yang dividennya stabil. Smart move atau lagi cari narasi baru? Crypto rugi, saham bank aman. Respect the pivot",bbri
2026-03-30,"Ga dulu, aku nunggu bbri 3000 aja hehehehe (ga tau diri emang)",bbri
2026-03-30,"Net sell asing di IHSG (30/3) mencapai Rp686,13 miliar. Tekanan paling besar ada di pasar reguler sebesar Rp678,17 miliar, sementara pasar tunai dan negosiasi Rp7,96 miliar. Saham-saham big bank jadi korban utama, BBRI mencatat net sell paling besar yaitu Rp461,4 miliar, disusul",bbri
2026-03-30,"Pegang BBCA lebih berbahaya daripada pada pegang BBNI, BBRI, BMRI..!! Sbb BBCA PBV nya tinggi 3,3, sedangkan Bank BUMN, PBV nya dari 0,8 sampai 1,5. Alias masih murah meriah..!! Bila BBCA PBV nya longsor ke angka 1,5 maka harga BBCA cuma Rp 3500/ lembar..!!",bbri
2026-03-30,"This broker is hilarious, Sold Garuda $GIAA shares bright and early to raise some capital, scooped up BigBank while it was down, scooped up a little here and there in $BBRI; $BMRI and $BBCA My question: Why not scoop up Papa PP or Pak HH shares? Not into conglomerate stocks,",bbri
2026-03-30,Timothy Ronald upload video penjelasan tentang Big Banks terutama BBCA BMRI BBRI. Saatnya untuk serok kah?,bbri
2026-03-30,Analisis Perbankan dan Strategi Investasi Saham BBCA BMRI dan BBRI dari video yg baru dishare Timothy Ronald,bbri
2026-03-30,Iya buat longterm kak.. Masih bisa turun lagi sih ini menurutku.. dari 4 banking itu yg paling ku nanti hanya BBRI .. moga bisa ke 2800 an yah,bbri
2026-03-30,sama udh minus 25% di BBRI,bbri
2026-03-30,Sale bangat neh.. BBRI bisa ke 2800 gak kak?,bbri
2026-03-30,BBRI #DYOR #NFA,bbri
2026-03-30,BBRI BBCA sikat sih bang sekalian cash flow dividen mantap itu apa lagi modal gede,bbri
2026-03-30,Bbri merahnya tu waw,bbri
2026-03-30,"Om 。bantu LK MAPI, KLBF, ERAA dan ICBP dr RTI. Kamsia",icbp
2026-03-30,"Percaya juga kalo gara2 supplychain advantage ini, malah ICBP-INDF dijual foreign en trade di Multiple single digit PE padahal dulu staples darling, krn sejak era ESG2an salim kena bad score di governance relatif to peers, salah satunya krn Intra Group Trading activities tinggi",icbp
2026-03-30,"screening LQ45 stocks again. From the 31 that made the list, then manual check and the result is only these 7 that I think are interesting: $PGEO $ICBP $MAPI $EXCL $AMMN $ANTM $BUMI * if Im interested in $PGEO $ANTM $BUMI $AMMN DYOR, always analyze again.",icbp
2026-03-30,TLKM juga rungkad bang,tlkm
2026-03-30,Bahkan investor2 awal goto punya harga beli dibawah rp 1. ytta. Tanpa angin dan hujan tlkm nadah harga premium buat saham ini dari siapa dia beli barang nya. Ulik2 sendiri.,tlkm
2026-03-30,Apa gak nangis tuh TLKM beli pucuk?,tlkm
2026-03-30,Apa kabar TLKM?,tlkm
2026-03-30,"IHSG Technical View 30 Maret 2026 IHSG kemarin ditutup turun 0.94%, disertai dengan net sell asing ~1.89 Tn. Saham yang paling banyak dijual asing adalah BBCA, BBRI, BBNI, BMRI dan TLKM.",tlkm
2026-03-30,"nambah 2 bank skrg bmri & bbri, biasanya bbca aja",bmri
2026-03-30,"Terlepas dari segala kontroversinya, kalau bicara objektif ya banyak yg bisa dipelajari dari dia. Saya sih orangnya ga fanatikan.. Ada pepatah arab mengatakan خذ ما صفا ودع ما كدر “Ambil yg baik, tinggalkan yg buruk” $IHSG $BBCA $BMRI $BBRI",bmri
2026-03-30,BBCA Overrated BMRI Lebih Gacor Atau BBRI Raja Sebenarnya Source : Timothy Ronald,bmri
2026-03-30,Memang benar adanya. BBCA BMRI BBRI itu hanya saham untuk yang udah punya duit. Cacingers Nagaers gitu juga kan wkkwkwkwk,bmri
2026-03-30,Buat momen perjalanan bareng keluarga jadi lebih nyaman! Nikmati diskon hingga 50%* di Astra Otoservice dengan Mandiri Kartu Kredit! Jangan lewatkan promonya hingga 31 Maret 2026. *Info: http://bmri.id/AstraOto26BankMandiriberizindandiawasiolehOtoritasJasa,bmri
2026-03-30,"Update karir Timothy Ronald 2026: Januari: Jualan kelas Crypto Maret: Bedah saham BBCA, BMRI, BBRI Dari volatile banget ke yang dividennya stabil. Smart move atau lagi cari narasi baru? Crypto rugi, saham bank aman. Respect the pivot",bmri
2026-03-30,"Butuh ganti ban atau perawatan kendaraan? Nikmati diskon s.d. 50%* untuk berbagai kebutuhan kendaraan di Shop & Drive dengan Mandiri Kartu Kredit. Yuk, manfaatkan promonya hingga 31 Maret 2026. *Info lengkap: http://bmri.id/ShopDrive26BankMandiriberizindandiawasi",bmri
2026-03-30,"Pegang BBCA lebih berbahaya daripada pada pegang BBNI, BBRI, BMRI..!! Sbb BBCA PBV nya tinggi 3,3, sedangkan Bank BUMN, PBV nya dari 0,8 sampai 1,5. Alias masih murah meriah..!! Bila BBCA PBV nya longsor ke angka 1,5 maka harga BBCA cuma Rp 3500/ lembar..!!",bmri
2026-03-30,"People who keep yapping about Bluechip Stocks and think theyre Financial Planners are all biting their fingers right now. Just think about it. $ARTO $BBCA $UNVR arent some cheap stocks. Arent scam companies. Look at their prices now, what a mess.",unvr
2026-03-30,"L2s price got fucked up Its like someone wants to learn stock trading, told by his friend to buy the one whose products are widely used. Straight up Unilever. Buy him $UNVR Turns out every day its price is ARB. So he became a retard trader",unvr
2026-03-30,"Selama ini, portoku hanya kurang dari 5 emiten. Nyari dan milih saham yg funda oke terus entry dgn cara ngintip timing teknikal. So far, cutloss sekali kali aja. Bahkan dulu sempat selamat dan profit dari UNVR",unvr
2026-04-01,"Data jual beli asing hari ini Top Foreign Buy DEWA, 106.2M TLKM, 93.8M BUMI, 79.9M UNTR, 52.6M ARCI, 50.5M Top Local Buy BMRI, 374M BBRI, 318.2M BBNI, 129.8M ANTM, 65M ITMG, 59.7M",bbri
2026-04-01,Saham BBRI dan BMRI Jadi Bulan-bulanan #saham #infosaham #investasi,bbri
2026-04-01,"Sobat BRI, Bayar PBB gak harus ribet, cukup lewat BRImo dan nikmati cashback 13%! Praktis, cepat, dan pastinya bikin urusan bayar-bayar jadi lebih menguntungkan. Jangan lewatkan promo menarik ini, yuk bayar PBB sekarang pakai BRImo. Info lebih lanjut: http://bbri.id/promopbb.",bbri
2026-04-01,"Saham BBRI nih lucu bener yak, pantes se-Indonesia pada misuh misih. Baru masuk dikit buat tes ombak, dah betingkah dia. Naik ke 3400 di opening, dah mau balik lagi aja ke pembelian kemarin, wkwk.",bbri
2026-04-01,"KLBF, ICBP, MAPI dan ERAA om",icbp
2026-04-01,"ICBP: Fundamental Kuat, Valuasi Diskon Besar! Swipe untuk lihat info lebih lengkapnya Mau dapet hasil risetnya, ketik “IPOT” di kolom komentar. #ICBP #Indofood #LaporanKeuangan #SahamBluechip #ThinkLikeSmartMoney",icbp
2026-04-01,"Laba ICBP Melonjak di 2025, Tahan Tekanan Global Produsen mi instan raksasa, PT Indofood CBP Sukses Makmur Tbk (ICBP), mencatatkan pertumbuhan laba bersih yang signifikan sepanjang tahun buku 2025. Meski dibayangi kenaikan harga bahan baku global, efisiensi operasional serta",icbp
2026-04-01,"Retailers like MAP, Myor, ICBP, Unvr, Fore will be impacted by increased production costs due to rising plastic prices, profit margins will decrease by 1-2%.",icbp
2026-04-01,"IHSG +1,45% ke 7.150,68 di sesi I hari ini, Rabu (1/4/2026). Sektor barang konsumen siklikal +3,72%, sektor barang baku +3,35% dan sektor transportasi +2,80%. Saham saham yang jadi penopang IHSG diantaranya, BBCA +1,16%, DSSA +1,25%, BREN +3,33%, TLKM +1,96%, BRPT +6,23%, AMMN",tlkm
2026-04-01,"Data jual beli asing hari ini Top Foreign Buy DEWA, 106.2M TLKM, 93.8M BUMI, 79.9M UNTR, 52.6M ARCI, 50.5M Top Local Buy BMRI, 374M BBRI, 318.2M BBNI, 129.8M ANTM, 65M ITMG, 59.7M",tlkm
2026-04-01,"Data Jual Beli Asing sesi 1 Top Foreign Net Buy TLKM: 49,607,431,800 BULL: 42,875,757,600 BBCA: 41,949,677,700 BRMS: 34,823,857,200 AADI: 30,530,083,800 BUVA: 29,992,634,000 DEWA: 29,180,671,200 ARCI: 26,462,824,800 BUMI: 24,584,850,000 EMAS: 24,470,160,000 Top Foreign Net",tlkm
2026-04-01,"Retailers like MAP, Myor, ICBP, Unvr, Fore will be impacted by increased production costs due to rising plastic prices, profit margins will decrease by 1-2%.",unvr
2026-04-01,"$IHSG ayo jangan lemes, kempes dong. masa kalah ama Jepang. Nikkei NI225 aja naik kenceng tuh 5% lebih loh hari ini Nifty50 juga naik 2.4 % IHSG hari ini $UNVR tumben ijo tebel",unvr
2026-04-02,"ANTM bought at the end of last month is already up +7% now, meanwhile BBRI.",bbri
2026-04-02,"2M beli saham BBRI, dapat 7-8% deviden pertahun. Berarti 140jt-160jt per-tahun. 12jt-14jt perbulan. Asyik kan? Planning nya udah ada, tinggal cari 2M nya aja lagi yg belum.",bbri
2026-04-02,"#Underground #Mining ala-ala #Tambang #EMAS #FREEPORT is already underway in #ARCI, but the stock price is still under Rp.10,000? You sane? Random tag $ARCI $ANTM $HRTA $BRMS $BUMI $DEWA $UNTR $PSAB $INDY $ITMG $ADRO $AADI $PTBA $BSSR $BBRI $BMRI $IHSG",bbri
2026-04-02,"$BBCA $BBRI $TLKM $ASII all of em too, and still in the red lolol whatever tho",bbri
2026-04-02,"Kalo ga salah dipostingan yg lain ada yg keliatan emitennya. BBCA dan BMRI/BBRI gitu aku lupa. Rugi di harga, masih untung di dividen. Not bad lah",bbri
2026-04-02,"Danantara memulai pembentukan manajer investasi raksasa yang dimulai dengan mengakuisisi cucu usaha $BBRI, PNM IM senilai Rp345 miliar.",bbri
2026-04-02,"Tim 1.2 per bulan all in BBRI/BBCA/ Sekali lagi, ALL IN! tahun ke 20 lo bisa beli rumah yg jauh lebih bagus. (Dgn catatan indo ga kek 98) Tinggal dimana? Numpang di mertua/sodara/temen klo perlu tidur dikantor selama 20 taun.",bbri
2026-04-02,"Tunggu saatnya , bakal ada waktunya ngebut info ordal jika bbkp rp 50 dan BBRI 1900 lagi",bbri
2026-04-02,"Iya ka, cuma klo obligasi returnnya kecil, klo di saham aku taro di bbri, dapetnya 10% pertahun. Tapi emang lebih minim resiko.",bbri
2026-04-02,Kalo saham kayak bbri bmri ya hold aja toh juga nanti bakal dapat dividen. Itu pure jangka panjang,bbri
2026-04-02,Minta linknya di tele dong Tq ych broo Soalnya mau lihat nama gua di bmri ..bbri ..bbca muncul kaga,bbri
2026-04-02,Masukin BBRI 20 tahun kemudian insyaallah 1 M bisa,bbri
2026-04-02,"Sibal wkt itu beli bbri pas tahun depannya udah lgsg merosot semua harga, pas beli jg udah rugi krn gabisa belinya HAHAHA skrg makin rugi krn saham bank pada turun (untung uang dingin)",bbri
2026-04-02,"BOTTOM: multiBAGGER: 01 April 2026: THS: +0,6% s.d. +71,35%: ades admr apln laju adro indy antm tays excl asii bumi midi dssa mapi cleo cpin unvr mtel pgeo bnii imas keju MYOR amrt bren goto kija sido roti jsmr bbca kaef tlkm pgas byan bbri",bbri
2026-04-02,"https://cnbcindonesia.com/research/20260325082343-128-721114/nge-gas-deretan-emiten-ini-tebar-dividen-di-april-ada-punya-kamuApril:2026:bagidividen:bbni,bbri,asii,bnga,bmri:digaskeun:",bbri
2026-04-02,https://idxchannel.com/market-news/10-saham-yang-rajin-bagi-dividen-yield-di-atas-5-persen-cocok-untuk-jangka-panjangadro:bssr:ptba:itmg:BBRI:bjbr:bfin:powr:gems:untr:dividendyield+++:10sahamrajinbagidividen:,bbri
2026-04-02,"MSS: 02/03/2026: asii, antm, bbri:",bbri
2026-04-02,"Nah, kami menjelaskan 3 faktor yang bikin saham big bank lesu dan juga potensi pemulihannya di sini: https://youtube.com/watch?v=cCoN6zYaFFs&t=284s$BMRI$BBCA$BBRI",bbri
2026-04-02,"Saham aku perbankan sih, BBRI BMRI yang ada dividen",bbri
2026-04-02,"BBRI, BBNI, BBCA",bbri
2026-04-02,Jelas BBCA BMRI BBRI,bbri
2026-04-02,Petik CUAN: Hepi OSh: 02 April 2026: BBRI: laju: myor:,bbri
2026-04-02,"Update Screening Watchlist Saham Indonesia : Kamis, 2 April 2026 (Closing). I = UNTR. II = INDF, CPIN, TLKM, MDKA, SIDO, ARCI, SILO. III = ADRP, JPFA, AKRA, EXCL, AALI, SCMA, ICBP, BBTN, ULTJ.",icbp
2026-04-02,"$BBCA $BBRI $TLKM $ASII all of em too, and still in the red lolol whatever tho",tlkm
2026-04-02,"Kl di case gw hadapin si di telco, ya direferensikan ke anak/cucu TLKM, drpada masih belum dapat kerja",tlkm
2026-04-02,"Atr TLKM dah 131 pak, tafsir nya berubah ya. Wkwkwk",tlkm
2026-04-02,"BOTTOM: multiBAGGER: 01 April 2026: THS: +0,6% s.d. +71,35%: ades admr apln laju adro indy antm tays excl asii bumi midi dssa mapi cleo cpin unvr mtel pgeo bnii imas keju MYOR amrt bren goto kija sido roti jsmr bbca kaef tlkm pgas byan bbri",tlkm
2026-04-02,"Update Screening Watchlist Saham Indonesia : Kamis, 2 April 2026 (Closing). I = UNTR. II = INDF, CPIN, TLKM, MDKA, SIDO, ARCI, SILO. III = ADRP, JPFA, AKRA, EXCL, AALI, SCMA, ICBP, BBTN, ULTJ.",tlkm
2026-04-02,"Foreign sell -Rp878,52M tapi $BMRI masuk top net foreign buy. Asing tidak kabur - mereka rotate dari small cap ke blue chip defensif. Ketika pelarian modal justru pilih bank terbesar RI, itu bukan panik, itu seleksi. @stockbit",bmri
2026-04-02,"Kamis jadi makin manis di Point Coffee! Nikmati diskon Rp5.000* setiap Kamis, pakai QR Bayar Livin’ by Mandiri! Berlaku 2 April – 31 Mei 2026. Yuk, ajak temen buat bincang-bincang manis sambil ngopi hemat! *Info: http://bmri.id/KamisManisBankMandiriberizindan",bmri
2026-04-02,Kalo saham kayak bbri bmri ya hold aja toh juga nanti bakal dapat dividen. Itu pure jangka panjang,bmri
2026-04-02,Minta linknya di tele dong Tq ych broo Soalnya mau lihat nama gua di bmri ..bbri ..bbca muncul kaga,bmri
2026-04-02,Buat beli saham bbca/bmri karna lumayan devidennya,bmri
2026-04-02,"https://cnbcindonesia.com/research/20260325082343-128-721114/nge-gas-deretan-emiten-ini-tebar-dividen-di-april-ada-punya-kamuApril:2026:bagidividen:bbni,bbri,asii,bnga,bmri:digaskeun:",bmri
2026-04-02,"Di Tengah Perang, Global Bond BMRI Laris Manis #saham #infosaham #investasi",bmri
2026-04-02,"Nah, kami menjelaskan 3 faktor yang bikin saham big bank lesu dan juga potensi pemulihannya di sini: https://youtube.com/watch?v=cCoN6zYaFFs&t=284s$BMRI$BBCA$BBRI",bmri
2026-04-02,"Saham aku perbankan sih, BBRI BMRI yang ada dividen",bmri
2026-04-02,Jelas BBCA BMRI BBRI,bmri
2026-04-02,"#Underground #Mining ala-ala #Tambang #EMAS #FREEPORT udah jalan di #ARCI, tapi harga saham masih Under Rp.10.000? Kamu Waras? Random tag $ARCI $ANTM $HRTA $BRMS $BUMI $DEWA $UNTR $PSAB $INDY $ITMG $ADRO $AADI $PTBA $BSSR $BBRI $BMRI $IHSG",bmri
2026-04-02,"BOTTOM: multiBAGGER: 01 April 2026: THS: +0,6% s.d. +71,35%: ades admr apln laju adro indy antm tays excl asii bumi midi dssa mapi cleo cpin unvr mtel pgeo bnii imas keju MYOR amrt bren goto kija sido roti jsmr bbca kaef tlkm pgas byan bbri",unvr
2026-04-02,Try imagining other issuers jumping on the bandwagon like FORE: - ULTJ giving out free milk - UNVR giving out Lifebuoy soap - SIDO handing out Tolak Angin packs - BSDE giving away land plots in BSD,unvr
2026-04-02,https://mstock.miraeasset.co.id/blog/dividen-unvr/bagidividen:bisa2kalisetaon:UNVR:2026:,unvr
2026-04-03,"But if it turns out that what gets hit instead is the countrys weight or the flow of foreign funds into Indonesia, then the most liquid benchmark stocks like BBCA, BBRI, BMRI, TLKM, ASII, BBNI, UNTR, GOTO & others could still get dragged down along with it.",bbri
2026-04-03,"Sobat BRI, nikmati promo menarik cashback pembelian pulsa Indosat hingga Rp25 ribu dengan transaksi menggunakan BRImo Ayo jangan sampai kelewatan, beli pulsa Indosat pakai BRImo dan nikmati kemudahannya Info lebih lanjut klik http://bbri.id/promopulsa#BRImo#BRImoMudahSerbaBisa",bbri
2026-04-03,Apakah king tomoty nyangkut di bbca bbri bmri,bbri
2026-04-03,"Yang paling tahan? Big 4 bank + TLKM $BBCA $BBRI $BMRI $BBNI $TLKM estimasi cuma −3–8% Float sehat, BUMN, lebih resilient, tapi tetap kena arus jual asing IHSG sendiri: Base case 6.600–6.800 (turun 3–6%) Bear case 6.300–6.500 (turun 7–10%) Preseden Januari: IHSG −7.4%",bbri
2026-04-03,Mendiang owner $BBCA punya rekening di $BBRI. Etapi itu karena beliau dapet bonus.,bbri
2026-04-03,"Belajar dr channel yt mabuksaham perihal dividen investing, mau gonjang ganjing market selama dr perusahaan growth masih oke, no worry sih Adro ptba sido bbri sejak 2021 Tiap bulan cicil beli haka at any price Dpt dividen lgsg haka gulung lagi Trading 10% dividen 90%.",bbri
2026-04-03,$ICBP very strong support. Gak mau call rebound apa enggak tapi area menarik.,icbp
2026-04-03,$INDF $ICBP siap-siap?,icbp
2026-04-03,"$FORE punya dampak nyata bagi pelanggannya yang mana beli saham dikasih dividen berupa minuman masa perusahaan lain ga bisa? contoh : $GOTO, $BUKA, $GIAA, $MYOR, $ICBP, $ROTI",icbp
2026-04-03,Hepi OSh: multiBAGGER: matang CUAN: ANTM INDY: 02 Januari 2025 - 02 April 2026: BLTA DSSA BUMI ADES APLN ELSA ADMR LAJU EXCL ASII TAYS TLKM PGAS PGEO IMAS UNVR:,tlkm
2026-04-03,"First time buying TLKM shares during the IPO & BBNI, forgot what year. After holding for a few months, it only went up by 100 rupiah. Then sold it.. , just opened an account again on Stockbit out of boredom at the end of 2023 up to now. Also surprised to see lots are only 100",tlkm
2026-04-03,"Yang paling tahan? Big 4 bank + TLKM $BBCA $BBRI $BMRI $BBNI $TLKM estimasi cuma −3–8% Float sehat, BUMN, lebih resilient, tapi tetap kena arus jual asing IHSG sendiri: Base case 6.600–6.800 (turun 3–6%) Bear case 6.300–6.500 (turun 7–10%) Preseden Januari: IHSG −7.4%",tlkm
2026-04-03,"But if it turns out that what gets hit instead is the countrys weight or the flow of foreign funds into Indonesia, then the most liquid benchmark stocks like BBCA, BBRI, BMRI, TLKM, ASII, BBNI, UNTR, GOTO & others could still get dragged down along with it.",tlkm
2026-04-03,"Telkom Indonesia Ticker: TLKM Perusahaan baru akan menyampaikan Lapkeu pada akhir April 2026 karena dual listing. Perseroan akan menyampaikan Laporan Keuangan Tahunan (Audited) menggunakan batas waktu dari US-SEC yaitu selambat-lambatnya pada akhir bulan April 2026, sehingga",tlkm
2026-04-03,phly to roz ye kuta truko py or chro k sth daily metng or ab kia msla bmri bgrto,bmri
2026-04-03,"Bursa Efek Indonesia (BEI) merilis daftar emiten dengan High Shareholder Concentration (HSC). HSC adalah kondisi konsentrasi kepemilikan saham yang tinggi pada segelintir pihak, yang memengaruhi likuiditas pasar. Daftar tersebut mencakup BREN, DSSA, TPIA, ISAT, dan DCII.",isat
2026-04-03,Hepi OSh: multiBAGGER: matang CUAN: ANTM INDY: 02 Januari 2025 - 02 April 2026: BLTA DSSA BUMI ADES APLN ELSA ADMR LAJU EXCL ASII TAYS TLKM PGAS PGEO IMAS UNVR:,unvr
2026-04-03,"The TP was hit too fast back then didnt even reach 50% even though there was a range, probably just 47% so the TP for $UNVR check out the wild analysis below",unvr
2026-04-04,"Dear BRI Friend, Shopping for daily needs is now even more affordable with BRIs special promotion. Discounts up to Rp50,000 at various Grocery merchants until December 23, 2026. Check here http://bbri.id/groceries#PromoMerchantBRI#MelayaniSepenuhHati",bbri
2026-04-04,"Daya Tarik Dividen: Di harga penutupan 3.320, BBRI membagikan dividen (TTM) sebesar Rp 345,40 per lembar saham. Hal ini menghasilkan dividend yield yang menarik sebesar 10,40%. (4/8)",bbri
2026-04-04,"Jumlah tersebut mengindikasikan yield dividen final sebesar 6% berdasarkan harga saham BBRI pada intraday hari Rabu (25/3) di Rp3.450/lembar. Sebelumnya, BBRI telah membagikan dividen interim Rp137/saham pada Januari 2026. (2/3)",bbri
2026-04-04,"Update dari @Stockbit BBRI mengusulkan total dividen tahun buku 2025 setidaknya senilai ~Rp52 T atau setara ~92% dividend payout ratio (vs. 2024: 86%) dalam RUPST pada 10 April 2026, artinya dividen final setidaknya sebesar Rp206,4/saham. (Yield 6%) (1/3)",bbri
2026-04-04,"Test knowledge WMI 2# Johny kelola reksa dana Reksa dana beli BBRI harga 3500 100.000 lot, baru 2 minggu harga naik ke 3850 lalu dijual semua Johny atas nama pribadi juga ikut beli, masuk 3550 jual di 3850, timingnya sehari setelah reksa dana jual Apakah Johny melanggar POJK?",bbri
2026-04-04,Beli bitcoin di harga awal2 kemunculanya?beli bbri di harga ipo?,bbri
2026-04-04,"trading di ihsg banyak capeknya mending Inves buat mid-long term. Awal perang iran 100% cash. Semenjak itu borong bbri sama bbca. Skrang cash tinggal 30% Posisi skrg bbca minus 3%, bbri minus 4% Tapi bakal kecover dev. Tenang dan yakin pasti bakal ijo pada waktunya.",bbri
2026-04-04,melanggar POJK. Pasal 5 ayat (4) huruf c POJK Nomor 17/POJK.04/2022 tentang Pedoman Perilaku Manajer Investasi - Reksa dana beli BBRI hari ke-0 @ Rp3.500 → jual semua hari ke-14 @ Rp3.850 (holding period reksa dana = 14 hari). - Johny beli pribadi @ Rp3.550 (harga sudah naik,bbri
2026-04-04,"Saya bukan WMI, cuma newbie yg penasaran menjawab Jawabannya boleh, Johny tidak melanggar PJOK karena dia beli $BBRI setelah reksa dana membelinya duluan dan Johny jual setelah reksa dana menjualnya, kecuali Johny membeli duluan dan menjualnya sebelum reksa dana jualan",bbri
2026-04-04,"wkwk iya lagi kemaren gua nontonin video terbarunya yg ngebahas saham bbca bmri bbri, kok kek ada yg kurang gitu udah jarang ngegobl0k2in orang maki2nya kek ketahan gitu mungkin dia udh di nasehatin bg Hotman biar gak urusan sama masa wkwkwk",bbri
2026-04-04,"Working with hands is ordinary. Working with the mind is smart. However, serving with the heart is an art. #bbri #bri",bbri
2026-04-04,"Dividend season is underway Payment date: 7 April: BBNI = 349.41/share 8 April: BBCA = 281/share Rups on schedule ADMF: 6 April BBRI: 10 April BJBR: 28 April BJTM: 6 May These employees who invest in stocks are getting paid at the end of February, then THR in",bbri
2026-04-04,Up 33% and thats only because of FRYING!!! #bbca #icbp #bbri #ihsg just watch how !!,bbri
2026-04-04,Beli saham bbri 12M Sisa Buwat hidup,bbri
2026-04-04,"Struggling hard, bro. All in on BBRI. The annual dividend is pretty decent.",bbri
2026-04-04,"IHSG BISA MERAH TOTAL SENIN 6 APRIL, APAKAH PORTO KAMU SIAP? Beban index sangat berat karena BREN & DSSA masuk list HSC. IHSG hanya bisa selamat jika BBCA, BBRI, BMRI, BBNI, dan TLKM kompak naik minimal 5% sekaligus. Tanpa penguatan perbankan besar, porto ritel yang tidak siap.",bbri
2026-04-04,"Soalnya gua kemarin gitu 1 semester full di reksadana obligasi, terus semester selanjutnya berani ke saham. Semumpung hanya nabung bluechip. Alhamdulillah dapet harga bagus karena nyerok saat covid dapet return 120% di Saham BBRI cuman 6bulan",bbri
2026-04-04,"kenapa saham BBCA selalu dihargai jauh lebih mahal dari BBRI atau BMRI? ternyata rahasianya bukan cuma soal seberapa besar asetnya, tapi ada 1 metrik yang bikin BCA jadi mesin uang paling efisien gue mau coba rangkum di thread ini sebagai catatan gue pribadi juga, sekaligus",bbri
2026-04-04,"PT Bank Rakyat Indonesia Tbk Ticker: $BBRI Kinerja 2025 (Vs 2024): * Laba: Rp57,13 T (Vs Rp60,3 T) * Pendapatan Bunga & Syirkah: Rp207,78 T (Vs Rp199,26 T * Aset: Rp2.135,37 (Vs Rp1.992,18 T) * Liabilitas: Rp1.804,42 T (Vs Rp1.668,87) * Ekuitas: Rp330,94 T (Vs",bbri
2026-04-04,"Post goblok dan menyesatkan, $INDF n $ICBP itu perusahaan terbuka, semua bisa beli sahamnya. Juga, blackrock cuma kelola duit customernya. IQ rendah setara gorila ni yg buat, ga research dulu. Tolol tolol",icbp
2026-04-04,"Pendorong utamanya ada di: Laba INDF naik +23,6% YoY (Rp10,7 triliun) Laba ICBP naik +30,3% YoY (Rp9,2 triliun) Agribisnis INDF tumbuh +36,8% YoY Mi instan tetap jadi kontributor utama ICBP (72,7%)",icbp
2026-04-04,Up 33% and thats only because of FRYING!!! #bbca #icbp #bbri #ihsg just watch how !!,icbp
2026-04-04,Berapa persen kepemilikan sih emangnya? Saham free float juga kan yang dibeli sama kayak yang kita semua bisa beli di bursa saham? Beli ICBP dan INDF di broker atau di sekuritas gitu kan sama kayak kita2 ritel unyu ini cuma beda jumlah modal?,icbp
2026-04-04,"kalo begini yang ada repot sendiri hidup lo karena INDF dan ICBP ni turunannya banyak ga cuma indomie. Tp terserah sih, boikot semampunya.",icbp
2026-04-04,"Perusahaan TBK siapa aja boleh invest jir, $INDF /$ICBP ga salah apa apa",icbp
2026-04-04,"Di sisi lain, margin INDF dan ICBP sedikit tertekan, serta ada potensi risiko dari biaya logistik akibat konflik global. Sumber: MNC Sekuritas Retail Research Disclaimer On #MNCSekuritas #MotionTrade #InvestasiLiteStyle #INDF #ICBP #Saham",icbp
2026-04-04,"Indf sama icbp ntu TBK pung, sahamnya bisa dibeli siapa aje termasuk aseng. Kau pun bisa beli, gaada kriteria lu israel apa bukan tetep bisa beli",icbp
2026-04-04,"https://investasi.kontan.co.id/news/pendapatan-naik-243-mitratel-mtel-kantongi-laba-bersih-rp-21-triliun-di-2025laba:mtel:2025:Rp4,15T:anakusahaTLKM:",tlkm
2026-04-04,"IHSG BISA MERAH TOTAL SENIN 6 APRIL, APAKAH PORTO KAMU SIAP? Beban index sangat berat karena BREN & DSSA masuk list HSC. IHSG hanya bisa selamat jika BBCA, BBRI, BMRI, BBNI, dan TLKM kompak naik minimal 5% sekaligus. Tanpa penguatan perbankan besar, porto ritel yang tidak siap.",tlkm
2026-04-04,"menurut keyakinan saya, tidak berkaitan sbg perusahaan BBCA bagus kok. saya sbg user bbca jg puas dgn produknya. sepertinya prnh ada kisah juga UNVR perusahaan bagus, laba nya naik banyak tp turun -90% an harga sahamnya (?) atau TLKM yang menguasai pasar dan jg perusahaan",tlkm
2026-04-04,Kalau buat saham TLKM gimana kak?,tlkm
2026-04-04,"List perusahaan terbuka yang diinvest Blackrock dan Vanguard, 1. Perbankan: BBCA, BBNI, BMRI, BBNI",bmri
2026-04-04,10 M Taruh di BMRI dah dapet dividen 30 juta per bulan,bmri
2026-04-04,"wkwk iya lagi kemaren gua nontonin video terbarunya yg ngebahas saham bbca bmri bbri, kok kek ada yg kurang gitu udah jarang ngegobl0k2in orang maki2nya kek ketahan gitu mungkin dia udh di nasehatin bg Hotman biar gak urusan sama masa wkwkwk",bmri
2026-04-04,Nikmati hemat s.d. 25%* di berbagai brand Boga Group dengan transaksi pakai Mandiri Kartu Kredit! Periode hingga 30 Juni 2026. *Info: http://bmri.id/mandiribogaBankMandiriberizindandiawasiolehOtoritasJasaKeuangansertaBankIndonesia.#MandiriKartuKredit#BankMandiri,bmri
2026-04-04,"Apa yang menurut kamu bagus, belum tentu benar untuk orang lain. Kalau menurut kamu dividen 10% BMRI bagus, menurut aku 13-15% lebih bagus. NFA",bmri
2026-04-04,"IHSG BISA MERAH TOTAL SENIN 6 APRIL, APAKAH PORTO KAMU SIAP? Beban index sangat berat karena BREN & DSSA masuk list HSC. IHSG hanya bisa selamat jika BBCA, BBRI, BMRI, BBNI, dan TLKM kompak naik minimal 5% sekaligus. Tanpa penguatan perbankan besar, porto ritel yang tidak siap.",bmri
2026-04-04,"kenapa saham BBCA selalu dihargai jauh lebih mahal dari BBRI atau BMRI? ternyata rahasianya bukan cuma soal seberapa besar asetnya, tapi ada 1 metrik yang bikin BCA jadi mesin uang paling efisien gue mau coba rangkum di thread ini sebagai catatan gue pribadi juga, sekaligus",bmri
2026-04-04,itmg aadi bmri,bmri
2026-04-04,"Yuk, pakai Livin’ by Mandiri! Download di sini https://bmri.id/reflivin?af_adset=MGMH5DQAS2&deep_link_sub1=null&deep_link_sub2=MGMH5DQAS2Janganlupapakaikodereferral-ku:MGMH5DQAS2FAQ:http://bmri.id/livinmgmBankMandiriberizindandiawasiolehOtoritasJasaKeuangan(OJK)danBankIndonesia,sertamerupakanpesertapenjaminanLPS",bmri
2026-04-04,yup. sebelumnya UNVR sudah membentuk CHoCH uptrend dari downtrend. namun meninggalkan last high yang panjang hingga 4 bulanan mngkn dan sempat 2x failed closed break last high yang panjang 3 minggu sampe ber bulan bulan berpotensi tanda ada potensi kenaikan banyak jika berhasil,unvr
2026-04-04,Unvr drop dari 11000 Ketika di 4000 banyak yang anggap harganya sudah di bottom ternyata bablas ke 900-an Kurang mapan apa UNVR ? Konsisten bagikan dividen BREN konsisten bagikan dividen?,unvr
2026-04-04,"menurut keyakinan saya, tidak berkaitan sbg perusahaan BBCA bagus kok. saya sbg user bbca jg puas dgn produknya. sepertinya prnh ada kisah juga UNVR perusahaan bagus, laba nya naik banyak tp turun -90% an harga sahamnya (?) atau TLKM yang menguasai pasar dan jg perusahaan",unvr
2026-04-04,ga nyangka ya kak bs bull lagi UNVR. ini last low struktur baru belum dijebol. meski sudah dibawah MA200. asal kan ga jeblol dan bentuk momentum FVG baru mngkn bs tipis2 10-20% kalo jebol jadi CHoCH bear / downtrend. nunggu kalo ada pembentukan CHoCH bull lagi mungkin yaa,unvr
2026-04-04,"Right now in the US market, theres Nike going through something similar to UNVR, even though its drop isnt as extreme as UNVRs yet, but its already down -75% from its ATH. How much bigger does it get than that, Nike? Its shoes are still worn by millions of people. It",unvr
2026-04-05,"11 12 ya saham2 bluechip dari bank. bbri bbni dengan harga sekarang, devidennya juga around segitu.",bbri
2026-04-05,"IHSG Technical View 6 April 2026 IHSG pekan lalu ditutup melemah 2,2%, disertai dengan net sell asing ~864 miliar. Saham yang paling banyak dijual asing adalah BBRI, BMRI, ANTM, PTRO, dan CUAN.",bbri
2026-04-05,"Kalau Iva beli saham BBRI di harga 6000 dan sekarang turun, investor reksa dana bisa minta pertanggung jawaban dgn pasal yang sama? Atau lebih extreme lagi beli ARTO di harga 19.000? Bisa?",bbri
2026-04-05,"Kan aku tunggu aba aba Pek... Bbni, BBRI harus buy diangka berapa?",bbri
2026-04-05,"daymn $ICBP jadi PE Under 10 not an ICBP investor but remember the cheapest food is Indomie below it Promag, but thats not really food even though it fills you up.",icbp
2026-04-05,"https://investasi.kontan.co.id/news/mayoritas-kinerja-keuangan-emiten-lq45-catat-kinerja-positif-di-tahun-2025laba:2025:mayoritas:LQ45:adro,antm,bbri,bbca,aadi,bmri,nckl,bbca,icbp:",icbp
2026-04-05,Beberapa emiten yang punya produk susu kotak. 1. PT Ultra Jaya Milk Industry & Trading Company Tbk. (ULTJ) 2. PT Diamond Food Indonesia Tbk. (DMND) 3. PT Cisarua Mountain Dairy Tbk. (CMRY) 4. PT Indofood CBP Sukses Makmur Tbk. (ICBP) Note: bukan ajakan jual beli.,icbp
2026-04-05,Itu tepung terigunya juga pake dari Bogasari yang mana punya ICBP yang sahamnya dibeli vanguard blackrock,icbp
2026-04-05,"setelah mendalamin soal Blackrock ini. inilah kenapa adanya BDS movement biar semua muanya gak asal random boycott, targetnya emang yg direct involvement with israhell gak cuman ICBP, tapi juga whole INDF, BMRI, BBRI, BBCA, TLKM, ASII bahkan surat utang negara kita",icbp
2026-04-05,"setelah mendalamin soal Blackrock ini. inilah kenapa adanya BDS movement biar semua muanya gak asal random boycott, targetnya emang yg direct involvement with israhell gak cuman ICBP, tapi juga whole INDF, BMRI, BBRI, BBCA, TLKM, ASII bahkan surat utang negara kita",tlkm
2026-04-05,"Kalau newbie banget jelas BBCA kalau list tsb simply krn terkenal bank kuat yang ga akan bangkrut jd bagus buat nabung saham. Selain itu ga banyak newbie kenal. Saham pilihan newbie biasanya TLKM, UNVR, ANTM, INDF selain itu himbara BBRI, BMRI bigbank selain BBCA",tlkm
2026-04-05,"WHAT THE HELL WORLD IS THIS IF ITS NOT VANGUARD+BLACKROCK?! People are busy discussing at most Warren Buffett who just retired, but me, Im thinking isnt there anyone who wants to take over Blackrock/Vanguard or what? UNVR, Nestle and the like often end up that way",unvr
2026-04-05,"Ive thought like that even before it was half price, but at UNVR. Until now, just pretending not to see it",unvr
2026-04-05,"Kalau newbie banget jelas BBCA kalau list tsb simply krn terkenal bank kuat yang ga akan bangkrut jd bagus buat nabung saham. Selain itu ga banyak newbie kenal. Saham pilihan newbie biasanya TLKM, UNVR, ANTM, INDF selain itu himbara BBRI, BMRI bigbank selain BBCA",unvr
2026-04-06,"JAKARTA – Indeks Harga Saham Gabungan (IHSG) berbalik melemah meski hanya turun 0,99% sepekan, setelah sempat rebound lebih dari 2% dan tutup di level 7.026,78 pada perdagangan Kamis (2/4). Baca selengkapnya: https://idnfin.id/a62710",bbri
2026-04-06,"BBRI BBCA Cs Diterawang, Nasibnya Bisa Begini https://investor.id/market/434104/bbri-bbca-cs-diterawang-nasibnya-bisabeginivia@InvestorID",bbri
2026-04-06,"Sobat BRI, Masih antre buat bayar UTBK-SNBT? Sekarang kamu bisa bayar melalui BRImo. Pastikan kamu menyelesaikan pembayaran tepat waktu ya agar proses pendaftaran UTBK-SNBT berjalan lancar. Info lebih lanjut : http://bbri.id/bayarutbksnbt#BRImo#BRImoMudahSerbaBisa#UTBK2026",bbri
2026-04-06,Kaga sarapan Kalau buang pp masuk bbri bmri masih ok,bbri
2026-04-06,"Dear BRI Friend, Top up Tri provider quota in BRImo is even more affordable with promotions up to 13%. Dont miss out. Top up internet is more affordable & easy using BRImo For more info, click http://bbri.id/kuota3#BRImo#TabunganBRI#BRImoMudahSerbaBisa",bbri
2026-04-06,"Sobat BRI, saatnya mulai investasi emas yang lebih mudah dan makin untung Cukup buka rekening Tabungan Emas lewat BRImo, kamu berkesempatan dapat cashback saldo emas hingga Rp100 Ribu Yuk jangan sampai terlewat, info lebih lanjut klik http://bbri.id/promonabungemas#TabunganBRI",bbri
2026-04-06,$BBRI in the monitoring area... Looking for potential reversal in the next few days,bbri
2026-04-06,Selama saham bank masoh diobral asing kayaknya bakal disitu situ atau cenderung turun sih. Nanti begitu bbca balik ke 8000 BBRI 4000 BBNI 4500 Ihsg di 9000 lagi.,bbri
2026-04-06,How long is this gonna keep sucking,bbri
2026-04-06,"Dana darurat udah punya. Sisanya masih progress. Target punya 2.5 M - 3 M terus taruh ke Saham BBRI, BBCA, dan instrumen investasi lainnya.",bbri
2026-04-06,Bbri sama bbni udah menarik banget sbenernya. Bmri tunggu dekat atau lewat 4500 dulu. Bbca menarik tpi devidennya lebih sedikit..,bbri
2026-04-06,Hem BBRI sangat2 menarik,bbri
2026-04-06,Gasadar padahal gaji nya sebagian dari laba BBRI juga fakkk,bbri
2026-04-06,gapapa: ga ngerti saham: OSh: olah saham: kesejahteraan: matang CUAN: multiBAGGER: ANTM BBCA BBRI BLTA BNII BUMI CPIN ELSA EXCL IMAS JSMR KIJA MAPI MASA MYOR PGAS UNVR: 06 April 2020-06/04/2026,bbri
2026-04-06,"Sekarang udh 3300 an kira2 udh di bottom belum om? Aku g target deviden untuk bbri, cuma nambah muatan aja, pengen beli di harga bawah",bbri
2026-04-06,"Om, bbri beli sekarang atau pas ex date?",bbri
2026-04-06,just remembered fore chasing after bbri https://x.com/parkjaeeon__/s/parkjaeeon__/status/2041075035994284231,bbri
2026-04-06,"Beli saham BBRI all in semua , harga masih bagus mau ada deviden",bbri
2026-04-06,"IHSG: anzloG: jeleG: negat1F: tapi: matang CUAN: 06 April 2026: mase posit1F: +10,52%: ADRO AMRT APLN ARTO ASRI BBRI BLTA BNII BREN BUMI BYAN CLEO CPIN DSSA ELSA EXCL GOTO GPSO HERO IMAS INDY KAEF KEJU LAJU MAPI MIDI MYOR PGEO",bbri
2026-04-06,$BBRI update BBRI in monitoring area... Looking for potential reversal in the next few days,bbri
2026-04-06,"Lalu, apa dampaknya ke saham big bank BUMN? kami ulas selengkapnya di sini: https://mikirduit.com/begini-skema-pembiayaan-koperasi-merah-putih-bagaimana-nasib-saham-bank-bumn/$BBRI$BMRI$BBNI",bbri
2026-04-06,"Salah satu risiko saham bank BUMN adalah partisipasinya dalam pembiayaan program pemerintah. Banyak yang khawatir itu bisa jadi kredit bermasalah di masa depan, salah satunya program Kopdes Merah Putih. $BBRI $BMRI $BBNI",bbri
2026-04-06,"Kocak ya, padahal txt tuh storyline nya stabil, bener bener jelas dari awal sampe sekarang",bbri
2026-04-06,Kapan ya yang laen????? misal ICBP bagi Indomie Gratis,icbp
2026-04-06,"Ini baru musisi keren, Jadi direktur di Bank Asing bukan BUMN Gak kayak musisi yang itu tuh, Si gondrong yang jadi Komisaris $TLKM Cuman kerja 3 tahun, Tahun 2024 kemaren akhirnya “mengundurkan diri”, demi menjaga Netralitas dan mendukung Ganjar-Mahfud di 2024",tlkm
2026-04-06,Fyi Si AH megang bmri juga,bmri
2026-04-06,"Yuk, pakai Livin’ by Mandiri! Download di sini https://bmri.id/reflivin?af_adset=MGM7MD0IXN&deep_link_sub1=null&deep_link_sub2=MGM7MD0IXNJanganlupapakaikodereferral-ku:MGM7MD0IXNFAQ:http://bmri.id/livinmgm",bmri
2026-04-06,https://youtube.com/shorts/QX_7dEeP4yE?si=BMRi-4MwE-aUo_kUTERAPIA...!,bmri
2026-04-06,Bbri sama bbni udah menarik banget sbenernya. Bmri tunggu dekat atau lewat 4500 dulu. Bbca menarik tpi devidennya lebih sedikit..,bmri
2026-04-06,kecebur di BBNI dan BMRI sudah minus 15% dan 10%,bmri
2026-04-06,untung udah cashout $BMRI dari 4900. turunin bawah 4500 lagi deh baru sexy hehe,bmri
2026-04-06,Nanti dpt deviden bmri beli bbni ya,bmri
2026-04-06,"Checkout makin puas di Lazada! Nikmati diskon 18% s.d. Rp400 ribu* di Lazada dengan transaksi pakai Mandiri Kartu Kredit! Berlaku s.d. 7 April 2026. Yuk, langsung belanja sekarang dan manfaatkan promonya! *Info: http://bmri.id/lazadaprestigeBankMandiriberizindan",bmri
2026-04-06,Buat beli BMRI Pak,bmri
2026-04-06,"Lalu, apa dampaknya ke saham big bank BUMN? kami ulas selengkapnya di sini: https://mikirduit.com/begini-skema-pembiayaan-koperasi-merah-putih-bagaimana-nasib-saham-bank-bumn/$BBRI$BMRI$BBNI",bmri
2026-04-06,"Salah satu risiko saham bank BUMN adalah partisipasinya dalam pembiayaan program pemerintah. Banyak yang khawatir itu bisa jadi kredit bermasalah di masa depan, salah satunya program Kopdes Merah Putih. $BBRI $BMRI $BBNI",bmri
2026-04-06,"@xxxstarmoon Sebagai alternatif lain, untuk melakukan pergantian kartu mandiri debit juga dapat dilakukan melalui layanan CS Machine yang berada di lokasi-lokasi tertentu dapat dilihat melalui link berikut http://bmri.id/lokasicsmachine,ataumelaluikantorcabangBankMandiriterdekat",bmri
2026-04-06,"5M masukin bmri, bca udah nyantai kalau gaada cicilan, punya rumah, kendaraan",bmri
2026-04-06,Kaga sarapan Kalau buang pp masuk bbri bmri masih ok,bmri
2026-04-06,gapapa: ga ngerti saham: OSh: olah saham: kesejahteraan: matang CUAN: multiBAGGER: ANTM BBCA BBRI BLTA BNII BUMI CPIN ELSA EXCL IMAS JSMR KIJA MAPI MASA MYOR PGAS UNVR: 06 April 2020-06/04/2026,unvr
2026-04-07,"Data jual beli asing hari ini Top Foreign Buy BRMS, 40.8M ADMR, 34.3M ADRO, 32M BBCA, 28.7M INDF, 24.9M Top Local Buy BMRI, 371.5M BBRI, 364.3M ANTM, 306.8M CUAN, 155.2M BUMI, 104.9M",bbri
2026-04-07,"IHSG -0,29% ke 6.969,159 di akhir sesi I Selasa (7/4/2026) pukul 12.00 WIB. Sektor Perindustrian -2,12%, sektor Barang Konsumen Primer -1,04%. Sektor Energi +0,72%. Saham pemberat utama IHSG, BBRI -1,81%, TLKM -2,53%, ASII -2,87%, BMRI -1,74%, dan AMMN -2,49%. Saham dari group PP",bbri
2026-04-07,"Udah di level.. ada dividen, tarik, taro reksa. Kemaren masih mau avg down. Kayaknya sekarang ga sanggup dah gw. Intinya mah makasin bbca, bbni.. Ditunggu bmri, bbri dan ptba.. Sampai jumpa setahun lagi",bbri
2026-04-07,Saham BBRI Cs Jatuh Gara-gara Ini #saham #infosaham #investasi,bbri
2026-04-07,IHSG Dibuka Menguat di 7.009! Saham Big Caps Tembus Zona Hijau https://bitvonline.com/ekonomi/63476/ihsg-dibuka-menguat-di-7009-saham-big-caps-tembus-zona-hijau/#IHSG#SahamIndonesia#IHSGHariIni#SahamBigCaps#BYAN#BBRI#IHSGMenguat#BursaEfekIndonesia#InvestasiSaham#PasarModal#IHSGUpdate#BeritaSaham#WallStreet#Geopolitik#bitvonline#selasa,bbri
2026-04-07,Tlkm nih rungkad bener udh gue tunggu 1 thn ttp aja kagak naik²,tlkm
2026-04-07,"IHSG -0,29% ke 6.969,159 di akhir sesi I Selasa (7/4/2026) pukul 12.00 WIB. Sektor Perindustrian -2,12%, sektor Barang Konsumen Primer -1,04%. Sektor Energi +0,72%. Saham pemberat utama IHSG, BBRI -1,81%, TLKM -2,53%, ASII -2,87%, BMRI -1,74%, dan AMMN -2,49%. Saham dari group PP",tlkm
2026-04-08,"Investor Serbu BBRI, BBCA, hingga Emiten Prajogo #saham #infosaham #investasi",bbri
2026-04-08,"Data Jual Beli Asing Hari Ini Top Foreign Buy BBNI, 142.8M AADI, 142.5M BRMS, 96.1M DEWA, 93.5M BBCA, 92.5M Top Local Buy BBRI, 365.8M CUAN, 284.4M BMRI, 96.5M BRPT, 73.3M RATU, 41.4M",bbri
2026-04-08,Yang Bikin Saham BBRI BBCA Cs Loncat #saham #infosaham #investasi,bbri
2026-04-08,Sobat BRI Shareholders BBRI! Yuk Ikutan Voting RUPST BRI 2026! https://finance.detik.com/moneter/d-8435217/sobat-bri-shareholders-bbri-yuk-ikutan-voting-rupst-bri-2026??utm_campaign=detikcomsocmed&utm_medium=oa&utm_source=twitter&utm_content=detikfinance,bbri
2026-04-08,"Ramalan Nasib BBRI, BMRI, BBNI #saham #infosaham #investasi",bbri
2026-04-08,Ada plus/ minus: (+) Loan growth terdorong (+) Credit risk rendah — dijamin pemerintah via DAU/Dana Desa (+) BBRI paling diuntungkan Yang bahaya: Bunga dipatok 6% per tahun — di bawah rate komersial NIM bisa tertekan. Loan naik. Margin turun. Nett-nya? Tergantung seberapa besar,bbri
2026-04-08,BBRI belom,bbri
2026-04-08,"Lebih milih bbni daripada bbca atau bbri, menarikk",bbri
2026-04-08,Bbni sm bbri gua masih nyangkut anj,bbri
2026-04-08,"Come on already, just waiting for BMRI and BBRI now.",bbri
2026-04-08,"BBNI, BMRI, BBRI Calon2 merah besok",bbri
2026-04-08,"Pnm kan rencananya dilepas dari bbri, dan pnm akan jd alat penyaluran bantuan kredit murah/kur...bisajadi kopdes nantinya dari pnm ini gaes",bbri
2026-04-08,$BBRI udah jelas,bbri
2026-04-08,matang CUAN: multiBAGGER: AMRT ANTM ARTO ASII ASRI BBRI BNII BREN BYAN EXCL GOTO LAJU MYOR ROTI: +100% s.d. +2250%: hanya dalam 1 hari: 07/04/2026 (D-1 ultimatum Trump) s.d. 08 April 2026 (gencatan senjata disepakati):,bbri
2026-04-08,Bbri bmri kapan hari udh Bbca udh gw jual Bbni gak masuk,bbri
2026-04-08,yuk bisa yuk BMRI dan BBRI bagi dividen besok walau dengan lot imutku itu saham ini tetep ku keep walau ADRO lagi cuan gedee dan big bank lagi turun entah gatau kapan naiknya,bbri
2026-04-08,BBCAs already waiting for BMRI and BBRI,bbri
2026-04-08,Semangat bolo BBRI nya @asdfgian__,bbri
2026-04-08,Porto paling banyak di bbca ama bbri tapi paling lelet naiknya huhuhu,bbri
2026-04-08,"BBRI should go back to 4000 first, man.. the moneys gonna be for the sacrifice..",bbri
2026-04-08,bbni udah di re-investasi.. bukan investor bbca bmri dan bbri nunggu cair,bbri
2026-04-08,"esim yg kuotanya terjangkau ada ga sih, si tlkm tlkm itu tambah mahal deh sekarang, masa 28hari doang",tlkm
2026-04-08,"tenang menghanyutkan: MSS: +116 kali lipat: +17,93%: ADRO AMRT APLN ARTO ASRI BBRI BLTA BNII BREN BUMI BYAN CLEO CPIN DSSA ELSA EXCL GOTO GPSO HERO IMAS INDY KAEF KEJU LAJU MAPI MIDI MYOR PGEO TAYS TLKM UNVR 08/04/2026:",tlkm
2026-04-08,"Sip,, pas dividen ARNA cair,, semoga harga BMRI nyungsep,,",bmri
2026-04-08,Pasar kini memperkirakan peluang pemangkasan suku bunga the Fed pada bulan Juli 2026 ini sekitar 77% dengan penurunan bunga sepenuhnya diperkirakan di bulan September 2026. Ini akan sangat bagus untuk $Bbca $Bmri $Bbni,bmri
2026-04-08,"Sudahh dong, tinggal nunggu BMRI sama BBRI",bmri
2026-04-08,ga ambil BMRI aja kak,bmri
2026-04-08,"BBNI, BMRI, BBRI Calon2 merah besok",bmri
2026-04-08,Buat beli bmri,bmri
2026-04-08,"Yuk, pakai Livin’ by Mandiri! Download di sini https://bmri.id/reflivin?af_adset=MGMU2DYDF7&deep_link_sub1=null&deep_link_sub2=MGMU2DYDF7Janganlupapakaikodereferral-ku:MGMU2DYDF7KodeCabang15600FAQ:http://bmri.id/livinmgmBankMandiriberizindandiawasiolehOtoritasJasaKeuangan(OJK)danBankIndonesia.",bmri
2026-04-08,Bbri bmri kapan hari udh Bbca udh gw jual Bbni gak masuk,bmri
2026-04-08,yuk bisa yuk BMRI dan BBRI bagi dividen besok walau dengan lot imutku itu saham ini tetep ku keep walau ADRO lagi cuan gedee dan big bank lagi turun entah gatau kapan naiknya,bmri
2026-04-08,BBCA udah nunggu BMRI n BBRI,bmri
2026-04-08,bbni udah di re-investasi.. bukan investor bbca bmri dan bbri nunggu cair,bmri
2026-04-08,"Data Jual Beli Asing Hari Ini Top Foreign Buy BBNI, 142.8M AADI, 142.5M BRMS, 96.1M DEWA, 93.5M BBCA, 92.5M Top Local Buy BBRI, 365.8M CUAN, 284.4M BMRI, 96.5M BRPT, 73.3M RATU, 41.4M",bmri
2026-04-08,bbri sama bmri belumm,bmri
2026-04-08,"BBNI + BBCA dapat dividen 1jt,, buat beli BBRI BMRI ARNA,, kalo dh cair lagi buat beli SMSM/TOTO/SPTO/MSTI/IPCM",bmri
2026-04-08,Bbca uda bmri dan bbri bln depan hehe,bmri
2026-04-08,BBCA udah. Tinggal nunggu BBRI dan BMRI Mei nanti,bmri
2026-04-08,Dividen big bank : BBNI BBCA BMRI BBRI kalian udah cair?,bmri
2026-04-08,"dividen cair, dapat harga big banks di area lumayan bottom IHSG sepertinya menunjukan bottoming area Tinggal nunggu dividen BBRI sma BMRI terus di gulung lagi perlahan",bmri
2026-04-08,"tenang menghanyutkan: MSS: +116 kali lipat: +17,93%: ADRO AMRT APLN ARTO ASRI BBRI BLTA BNII BREN BUMI BYAN CLEO CPIN DSSA ELSA EXCL GOTO GPSO HERO IMAS INDY KAEF KEJU LAJU MAPI MIDI MYOR PGEO TAYS TLKM UNVR 08/04/2026:",unvr
2026-04-09,"Data Jual beli asing hari ini Top Foreign Buy CUAN, 82.9M CPIN, 37.2M TPIA, 22.5M ESSA, 22.1M ITMG, 21.3M Top Local Buy BBCA, 611M BBRI, 339.7M BMRI, 207M BUMI, 125.1M BRPT, 112.6M",bbri
2026-04-09,"IHSG Dibuka Turun 40 Poin, Saham Pilihan BBRI dan BBCA Masih Layak Pantau https://bitvonline.com/ekonomi/63678/ihsg-dibuka-turun-40-poin-saham-pilihan-bbri-dan-bbca-masih-layak-pantau/#IHSG#SahamIndonesia#BursaEfekIndonesia#IHSGHariIni#InvestasiSaham#PasarSaham#Geopolitik#Rupiah#ReboundIHSG#SahamPilihan#TradingIndonesia#WallStreet#bitvonline#kamis",bbri
2026-04-09,"Dear BRI Friend, Its time to start investing for the future by buying gold in installments on BRImo. Get a cashback opportunity of up to Rp200 Thousand by starting to buy gold in installments for a minimum of 1 gram. Come on, dont miss out—click http://bbri.id/promocicilemasfor",bbri
2026-04-09,Padahal baru avg down BBCA dan beli BBRI. Dunia kenapasi,bbri
2026-04-09,Siapa yang suka indomie disini? #ICBP #SIDO #Indomie #saham #UNVR,icbp
2026-04-09,"BI surplus Rp85T tahun lalu — lebih besar dari laba TLKM atau BMRI. Tapi yang ramai cuma Rp40T masuk APBN. Yang jarang disebut: setiap rupiah disetor = berkurang modal ekuitas BI. Di tengah rupiah Rp16.600, ini bukan transfer gratis. @IDX_Channel",tlkm
2026-04-09,"Aksi Besar Telkom (TLKM) di Infranexia, Harga Saham Wajarnya Segini #saham #infosaham #investasi",tlkm
2026-04-09,PT Telkom Indonesia Tbk (TLKM) terus menggenjot bisnis data center sebagai sumber pertumbuhan baru. Langkah ini dilakukan seiring meningkatnya permintaan infrastruktur digital yang didorong oleh pesatnya perkembangan kecerdasan buatan dan ekonomi digital. #idxchannel,tlkm
2026-04-09,TOP EMITEN SAHAM DEVIDEN IDX DMAS LPPF ADRO CFIN GEMS RALS TPMA TAPG PTBA ITMG YUPI KKGI MPMX BSSR CLPI GHON PBID ASII AADI BMRI BJTM PGAS UNVR CTBN BBRI AKRA BBNI BNGA TLKM UNTR,tlkm
2026-04-09,"Data Jual Beli Asing sesi 1 TOP FOREIGN NET BUY AADI: Rp16,8 M ESSA: Rp14,7 M TAPG: Rp13,8 M INDY: Rp13,4 M TLKM: Rp10,3 M NSSS: Rp9,3 M ADMR: Rp9,3 M CPIN: Rp9,1 M ITMG: Rp8,8 M MAPI: Rp8,5 M TOP FOREIGN NET SELL BBRI:",tlkm
2026-04-09,"Kulineran di resto favorit, bayarnya jadi makin irit! Nikmati hemat hingga 25%* pakai Mandiri Kartu Kredit di berbagai brand Boga Group berlaku hingga 30 Juni 2026. Yuk, manfaatkan promonya buat makan enak bareng teman atau keluarga! *Info lengkap: http://bmri.id/mandiriboga",bmri
2026-04-09,TOP EMITEN SAHAM DEVIDEN IDX DMAS LPPF ADRO CFIN GEMS RALS TPMA TAPG PTBA ITMG YUPI KKGI MPMX BSSR CLPI GHON PBID ASII AADI BMRI BJTM PGAS UNVR CTBN BBRI AKRA BBNI BNGA TLKM UNTR,bmri
2026-04-09,Siapa yang suka indomie disini? #ICBP #SIDO #Indomie #saham #UNVR,unvr
2026-04-09,"dulu UNVR beli brand buavita dari ULTJ, apakah bakal dibeli balik sama ULTJ?",unvr
2026-04-09,"Kemarin sari wangi dan es krim, sekrang buavita juga ya. Keknya UNVR lagi beresin portofolio bisnisnya. Lagian buavita sekarang uda kurang hype dibanding dulu",unvr
2026-04-09,Anjay UNVR plans to invest in their Buava product,unvr
2026-04-09,TOP EMITEN SAHAM DEVIDEN IDX DMAS LPPF ADRO CFIN GEMS RALS TPMA TAPG PTBA ITMG YUPI KKGI MPMX BSSR CLPI GHON PBID ASII AADI BMRI BJTM PGAS UNVR CTBN BBRI AKRA BBNI BNGA TLKM UNTR,unvr
2026-04-09,"Setelah mendivestasikan teh sari wangi, $UNVR juga berencana untuk mendivestasikan brand jus buavita. Perusahaan akan bener2 fokus ke bisnis intinya.",unvr
2026-04-09,ini unvr semua product makanan nya mulai di spin off terus ini...,unvr
2026-04-09,"$ACES aku ragu ko, karena sekarang persaingan barang2 home appliance di marketplace copi toktok udah menjamur banget $UNVR mungkin restructure bisnisnya yang skrg harus difokusin deh, yang sebenernya kayak balik merawat anak kecil lagi jadi besar",unvr
2026-04-10,"JAKARTA – Pemegang saham PT Bank Rakyat Indonesia (Persero) Tbk (BBRI) menyetujui alokasi dividen tahun buku 2025 sebesar Rp52,1 triliun, atau setara dengan 92% dari laba bersih tahun 2025 yang mencapai Rp57,1 triliun Baca selengkapnya: https://idnfin.id/a62879",bbri
2026-04-10,"BRI (BBRI) Tebar Dividen Rp52,1 T, Tertinggi Sepanjang Sejarah Baca selengkapnya di atau download app CNBC Indonesia di AppStore dan PlayStore!",bbri
2026-04-10,"Ramalan Saham BBCA BBRI Cs, Nasibnya Bakal Jadi Seperti Ini #saham #infosaham #investasi",bbri
2026-04-10,"Momen Penting BBRI, Pemegang Saham Siap-siap #saham #infosaham #investasi",bbri
2026-04-10,"Pernah,, misal BBNI>BBRI/ARNA/SIDO>BMRI/ADRO/SMSM>MPMX/POWR/BFIN>HEXA/TOTO/SPTO dst Kumpulin dividen buat nambah saham yang akan bagi dividen,, MLD (Multi Level Dividen)",bbri
2026-04-10,"aku nanya loh wkwkkw ngecek OB, banyak tukeran barang di 3280-3290 cuma ga ngerti kenapa display-nya BBRI ga banyak buy asing, padahal broksum-nya asing berat di kiri. (apa broker CC alias Mandiri itu ada yang kehitung asing yah?)",bbri
2026-04-10,"Its not that foreigners arent buying BBRI, its that the foreigners buying BBRI are outnumbered by those selling, so it ends up as Net Foreign Sell",bbri
2026-04-10,"Ane Udah beli BBRI tanggal 9 April kemarin, sekarang lagi nunggu dividen BBRI Rp 207/ lembar cair bulan mei",bbri
2026-04-10,"menurut mas Abi, ni $BBRI priced in berapaan? under 3k gak? gmn dgn sentimen Kopdes itu, mas?",bbri
2026-04-10,"BBRI sudah dibawah 5 tahun terakhir. BBCA mendekati harga 5 tahun lalu, padahal kinerja terus naik. Saya pilih bank beca Pak.",bbri
2026-04-10,"PT Bank Rakyat Indonesia (Persero) Tbk (BBRI) telah menyetujui pembagian dividen tunai senilai Rp52,1 triliun dalam Rapat Umum Pemegang Saham Tahunan (RUPST) tahun 2026 yang digelar pada Jumat, 10 April 2026, di Menara BRILiaN Jakarta.",bbri
2026-04-10,"bbri priced in-nya berapa yah? itu dulu. mungkin mau diseret ke bawah? biar murah, serok sana.",bbri
2026-04-10,"ada yang aneh dari data Foreign Net Buy hari ini... masa asing ga ada beli $BBRI yah? Masa asing cuman beli $BBCA $BMRI dan $BBNI setahuku, hari ini JP Morgan belanja banyak saham BBRI. Top Value hari ini pemuncaknya $BBRI loh; transaksi sampai Up 1 T Apakah benar asing",bbri
2026-04-10,"Guys, PT Bank Rakyat Indonesia Tbk (BBRI) or BRI has approved a final dividend of Rp 207 per share at the Annual General Meeting of Shareholders (AGMS) on Friday (10/4/2026), with an indicated yield of 6.1% (based on a price of Rp 3,370). Meanwhile, BBRIs total dividends for",bbri
2026-04-10,"PT Bank Rakyat Indonesia (Persero) Tbk atau BBRI menyepakati pembagian dividen tunai dalam Rapat Umum Pemegang Saham Tahunan (RUPST) Tahun 2026 yang digelar pada Jumat, 10 April 2026, di Menara BRILiaN Jakarta. Keputusan ini menjadi bagian dari komitmen Perseroan dalam memberikan",bbri
2026-04-10,"Portofolio: inves polisaham: multiBAGGER: blta: 10/04/2026: +384,86 kali lipat (mB dari mC plus at mC minus): ADRO AMRT APLN ARTO ASRI BBRI BLTA BNII BREN BUMI BYAN CLEO CPIN DSSA ELSA EXCL GOTO GPSO HERO IMAS INDY KAEF KEJU LAJU",bbri
2026-04-10,"BBRI Tebar Dividen Jumbo, 91% dari Laba #saham #infosaham #investasi",bbri
2026-04-10,"BBRI Ketok Dividen Final, Segini per Sahamnya #saham #infosaham #investasi",bbri
2026-04-10,BBRI Alihkan Saham BRI-MI dan PNM-IM ke Danantara #saham #infosaham #investasi,bbri
2026-04-10,sp 14/4 : 1. kija asri pwon ctra pani cbdk mina pnlf btps pipa tays mncn isat lead arko smil lpkr bsde bbca bmri bbri bbni bmtr wmuu pgeo ibos. 2. best jpfa. + : cpin,bbri
2026-04-10,Ini mah aku di bbri,bbri
2026-04-10,"Indofood Instant Noodles (ICBP) Sales Reach Rp55.84 Trillion in 2025, Check Data Since 2015",icbp
2026-04-10,"This is our initial analysis and initiation for TLKM. Read the reasons and why we are highlighting TLKM, as well as learn about its crucial points (both positive and negative). https://bolasalju.id/p/tlkm-titik-terendah/",tlkm
2026-04-10,Latest Bolasalju Research Analysis. Comprehensive review of PT Telekomunikasi Indonesia Tbk (TLKM stock). Summary below,tlkm
2026-04-10,"Saham TLKM diperdagangkan di valuasi terendah dalam 10 tahun terakhir. Pertumbuhan laba stagnan. Pertumbuhan pendapatan tipis, tapi ada metrik lain yang tumbuh dobel digit. Dua investasi buruk mencerminkan kelemahan serius dalam alokasi modal manajemen.",tlkm
2026-04-10,"yg bnyk rekomendasi emg indosat im3 masih masuk akal harganya atau tri jg , karna no ku ada 3 soalnya, tlkm*l ini no lama jdnya cmn utk perpanjang masa aktif aja",tlkm
2026-04-10,Ini adalah analisis awal serta inisiasi kami untuk TLKM. Baca alasannya dan kenapa kami mengangkat TLKM serta ketahui titik krusialnya (baik positif atau negatifnya). https://bolasalju.id/p/tlkm-titik-terendah/,tlkm
2026-04-10,The customer base is shrinking and warnings that TLKMs revenue engine is starting to wear out from the inside. Dividends become the main anchor of investment even in the worst-case scenario.,tlkm
2026-04-10,"iyaa maksudnya, kode voucher yg harus ditunjukin ke kasir itu baru muncul saat tukar point. Nah cara tuker pointnya itu di aplikasi tlkm kan? nah itu di bagian mananya?",tlkm
2026-04-10,"Saham TLKM diperdagangkan di valuasi terendah dalam 10 tahun terakhir. Pertumbuhan laba stagnan. Pertumbuhan pendapatan tipis, tapi ada metrik lain yang tumbuh dobel digit. Dua investasi buruk mencerminkan kelemahan serius dalam alokasi modal manajemen.",tlkm
2026-04-10,"Pernah,, misal BBNI>BBRI/ARNA/SIDO>BMRI/ADRO/SMSM>MPMX/POWR/BFIN>HEXA/TOTO/SPTO dst Kumpulin dividen buat nambah saham yang akan bagi dividen,, MLD (Multi Level Dividen)",bmri
2026-04-10,"Ada yang manis-manis lagi diskon nih! Rayakan re-opening Outlet Baskin Robbins Pacific Place Mall dengan diskon 20%* pakai Mandiri Kartu Kredit! Yuk, nikmati varian favoritmu sekarang dan manfaatkan promonya! Berlaku hingga 13 April 2026. *Info: http://bmri.id/BaskinPP",bmri
2026-04-10,"ada yang aneh dari data Foreign Net Buy hari ini... masa asing ga ada beli $BBRI yah? Masa asing cuman beli $BBCA $BMRI dan $BBNI setahuku, hari ini JP Morgan belanja banyak saham BBRI. Top Value hari ini pemuncaknya $BBRI loh; transaksi sampai Up 1 T Apakah benar asing",bmri
2026-04-10,"Yuk, pakai Livin’ by Mandiri! Download di sini https://bmri.id/reflivin?af_adset=MGMGTA3V4J&deep_link_sub1=null&deep_link_sub2=MGMGTA3V4JJanganlupapakaikodereferral-ku:MGMGTA3V4JFAQ:http://bmri.id/livinmgm",bmri
2026-04-10,"BMRI gw mines 10%. Terus gw tanya AI mending average down, hold, atau jual dan ini jawabannya. Aman ga gaes?? shm!",bmri
2026-04-10,sp 14/4 : 1. kija asri pwon ctra pani cbdk mina pnlf btps pipa tays mncn isat lead arko smil lpkr bsde bbca bmri bbri bbni bmtr wmuu pgeo ibos. 2. best jpfa. + : cpin,bmri
2026-04-10,Makin hancur saham BMRI aku. Pekerjanya semua berusaha menghancurkan piring nasinya sendiri,bmri
2026-04-10,"@Be_Aggressive Halo Sahabat Be_Aggressive, dapat kami informasikan saat ini layanan Weekend Banking masih belum beroperasional, Sahabat dapat melakukan pengecekan secara berkala melalui http://bmri.id/infocabangataumelaluiMITAdiWhatsappOfficialBankMandiri0811-84-14000",bmri
2026-04-10,"Market Bearish berkah bagi dividen investor,, pa lagi pake dividen ladder (diversifikasi saham dividen yang tidak bareng bagi dividen) Misal: Dividen BBNI Cair buat Beli ARNA/BBRI>cair buat Beli BMRI/BJTM> cair beli SMSM>cair beli IPCM/TOTO/SPTO> dst,,",bmri
2026-04-10,"Rencana Buyback BMRI, Investor Ritel Simak Rekomendasi Analis ~RK Baca di sini:",bmri
2026-04-10,"Buyback saham BMRI picu sentimen positif jangka pendek, namun analis ingatkan investor tak terbuai euforia. Bukan penentu fundamental jangka panjang.",bmri
2026-04-10,"dengan Mandiri Kartu Kredit. Catat tanggal programnya: : Kamis - Minggu / 23-26 April 2026. : 10.00-22.00 WIB : Main Atrium, Ground Floor - AEON MALL BSD CITY Info lebih lanjut klik, http://bmri.id/MTDJapanFestatauMandiricall14000.*S&Kberlaku#aeonmallbsdcity",bmri
2026-04-10,"Joss, kemarin w bahas kalau ihsg potensi bottoming Hari ini lanjut naik Tinggal nunggu next dividen dari bbri sma bmri",bmri
2026-04-10,jika rutin dalam 10th maka dividen tiap pembagian dpt 50jt an pertahun nilai aset saham bmri km jd 500-700jt,bmri
2026-04-10,"aku kasih sedikit gambaran misal nih ya, uang arisan masuk di saham BMRI anggep aja pukul rata perbulan 1,6jt selama setahun kamu dapet kurleb 40-41 lot dividen 466/lembar km bs dpt sekitar 1,8jt setiap ada pembagian dividen jika rutin 5th km bs dpt 10jt tiap pembagian",bmri
2026-04-10,"Kalau mau scalping, kalian harus mana saham2 yg mungkin bisa di goreng. NICL PPRE RLCO KETR itu lbh mungkin daripada BBRI UNTR BMRI. Makanya scalping itu risk nya gede tapi reward juga gede. Disclaimer On",bmri
2026-04-10,"IHSG Technical View 10 April 2026 IHSG kemarin ditutup naik 0.39%, tapi disertai dengan net sell asing ~1.77 Tn. Saham yang paling banyak dijual asing adalah BBCA, BBRI, BMRI, BUMI, dan BRPT.",bmri
2026-04-10,"𝐔𝐩𝐝𝐚𝐭𝐞 𝐒𝐜𝐫𝐞𝐞𝐧𝐢𝐧𝐠 𝐖𝐚𝐭𝐜𝐡𝐥𝐢𝐬𝐭 𝐒𝐚𝐡𝐚𝐦 𝐈𝐧𝐝𝐨𝐧𝐞𝐬𝐢𝐚 : 𝐉𝐮𝐦𝐚𝐭, 𝟏𝟎 𝐀𝐩𝐫𝐢𝐥 𝟐𝟎𝟐𝟔 (𝐂𝐥𝐨𝐬𝐢𝐧𝐠). I = ASII, UNTR, PTBA. II = EMTK, ARCI, INDF, AADI. III = ADRO, JPFA, ISAT, CPIN, BBTN, SCMA.",isat
2026-04-10,"$UNVR gonna shine again, bro, next up selling the Foods business to McCormick for around 700T",unvr
2026-04-10,"Thats right, sir, and $UNVRs Foods Indonesia division includes the Bango, Knorr, and Royco businesses that were also sold. Buavita is not included in the foods category, sir. This is no longer just a rumor but already in the transition process; Foods Indonesias valuation",unvr
2026-04-10,"“Buy $UNVR, its products are daily necessities, it’ll surely keep rising!” “Buy BUMN stocks, they’re government-owned, super safe!” Sentences like these sound awfully familiar, don’t they? In the stock market, myths and “smart” opinions are everywhere. Many people jump on them",unvr
2026-04-10,https://katadata.co.id/finansial/bursa/69d72d683a67d/unilever-indonesia-unvr-disebut-berencana-jual-bisnis-jus-buavitabisnisjusbuavita:pelepasan:UNVR:2026:tambahdanakas:alihstrategibisnis:gayahidup:,unvr
2026-04-10,"Yang benar, rumornya $UNVR mau jual Buavita Sedangkan yang sama McCormick itu Unilever Global, bukan yang Indonesia. Rencananya mau merger bisnis, bukan jual bisnis.",unvr
2026-04-11,BERITA POPULER: Optimisme Prospek Harga Emas hingga Heboh Dividen Final BBRI #saham #infosaham #emas #investasi,bbri
2026-04-11,"Sebanyak 10 saham raksasa Indonesia menguasai 75,44% bobot Indeks FTSE Indonesia. Berdasarkan konstituen indeks per 31 Maret 2026, sektor finansial menjadi tulang punggung utama. Saham BBCA, BBRI, dan BMRI mencatatkan bobot tertinggi dalam indeks. #idxchannel",bbri
2026-04-11,"In my opinion, the strongest, most viral, and valuable brand right now isnt BBRI, but rather....",bbri
2026-04-11,40% Beli Emas Batangan 25% Beli Saham BBCA 25% Beli Saham BBRI 10% Self reward,bbri
2026-04-11,"Slowly but surely, set the portion for each week in BBRI Stock so it doesnt drop due to being careless with the stock movements. Luckily today its fully green, the rise is dynamic but pretty sweet for the profit #saham #AplikasiAjaib",bbri
2026-04-11,"Sisanya udah dibagiin pas interim kemaren, jadi dividen finalnya cuma 6%an. Fyi, BBRI bagi dividen setahun 2 kali, dividen interim dan dividen final.",bbri
2026-04-11,"mau ekspansi kemana, seluruh kecamatan sudah dikuasai si BBRI, kalo pegawai kreatif dikit , bank bank lain langsung kolaps. .. Duduk manis sambil cemberut saja nasabah antri bejubel sampai bermeter meteer... sayang pegawai kurang inovatip.",bbri
2026-04-11,Prediksi ini di Thn 2022 & kini Rupiah mirip thn 1998.. $BBRI Mulai ngegas lagi.,bbri
2026-04-11,"Masih ada harapan di Saham BBRI waktu naik tangga di minggu ini, masih tetep dipantau sambil ngukur target biar portofolio makin bagus sama nambah finansial selagi dapet profit 11,51% ga buru-buru ditake di bulan ini biar makin terus bertambah #saham #AplikasiAjaib",bbri
2026-04-11,"Dengan Rp1 juta di BBRI (harga Rp3.390/saham), kamu bisa dapat sekitar 295 lembar saham. Dividen final Rp209 per saham, jadi total dividennya sekitar Rp61.655 (yield 6,1%). Catatan: ini estimasi final aja ya, interim Rp137/saham sudah dibayar Januari lalu.",bbri
2026-04-11,menurut saya merek paling kuat viral dan benilai sekarang sih bukan bbri melainkan....,bbri
2026-04-11,"BRI Bagikan Dividen Rp52,1 Triliun, RUPS 2026 Tegaskan Fundamental Bisnis Tetap Kuat Jakarta – PT Bank Rakyat Indonesia (Persero) Tbk atau BBRI menyepakati pembagian dividen tunai dalam Rapat Umum Pemegang Saham Tahunan (RUPST) Tahun 2026 yang digelar pada Jumat (10/4/2026)",bbri
2026-04-11,"Artinya gue membantu petani dan peternak, pekerja secara tidak langsung.loe gak suka saham blue chip terserah loe bro . Dividen tambah Rp 10 juta di bulan mei ane serok lagi BBRI, dari pada serok emiten PP yg PBV tinggi bikin tekor buat investasi jangka panjang",bbri
2026-04-11,"Ini benar, beda sama $BBCA banyak yg mempertanyakan selama ini kenapa $BBRI kasih payout ratio nya tinggi. Kecuali emang nggak niat u expansi dah sudah bagi bagi lahan sesama bank Bumn lain",bbri
2026-04-11,"Ya bank bumn. Bbni, bmri, bbri",bbri
2026-04-11,"Damn, this governments such a bastard, BBRI BBNI making me sink even deeper, ughhh",bbri
2026-04-11,"Tetep BBRI,, kan ada kontran pijaman eksklusif dengan KDMP, jaminannya 30% dana desa",bbri
2026-04-11,"Alhamdulillah ane beli di harga murah dengan dividen 10,9%, BBRI koreksi serok lagi dengan dividen..",bbri
2026-04-11,Dividen BBRI Rp346 Per Saham: Cek Sisa Dividen Final Rp209 di Sini...Dikit...,bbri
2026-04-11,"PT Telkom Indonesia Tbk (TLKM) is a defensive issuer facing challenges and intense competition in various segments. With revenue approaching Rp150 trillion and a market capitalization above Rp300 trillion, Telkom is one of the issuers worth paying attention to. Source: TLKM",tlkm
2026-04-11,"Bisnis yang mapan, pendapatan kuartalan bakal stabil? Tidak semudah itu Ferguso. TLKM melaporkan pendapatan sebesar Rp149,96 triliun di tahun 2024 atau estimasi Rp147,1 triliun untuk tahun 2025. Laba tercatat Rp30,74 triliun di tahun 2024 atau estimasi Rp28,28 triliun untuk",tlkm
2026-04-11,"This is the latest analysis from Bolasalju Research. The discussion covers business profile, stock trends, revenue, capitalization, liabilities, security, debt, cash flow, valuation, etc. How about the risks/potential of this largest telco issuer? https://bolasalju.id/p/tlkm-titik-terendah/",tlkm
2026-04-11,"Established business, quarterly revenue will be stable? Not that easy, Ferguso. TLKM reported revenue of Rp149.96 trillion in 2024 or an estimated Rp147.1 trillion for 2025.",tlkm
2026-04-11,"PT Telkom Indonesia Tbk (TLKM) is a defensive issuer that faces challenges and tight competition in various segments. With revenue approaching Rp150 trillion and a market capitalization above Rp300 trillion, Telkom is one of the issuers worth paying attention to.",tlkm
2026-04-11,"#SobatTelkom, amidst the ever-evolving dynamics of the digital industry, transformation is a crucial step to maintain relevance and competitiveness. Through TLKM 30, Dian Siswarini emphasized the importance of unlocking greater value from business potential while strengthening",tlkm
2026-04-11,"TLKM menyediakan jasa telekomunikasi berupa operator seluler (Telkomsel), penyedia jaringan internet (IndiHome), data, dan berbagai jasa informatika lainnya. Sumber: TLKM",tlkm
2026-04-11,"Ini analisis terbaru Riset Bolasalju. Bahasan meliputi profil usaha, tren saham, pendapatan, permodalan, liabilitas, keamanan, utang, arus kas, valuasi, dll. Bagaimana risiko/potensi emiten telco terbesar ini? https://bolasalju.id/p/tlkm-titik-terendah/",tlkm
2026-04-11,"If youre looking to play for dividends, TLKM is one of them.",tlkm
2026-04-11,"Already have an account? Start learning analysis: - Fundamental: check company financial reports that are good (profitable, low debt) - Technical: charts, candlesticks, support-resistance Start small, buy blue chips first like BBCA, TLKM. Practice on demo if available!",tlkm
2026-04-11,"I sold all my TLKM, BRIS (which I bought at Rp750), and mutual funds, after spending a week focused on learning about Bitcoin. Finally, I get it—centralized systems that have leaders tend to be deceitful and corrupt. Having important assets is fine, but a calm mind is far more",tlkm
2026-04-11,"TLKM provides telecommunications services in the form of a mobile operator (Telkomsel), internet network provider (IndiHome), data, and various other informatics services. Source: TLKM",tlkm
2026-04-11,Persiapan terakhir #PertiwiBerani untuk 𝐌𝐃 𝟏 FIFA Series Saksikan selengkapnya di Livin’ Sukha via LivinbyMandiri atau cek di http://bmri.id/timnasxmandiri‣#GarudaMendunia‣#TimnasIndonesiaMandiriBankMandiriberizindandiawasiolehOtoritasJasaKeuangandan,bmri
2026-04-11,"XL buat trading bila buat investasi jangka panjang ane pakai CC...! Ane simpen BBRI, BMRI, BBNI pakai CC, tapi bila mau trading pake XL.",bmri
2026-04-11,Ya kayanya efek suruh biayai prgram jelek pemerintah. Sedih bgt sbg holder bmri dca dan stop avg down sejak tengah tahun lalu msh nyangkut,bmri
2026-04-11,"Sekarang Buka Giro bisa langsung di Livin’ by Mandiri tanpa perlu ke cabang dan tanpa dokumen usaha. Yuk, mulai pisahkan keuangan pribadi dan bisnismu untuk pengelolaan finansial yang lebih optimal. Info: http://bmri.id/girolivinBankMandiriberizindandiawasioleh",bmri
2026-04-11,"Dengan kondisi kaya gini, bagaimana emiten2 karya ini menangani utang pendanaannya, yg tidak sedikit dari utang pendaannya adalah duit2 Bank Himbara (BMRI, BBNI, BBRI, BBTN)",bmri
2026-04-11,"Miris sama anak muda yang melakukan itu, ngga nyesel ternyata selama ini uang saku gw dijatah ketat setiap bulan, karna ada porsi untuk beli tanah dan invest BBRI BMRI dari bokap selama ini.",bmri
2026-04-11,Masukin ke BMRI sih,bmri
2026-04-11,"Ya bank bumn. Bbni, bmri, bbri",bmri
2026-04-11,"Iya betul juga pak. Itu kejadian di teman saya pak, beli $UNVR harga atas, diemin sampe dua ribuan, gak tahan terus jual.",unvr
2026-04-12,"Batas Atas dan Bawah IHSG, plus Taktik Cuan BBRI hingga ASII #saham #infosaham #investasi",bbri
2026-04-12,PT Bank Rakyat Indonesia (Persero) Tbk (BBRI) akhirnya memberikan tanggapan resmi terkait rencana pemerintah untuk mengambil alih PT Permodalan Nasional Madani (PNM) dari Holding Ultra Mikro (UMi) di bawah Danantara. BRI menegaskan komitmennya untuk tetap menjaga keberlanjutan,bbri
2026-04-12,"MSS: matang CUAN: multiBAGGER: THS: Panen CUAN: 06 Februari 2026 s.d. 10 April 2026: +0,59%: +118,37% s.d. 10244%: abmm ades adro admr amrt antm apln arto asii asri bren bbca bbri bnii blta bumi byan cleo cpin dssa elsa excl goto gpso",bbri
2026-04-12,"Nanti, saat BBRI ex-date dividen",bbri
2026-04-12,"PNM diambil alih Danantara dari Holding UMi — tapi siapa yang rugi? BBRI kehilangan sinergi ekosistem ultra-mikro yang sudah 3 tahun dibangun, dengan 15jt nasabah aktif. Efisiensi BUMN yang justru memecah rantai nilai. @IDX_Channel",bbri
2026-04-12,"matang CUAN: portofolio: bottom2NOW: 2025-2026: +23,62%: posit1F: kalo lo inves bbca, bbri, bren, byan, goto, jsmr, pgas, sorry to say, please, I am sorry : itu alasan CUAN BY JO maen polisaham: dont put all your eggs in one basket: skenario inves 1 lot per saham: Hepi OSh:MSS",bbri
2026-04-12,"Kalo Adaro, BBRI, BBCA, sepertinya bila koreksi masih aman bisa naik ke atas sebab beli PBV wajar gak terlalu lama nyangkut, lain bila PBV 50 turun jadi 10. Maka mau naik ke 50 nungguin lama",bbri
2026-04-12,1. Jangan sektor yg sama kebanyakan 2. View nya utk brapa tahun? Saya ada bbri dca terus.. avg skrg 3900... Santai aja. View nya memang utk 5-10tahun sampe anak saya kelar SMA.,bbri
2026-04-12,Saham BBRI gw ud nyangkut dr 2024 sejak wowo kepilih euy. Pusing,bbri
2026-04-12,"Portofolio: multiBAGGER: blta, dssa: bottom2NOW (10/04/2026): +1,60% s.d. 91,67%: NOW bottom (bren bbca bbri byan goto jsmr pgas): Hepi OSh: MSS: Panen RAYA CUAN:",bbri
2026-04-12,Dividen BBRI Rp346 Per Saham: Cek Sisa Dividen Final Rp209 di Sini,bbri
2026-04-12,Saham BBRI Jadi Sasaran Utama #saham #infosaham #investasi,bbri
2026-04-12,"mantap, saya ada BBRI dan KLBF. pngn masuk BSDE juga utk longterm karna sebenernya emiten ini ckup menjanjikan",bbri
2026-04-12,"Misal pertama beli BBNI, dapat dividen buat beli BBRI/ARNA, dividen cair buat beli BMRI/SMSM/IPCM dst Disaat market normal/bullish harga naik saat mendekekati cumdate,, saat bearish harga malah stagnan/bahkan turun.. Inilah kesempatan emas yang jarang ditemui",bbri
2026-04-12,"Kalo Patokannya RoE N PBV,, untuk harga saat ni ADRO : masuk fair falue dengan ROE 9% dan PBV 0.9 + dividen lumayan BBRI : ROE 17% dan PBV 1.56x; dividen 10%,, cukup undervalue, BBCA; ROE 20% PBV 3x Dividen 5%; masih overvalue",bbri
2026-04-12,BBCA dan BBRI dong,bbri
2026-04-12,"Saham BBRI dan emas kalo Properti ribet dan dibidik petugas pajak , punya banyak properti bakal kena pajak progresif ,",bbri
2026-04-12,"[A thread] Pilih Saham BBCA atau BBRI Note: ini tidak ada hubungan dengan scanner yg dari kmrn di share yah, bukan scanner jam 9, bukan scanner jam 10. Ini kalau mau beli untuk Mid ataupun Long term. Dan ini bukan ajakan buat JUAL atau BELI. Banyak orang yg mau invest atau beli",bbri
2026-04-12,"Ga apel to apel sih.. Tukang nasi uduk mau ga mau harus bertahan karena cuma itu yang bisa dilakukan. Kalo di bisa borong saham BBCA, BBRI, dll dia bakalan stop jualan nasi uduk. Trust me. Ga percaya?. Noh contoh barang tukang jualan pisang berenti jualan abis borong saham BBCA",bbri
2026-04-12,"W wants to discuss $BBRI because its starting to be a dividend investing play - $BBRI has already dropped 50% from its ATH. - BBRI has been down for 754 days straight from ATH, the longest in history. - Fear around big bank stocks keeps rising, including narratives about",bbri
2026-04-12,Baru review2 bbrp saham yg kuanalisis bulan lalu. Alhamdulillah untuk BBRI sementara mantul di support yuk bisa yuk tembus garis hitam,bbri
2026-04-12,"I hope BBRI has already bottomed out, sir.",bbri
2026-04-12,"PT Telkom Indonesia Tbk (TLKM) mendapat mandat dari Badan Pengelola Investasi (BPI) Danantara untuk mengkonsolidasikan aset fiber optic milik BUMN lain, termasuk PLN Icon+, guna memperkuat fondasi infrastruktur digital nasional",tlkm
2026-04-12,"Misal pertama beli BBNI, dapat dividen buat beli BBRI/ARNA, dividen cair buat beli BMRI/SMSM/IPCM dst Disaat market normal/bullish harga naik saat mendekekati cumdate,, saat bearish harga malah stagnan/bahkan turun.. Inilah kesempatan emas yang jarang ditemui",bmri
2026-04-12,"Kalo dilihat dari avg kelihatannya beliaunya tau cara menilai suatu saham, BBNI dan BMRI kalo dilihat hanya dari sisi PBV+ROE, dan PER dh lumayan undervalue,, + ditambah dividennya > 9% bisa jadi bantalan,, terus kenapa BBNI floating lost -10%,, kayaknya beliau incar Dividen BMRI",bmri
2026-04-12,"Barusan lewat vt ttg ini wkwk. Kalau punya 12M di bmri kata andry hakim bisa, dpt div 1,2M/thn. Kata AH ya bukan aku wkwk",bmri
2026-04-12,"Dari dividen BBNI dah cair 9% 90jtaan N dari BMRI potensi sekitar 10% (interim + final),, akan cair div final sekitar6-7% atau sekitar 60-70 jutaan,, dan itu Realized Profit,, bukan Floating Loss/Profit",bmri
2026-04-12,"MORNING CALL SKY : OPMS BMTR TKIM SWID BPTR MKSY Mr. Trump: PANI PADI Tengkulak: OPMS MEJA BMTR SWID BPTR FORE ELIT PADA 4 Little Princess MA 5 : DATA RCCC NOBU ADRO SMGR MA 10 : ZATA, BBCA PGAS BMRI NICL MA 20 : BAPA KLBF BSBK ARCI CBRE PADA MLPT ABOVE 4",bmri
2026-04-12,"Yuk, pakai Livin’ by Mandiri! Download di sini https://bmri.id/reflivin?af_adset=MGMSSE2IA9&deep_link_sub1=null&deep_link_sub2=MGMSSE2IA9Janganlupapakaikodereferral-ku:MGMSSE2IA9FAQ:http://bmri.id/livinmgmBankMandiriberizindandiawasiolehOtoritasJasaKeuangan(OJK)danBankIndonesia,sertamerupakanpesertapenjaminanLPS",bmri
2026-04-12,Minim 500jt. Tp gw dgr2 kalo di BUMN minim 1 ember (soalnya ada 1 grup WA di Prioritas BMRI + Istrinya jg pegawai BMRI. Dia bilang sih min 1 ember. Itu bisa akses u/ pembelian SUN),bmri
2026-04-12,Bmri.d Prediksi bln 8 bmri 3200 Kalau...kebijakan indo kaga berubah..apbn makin tekor..dollar 20.000...,bmri
2026-04-12,"Wah, pantas saja saham Bank Himbara BBRI, BMRI, BBNI dibuang asing besaran yak.. @profesor_saham @investorgabut",bmri
2026-04-12,"Kalian lebih prefer dividen hunter di komo kayak ADRO, PTBA, ANTM atau bigbank kayak BBRI, BMRI atau BBCA?",bmri
2026-04-12,"Biar gak rugi trading beli saham PBV wajar tapi transaksi harian tinggi. Biasanya itu saham BBRI, BMRI, BBNI. Transaksi harian ini sampai ratusan milyar. Bila mau nyerok tunggu turun",bmri
2026-04-13,kapan dah bbri bagi dividen?,bbri
2026-04-13,#kafeinvestor *BBRI DIVIDEND SCHEDULE*,bbri
2026-04-13,"BBRI Bagi Dividen Rp52 T, BBTN Genjot KPR Saat IHSG Melesat https://finance.detik.com/bursa-dan-valas/d-8441407/bbri-bagi-dividen-rp52-t-bbtn-genjot-kpr-saat-ihsg-melesat??utm_campaign=detikcomsocmed&utm_medium=oa&utm_source=twitter&utm_content=detikfinance",bbri
2026-04-13,"Stock Trading: akt1F: March 13, 2026 - April 13, 2026: portfolio: mature PROFIT: multiBAGGER: ADES ANTM APLN ASII BBCA BBRI BNII BREN DSSA EXCL GOTO INDY JSMR KEJU KIJA LAJU ROTI TLKM WIKA: MSS turunken AVG: MSS kelola CASH",bbri
2026-04-13,"Im sorry the suffering of the people in the middle east war: 13/03/2026 s.d. 13/04/2026: multiBAGGER: +118,54% s.d. 3580,24%: matang CUAN: MSS: ADES ANTM APLN ASII BBCA BBRI BNII BREN DSSA EXCL GOTO INDY JSMR KEJU KIJA LAJU ROTI TLKM WIKA",bbri
2026-04-13,"Kaget gw, terbangun gara gara bbri 500, dah mau pencet buy ini...",bbri
2026-04-13,"MSS: Hepi OSh: matang CUAN: +11,70%: Portofolio: ADES ANTM APLN ASII BBCA BBRI BNII BREN DSSA EXCL GOTO INDY JSMR KEJU KIJA LAJU ROTI TLKM WIKA 13 April 2026:",bbri
2026-04-13,"Untuk pemula, fokus ke pondasi dulu. Blue chip dengan track record dividen stabil (seperti perbankan big caps) biasanya lebih tahan guncangan. Ibarat membangun gedung, pondasinya harus beton, bukan pasir. Tetap diversifikasi ya! $BBRI $BMRI $BBCA",bbri
2026-04-13,"Despite a 5.49% decline in net profit in 2025, PT Bank Rakyat Indonesia (Persero) Tbk (BBRI) still distributed a jumbo dividend. The decision was set at the Annual General Meeting of Shareholders (AGMS) held last Friday. Read more",bbri
2026-04-13,"THE BIG BANK THEORY: FUNDAMENTAL ANALYSIS OF 4 LARGEST INDONESIAN BANK STOCKS 2026 – BBCA, BBRI, BMRI, BBNI https://edwindianto.wordpress.com/2026/04/13/the-big-bank-theory-analisis-fundamental-4-saham-perbankan-indonesia-terbesar-2026-bbca-bbri-bmri-bbni/",bbri
2026-04-13,Data jual beli asing sesi 1 hari ini Top Foreign Buy PTRO — 157.7 M BRPT — 86.0 M ENRG — 72.3 M CUAN — 54.1 M CDIA — 44.3 M BBCA — 40.6 M EMAS — 38.3 M BBRI — 34.4 M INCO — 31.8 M MEDC — 30.0 M Top Foreign Sell BMRI — 116.2 M RATU — 38.3 M DSSA — 31.0 M AMMN —22.9 M TPIA —,bbri
2026-04-13,"Favorite Stocks Pick: Ripe for PROFIT: +22.7%: ADRO AMRT APLN ARTO ASRI BBRI BLTA BNII BREN BUMI BYAN CLEO CPIN DSSA ELSA EXCL GOTO GPSO HERO IMAS INDY KAEF KEJU LAJU MAPI MIDI MYOR PGEO TAYS TLKM UNVR portfolio: April 13, 2026:",bbri
2026-04-13,"Kalau saham big bank pada loyo, terutama #BBCA #BBNI yang abis bagi dividen (ex-date) di akhir Mar-26 #BBCA #BBNI #BBRI #BMRI",bbri
2026-04-13,Kapan deviden bbri masuk kantong?,bbri
2026-04-13,"Index Harga Saham Gorengan atau IHSG di buka -0.7%, sy highlights BBRI aja ya, sy pribadi ada posisi spot simpan kita liat di daily chart ada beberapa gabUp di sini, ini pasti soon or later akan tertutup , harga BBRI ter-reset ke posisi covid, why not sy beli simpan aja unt",bbri
2026-04-13,"bg aku awam. sempet cek di app saham gitu, kalau bbri, bbca, itu kok merah2 ya? bahkan aku lihat 3Y 5Y juga merah. padahal kata org2 bagus di sana?",bbri
2026-04-13,"gapapa: potential gain%: 13 April 2026: portofolio : ot B, ot C, ot P: ADRO AMRT APLN ARTO ASRI BBRI BLTA BNII BREN BUMI BYAN CLEO CPIN DSSA ELSA EXCL GOTO GPSO HERO IMAS INDY KAEF KEJU LAJU MAPI MIDI MYOR PGEO TAYS TLKM",bbri
2026-04-13,BBRI akhirnya lepas dari top sell,bbri
2026-04-13,Kok bisa y om? Btw itu bbri apa udh bottoming y? Folbek dong om,bbri
2026-04-13,"Menteri Perumahan Maruarar Sirait bertemu Ketua DK OJK Friderica Widyasari Dewi (Kiki) di Jakarta, Senin (13/4/2026) Keduanya sepakat masyarakat dengan kredit macet di bawah Rp1 juta tetap dapat mengajukan KPR subsidi. $BBRI $BBTN $BRIS",bbri
2026-04-13,Alhamdulillah jadwal dividen $BBRI dah keluar. Bisa matcha time atau logam mulia nih,bbri
2026-04-13,Gua malah bermimpi bbri 500 om,bbri
2026-04-13,"take note, the RED ones are just BigBanks $BBRI $BBCA $BMRI accompanied by one only, that $BUMI only these 4 that are Top Transactions but red.",bbri
2026-04-13,"bbri, harganya disitu-situ aja",bbri
2026-04-13,"Stock Picks 13 April 2026 BBRI Spec Buy dengan support 3320, cut loss jika break di bawah 3250. Jika tidak break di bawah 3320, potensi naik ke 3460-3530 short term. Disclaimer: http://bit.ly/disclaimer-cgsiid#cgsi#cgsid#stockpicks#sobatgenvest#akuinvestorsaham",bbri
2026-04-13,"The BBRI RUPS has decided on a dividend distribution of Rp 52.1 trillion, equivalent to Rp 345.98 per share. An amount of Rp 137 has already been distributed earlier this year, with the remainder to be distributed at around Rp 207/share: Business",bbri
2026-04-13,Punya saham bbri 10.000 lot aja ga usah banyak²,bbri
2026-04-13,"Saham big banks, blue chip lagi merah padahal mau bagi dividen. Semoga dividennya nutupin loss nya $BBRI $BMRI",bbri
2026-04-13,Semoga ihsg jebol Pakai big bank BBCA jadi 5000 Bbri jadi 2500 Bbni jadi 3000 Bmri jadi 3500 BBTN jadi 700 Bris jadi 1000,bbri
2026-04-13,Gak DCA kah pak? 2 tahun dapet deviden sekitar 18% mestinya udah ngurangin minusnya itu. Saya juga parkir duit di bbri 2 tahun. Minus 5% skrang tapi untuknya ya udah dapet deviden 2 kali jdi masih profit. Masih lebih bagus dari pada parkir di deposito,bbri
2026-04-13,Lagi ditahap pusing mau all-in ke aset Logam Mulia emas semua atau beberapa ke reksa dana pasar uang / saham BBRI / saham BBCA.,bbri
2026-04-13,Nanti 48 thn lagi juga bbri ke 50.000,bbri
2026-04-13,Masih nyangkut di bbri ngeness,bbri
2026-04-13,"Stock Trading: akt1F: March 13, 2026 - April 13, 2026: portfolio: mature PROFIT: multiBAGGER: ADES ANTM APLN ASII BBCA BBRI BNII BREN DSSA EXCL GOTO INDY JSMR KEJU KIJA LAJU ROTI TLKM WIKA: MSS turunken AVG: MSS kelola CASH",tlkm
2026-04-13,"MSS: Hepi OSh: matang CUAN: +11,70%: Portofolio: ADES ANTM APLN ASII BBCA BBRI BNII BREN DSSA EXCL GOTO INDY JSMR KEJU KIJA LAJU ROTI TLKM WIKA 13 April 2026:",tlkm
2026-04-13,"gapapa: potential gain%: 13 April 2026: portofolio : ot B, ot C, ot P: ADRO AMRT APLN ARTO ASRI BBRI BLTA BNII BREN BUMI BYAN CLEO CPIN DSSA ELSA EXCL GOTO GPSO HERO IMAS INDY KAEF KEJU LAJU MAPI MIDI MYOR PGEO TAYS TLKM",tlkm
2026-04-13,"Im sorry the suffering of the people in the middle east war: 13/03/2026 s.d. 13/04/2026: multiBAGGER: +118,54% s.d. 3580,24%: matang CUAN: MSS: ADES ANTM APLN ASII BBCA BBRI BNII BREN DSSA EXCL GOTO INDY JSMR KEJU KIJA LAJU ROTI TLKM WIKA",tlkm
2026-04-13,"Favorite Stocks Pick: Ripe for PROFIT: +22.7%: ADRO AMRT APLN ARTO ASRI BBRI BLTA BNII BREN BUMI BYAN CLEO CPIN DSSA ELSA EXCL GOTO GPSO HERO IMAS INDY KAEF KEJU LAJU MAPI MIDI MYOR PGEO TAYS TLKM UNVR portfolio: April 13, 2026:",tlkm
2026-04-13,"TLKM kykya interesting ya, Pak, ada insider, global transksinya gede",tlkm
2026-04-13,Beli BBCA/BMRI 1000 lot emas 100gr 1 unit mobil dan 1 unit real estate di Pondok Indah,bmri
2026-04-13,"Saham big banks, blue chip lagi merah padahal mau bagi dividen. Semoga dividennya nutupin loss nya $BBRI $BMRI",bmri
2026-04-13,"Data jual beli asing hari ini Top Foreign Buy PTRO, 135.2M CUAN, 132M EMAS, 72.3M ASII, 65.8M BRPT, 61.2M Top Local Buy BMRI, 201.4M AMMN, 34.5M GOTO, 32.4M BUMI, 32.1M RATU, 21.4M",bmri
2026-04-13,"perhatikan, yang MERAH cuman BigBanks $BBRI $BBCA $BMRI ditemenin satu doang, si $BUMI cuman 4 ini yang Top Transaksi tapi merah.",bmri
2026-04-13,"Kalau saham big bank pada loyo, terutama #BBCA #BBNI yang abis bagi dividen (ex-date) di akhir Mar-26 #BBCA #BBNI #BBRI #BMRI",bmri
2026-04-13,Semoga ihsg jebol Pakai big bank BBCA jadi 5000 Bbri jadi 2500 Bbni jadi 3000 Bmri jadi 3500 BBTN jadi 700 Bris jadi 1000,bmri
2026-04-13,"Rekomendasi Saham Potensial — Senin, 13 April 2026 ISAT – Buy Entry: 2100 - 2150 Target 2: 2600 Target 1: 2380 Stoploss: <2000 By Phintraco Sekuritas Investment Advisor Team - Disclaimer On -",isat
2026-04-13,"Setelah jual bisnis es krim, UNVR sempat jual bisnis teh Sariwangi ke Grup Djarum. Sebelumnya, UNVR global sempat jual bisnis teh Lipton pada 2020-2022, tapi masih jaga aset teh di Indo, India, dan nepal. Tapi, akhirnya bisnis teh ini juga dilepas.",unvr
2026-04-13,"Favorite Stocks Pick: Ripe for PROFIT: +22.7%: ADRO AMRT APLN ARTO ASRI BBRI BLTA BNII BREN BUMI BYAN CLEO CPIN DSSA ELSA EXCL GOTO GPSO HERO IMAS INDY KAEF KEJU LAJU MAPI MIDI MYOR PGEO TAYS TLKM UNVR portfolio: April 13, 2026:",unvr
2026-04-13,"$UNVR kembali ngebet jual aset-nya lagi. Setelah ngikut kebijakan induk jualan bisnis es-krim, kini UNVR Indonesia melirik jual Buavita? Mau jadi apa sih UNVR ke depannya?",unvr
2026-04-13,"Masalah UNVR bukan hanya di Indonesia, tapi juga seluruh UNVR secara global. Bahkan, UNVR global sempat dirumorkan mau jual bisnis ponds dan dove. Memang mau jadi apa sih $UNVR ke depannya? simak selengkapnya di sini:",unvr
2026-04-13,"Kisah aksi divestasi UNVR mulai mencuat pada 2018 ketika perusahaan ini mulai mengalami pertumbuhan yang stagnan. Malah, margin keuntungan terus tergerus.",unvr
2026-04-14,Indonesias biggest bank stock is raining money right now—Bank Rakyat Indonesia (BBRI) is handing out INSANE HUGE dividends. But what’s making it hot: There’s a party whose pockets just got an instant boost of Rp16.68 TRILLION Who Gets the Biggest Haul? The answer: Danantara,bbri
2026-04-14,Saham BBRI Diserok Asing Habis-habisan #saham #infosaham #investasi,bbri
2026-04-14,"PT Bank Rakyat Indonesia (Persero) Tbk (BBRI) dividen final Rp31,47 triliun atau setara Rp346 per saham untuk tahun buku 2025. Dividen yang dibagikan mencapai 92 persen dari laba bersih konsolidasian yang dapat diatribusikan kepada pemilik entitas induk sebesar Rp56,65 triliun.",bbri
2026-04-14,"UPDATE Musim dividen IHSG kembali ramai sektor finansial jadi bintang — $BBRI payout hingga 92% (Rp346/saham), $BBNI ~65%, dan $BBCA tetap konsisten jaga return investor. Source: CNBC Indonesia",bbri
2026-04-14,"Data jual beli asing hari ini Top Foreign Buy BBCA, 138.5M BBRI, 124.6M EMAS, 77.9M BMRI, 68.6M BBNI, 64.3M Top Local Buy BRMS, 213.1M PTRO, 142.2M BRPT, 105.8M BUMI, 93.7M TPIA, 50.2M",bbri
2026-04-14,"Pilihan saham kayak $BBCA , $BBRI, $BMRI, sama $ASII itu ibarat beban berat IHSG. Mereka geraknya searah banget sama indeks domestik. Pas dibandingin sama S&P 500 yang isinya raksasa teknologi global ($NVDA, $AAPL , $MSFT ), ya kalah telak di urusan growth sama diversifikasi",bbri
2026-04-14,kalau bca bbri dkk kembali ke ath dan konglo juga kembali ath BISA,bbri
2026-04-14,"Portofolio: mC: mB: blta: potential gain% (pg%): hujan matang CUAN: kerikil matang RUGI (mR, kotak keemasan): 14 April 2026: Hepi OSh: MSS: +15,66%: BBCA BBRI BLTA BNII BREN BUMI BYAN CLEO CPIN DSSA ELSA EXCL GOTO GPSO HERO IMAS INDY JSMR KAEF",bbri
2026-04-14,"The JCI at the Indonesia Stock Exchange (BEI) in the first trading session on Tuesday (14/4/2026) surged to the 7,600 level. Leading and large-cap stocks (big caps) were heavily bought up, thereby becoming the drivers of the JCI, especially BBRI and BRPT shares.",bbri
2026-04-14,"Siap-siap Cuan! BBRI Guyur Dividen Rp52,1 Triliun, Sisa Rp209 per Saham Cair 8 Mei",bbri
2026-04-14,"Net foreign sell Rp127M mid-day — tapi BBRI, BBCA, BMRI masuk top buy asing. Ini bukan keluar panik. Ini rotasi — keluar dari mid-small cap, masuk ke blue chip defensif. Smart money tidak kabur dari IHSG, mereka rebalancing. @stockbit",bbri
2026-04-14,"Ga berani Hu , atut nanti nyungsep gara2 isu mau dipake modalin MBG dan kopdes , net sell asing di BBRI juga konsisten gede banget",bbri
2026-04-14,bbri kapan bagi dividen sih????,bbri
2026-04-14,"ayoo bbri, km pasti bisaaa. aku nyangkut banyakk",bbri
2026-04-14,"Yang mengangkat IHSG: ↑ Sektor energi & bahan baku kompak menguat ↑ Saham PTRO, BRPT, CUAN (grup Prajogo) jadi lokomotif ↑ FILM, SIMP masuk top gainers Yang menekan: ↓ Sektor keuangan -1,31% ↓ BBRI & BMRI dilepas asing besar-besaran ↓ Asing masih net sell — YTD 2026 sudah",bbri
2026-04-14,$BBRI ngegas!,bbri
2026-04-14,"Minta tolong Claude Sonnet 4.6 untuk buat portfolio saham IHSG yang berisi 10 saham yang mungkin mengalahkan S&P 500. Hasil rekomendasinya: $BBCA , $BBRI, $BMRI, $TLKM, $GOTO, $ASII, $ICBP, $AMMN, $ANTM, $MIKA Tapi setelah dicoba pakai software optimasi, hasilnya kok tidak",bbri
2026-04-14,"Daftar 22 Emiten Bagi Dividen 2026: BBRI, BBNI & BBCA Teratas",bbri
2026-04-14,"Danantara menerima dividen Rp16,67 triliun dari BBRI Danantara mencatatkan kepemilikan di BBRI 79,80 miliar lembar atau 52,66%, Dividend Payout Ratio (DPR) BBRI sangat agresif mencapai 91,96%, yang artinya hampir seluruh laba bersih perseroan tahun buku 2025 didistribusikan",bbri
2026-04-14,Hari ini JSMR kemarin BBRI,bbri
2026-04-14,BBRI dan BMRI ya.. udah punya,bbri
2026-04-14,Gw beli bbri kok nggak masuk berita pek @Ddarwin889,bbri
2026-04-14,Gak beli bbri?,bbri
2026-04-14,"Kemaren belum ada 2 minggu ikut2an suhu beli BBRI, dapat avg 3356, kena fear karena asing nge dump BBRI karena isu kredit ke kopdes dan mbg. Akhirnya tak lepas pas 3.380, eh hari ini terbang ke 3.450",bbri
2026-04-14,"BBRIs dividend schedule is out, guys Payday again in May on the 8th",bbri
2026-04-14,Beli saham BBRI,bbri
2026-04-14,kalian yang lagi nyangkut di $BBRI sabar aja yak,bbri
2026-04-14,Gas lah coba pos video Jadwal dividen bbri guys udh keluar,bbri
2026-04-14,"Jika pay out rasio BBRI dipertahankan di 92% terus, keknya harus nambah muatan nih. Mayan, imbal hasil 9%/th. Jauh di atas imbal hasil deposito dan obligasi. Menyala BRI !",bbri
2026-04-14,"Data Jual beli asing sesi 1 Top Net Foreign Buy (Miliar) BBRI: 130,85 BBCA: 124,89 BMRI: 65,40 DEWA: 43,83 ESSA: 36,28 BBNI: 36,17 MEDC: 24,58 SIMP: 23,9 ADMR: 22,02 Top Net Foreign Sell (Miliar) BRPT: -145,87 PTRO: -86,23 CUAN: -77,15 BRMS: -71,65 BUMI: -43,69 ENRG: -35,74",bbri
2026-04-14,Bro apa benar dividen BBRI April harga segini??,bbri
2026-04-14,The pain in my heart seeing BBRI,bbri
2026-04-14,"Indeks harga saham gabungan (IHSG) pada perdagangan Selasa (14/4/2026) dibuka menguat ditopang laju 5 saham big caps terbesar, BREN, BBCA hingga BBRI. Berdasarkan IDX Mobile pukul 09.01 WIB, IHSG menguat 1,46% atau 109,13 poin ke 7.609,32. Pasar dibuka https://instagram.com/p/DXGIbo2gbI2/?utm_source=dlvr.it&utm_medium=twitter",bbri
2026-04-14,"Danantara memang pemegang mayoritas saham BBRI (52,66%), jadi wajar dapat porsi terbesar. Yang menarik: uang ini sebenarnya kembali ke negara (melalui BUMN), bukan ke kantong pribadi. Pertanyaannya: Danantara bakal reinvestasikan ke mana? Ke pasar modal, infrastruktur, atau",bbri
2026-04-14,"Bank Rakyat Indonesia, $BBRI di mata saya pagi ini",bbri
2026-04-14,"BBRIs final dividend is set to distribute a total of Rp346 per share. But remember, youve already gotten the down payment back in January (interim dividend) of Rp137. So, the remaining profit thatll hit your account later is Rp209 per share. Not bad, huh.. What about you",bbri
2026-04-14,Cum Dividen BBRI #saham #infosaham #investasi,bbri
2026-04-14,Saatnya BBRI dan BBCA menuju puncak gemilang cahaya,bbri
2026-04-14,"PT Bank Rakyat Indonesia (Persero) Tbk (BBRI) membagikan dividen tunai untuk tahun buku 2025 sebesar total Rp52,10 triliun atau Rp346 per saham, termasuk dividen interim Rp137 per saham yang sudah dibayarkan pada 15 Januari 2026. Sisa dividen final mencapai Rp209 per saham dengan",bbri
2026-04-14,"Menarik. Hari ini IHSG hijau, tapi asing justru masih net sell -127B secara keseluruhan. Di sisi buy, BBRI dan BBCA justru masuk top foreign buy dengan total lebih dari 250B. Padahal belakangan ini asing konsisten lepas saham perbankan. Jadi ini sebenernya apa, curi start atau",bbri
2026-04-14,"Holding BBRI shares, here are the important dates this month:",bbri
2026-04-14,"Minta tolong Claude Sonnet 4.6 untuk buat portfolio saham IHSG yang berisi 10 saham yang mungkin mengalahkan S&P 500. Hasil rekomendasinya: $BBCA , $BBRI, $BMRI, $TLKM, $GOTO, $ASII, $ICBP, $AMMN, $ANTM, $MIKA Tapi setelah dicoba pakai software optimasi, hasilnya kok tidak",icbp
2026-04-14,pgas: tlkm: Data Center: 2026: low-carbon energy supply: digital infrastructure:,tlkm
2026-04-14,"Minta tolong Claude Sonnet 4.6 untuk buat portfolio saham IHSG yang berisi 10 saham yang mungkin mengalahkan S&P 500. Hasil rekomendasinya: $BBCA , $BBRI, $BMRI, $TLKM, $GOTO, $ASII, $ICBP, $AMMN, $ANTM, $MIKA Tapi setelah dicoba pakai software optimasi, hasilnya kok tidak",tlkm
2026-04-14,"Pilihan saham kayak $BBCA , $BBRI, $BMRI, sama $ASII itu ibarat beban berat IHSG. Mereka geraknya searah banget sama indeks domestik. Pas dibandingin sama S&P 500 yang isinya raksasa teknologi global ($NVDA, $AAPL , $MSFT ), ya kalah telak di urusan growth sama diversifikasi",bmri
2026-04-14,"Net foreign sell Rp127M mid-day — tapi BBRI, BBCA, BMRI masuk top buy asing. Ini bukan keluar panik. Ini rotasi — keluar dari mid-small cap, masuk ke blue chip defensif. Smart money tidak kabur dari IHSG, mereka rebalancing. @stockbit",bmri
2026-04-14,BMRI karena kemaren baru cair hihihi,bmri
2026-04-14,"@nm05gjs Halo Sahabat nm05gjs, kami informasikan untuk pendaftaran program magang atau Kriya Mandiri di Bank Mandiri melalui website http://bmri.id/careerdisarankanSahabatpilihKriyaMandirilalubisamemilihJabodetabekselanjutnyasilakanapplysesuairegionygakan",bmri
2026-04-14,Apakah ini ajakan untuk ALL IN BMRI?,bmri
2026-04-14,"@nm05gjs Halo Sahabat nm05gjs, kami informasikan terkait program magang atau Kriya Mandiri di Bank Mandiri dapat mengakses website http://bmri.id/careerdanwebsitehttp://Magentaku.id.Mohonselalujagakerahasiaandatapribadi.ProsesrekrutmenBankMandirihanya",bmri
2026-04-14,"Minta tolong Claude Sonnet 4.6 untuk buat portfolio saham IHSG yang berisi 10 saham yang mungkin mengalahkan S&P 500. Hasil rekomendasinya: $BBCA , $BBRI, $BMRI, $TLKM, $GOTO, $ASII, $ICBP, $AMMN, $ANTM, $MIKA Tapi setelah dicoba pakai software optimasi, hasilnya kok tidak",bmri
2026-04-14,"Yuk, pakai Livin’ by Mandiri! Download di sini https://bmri.id/reflivin?af_adset=MGMK3L1QYK&deep_link_sub1=null&deep_link_sub2=MGMK3L1QYKJanganlupapakaikodereferral-ku:MGMK3L1QYKFAQ:http://bmri.id/livinmgmBankMandiriberizindandiawasiolehOtoritasJasaKeuangan(OJK)danBankIndonesia,sertamerupakanpesertapenjaminanLPS",bmri
2026-04-14,"Data jual beli asing hari ini Top Foreign Buy BBCA, 138.5M BBRI, 124.6M EMAS, 77.9M BMRI, 68.6M BBNI, 64.3M Top Local Buy BRMS, 213.1M PTRO, 142.2M BRPT, 105.8M BUMI, 93.7M TPIA, 50.2M",bmri
2026-04-14,Sp 15/4 : 1. dild smra pwon towr pnlf bbca bmri pnbn kaef uvcr buka amrt srtg giaa tins smdr hatm bull inet zata ctra mpmx agro bdkr ggrm dewa bumi hrum antm toba smil dooh rlco. 2. bsde cpin.,bmri
2026-04-14,Stsj ki bmri ktmle se hndu tk agyi kya...,bmri
2026-04-14,"Data Jual beli asing sesi 1 Top Net Foreign Buy (Miliar) BBRI: 130,85 BBCA: 124,89 BMRI: 65,40 DEWA: 43,83 ESSA: 36,28 BBNI: 36,17 MEDC: 24,58 SIMP: 23,9 ADMR: 22,02 Top Net Foreign Sell (Miliar) BRPT: -145,87 PTRO: -86,23 CUAN: -77,15 BRMS: -71,65 BUMI: -43,69 ENRG: -35,74",bmri
2026-04-14,"Yang mengangkat IHSG: ↑ Sektor energi & bahan baku kompak menguat ↑ Saham PTRO, BRPT, CUAN (grup Prajogo) jadi lokomotif ↑ FILM, SIMP masuk top gainers Yang menekan: ↓ Sektor keuangan -1,31% ↓ BBRI & BMRI dilepas asing besar-besaran ↓ Asing masih net sell — YTD 2026 sudah",bmri
2026-04-14,BBRI dan BMRI ya.. udah punya,bmri
2026-04-14,Unilever (UNVR) Tepis Kabar Divestasi Bisnis Jus Buavita #saham #infosaham #investasi,unvr
2026-04-14,"Rumor soal PT Unilever Indonesia Tbk (UNVR) yang kabarnya bakal melepas bisnis jus Buavita akhirnya ditepis tegas oleh manajemen. Ternyata, isu ini muncul karena efek domino dari aksi korporasi sebelumnya saat UNVR melepas lini bisnis teh SariWangi. Karena perusahaan memang lagi",unvr
2026-04-14,"Unilever Indonesia (UNVR) menepis rumor divestasi bisnis jus Buavita. Bisnis jus Buavita masih dimiliki oleh perseroan. Dan, hingga detik ini, perseroan tidak pernah menandatangani perjanjian jual beli bisnis jus Buavita kepada pihak manapun.",unvr
2026-04-15,"Situasi di Saham BBRI Mendadak Berubah, Asing Net Sell Segini #saham #infosaham #investasi",bbri
2026-04-15,"Dividen Bank BRI (BBRI) Cair, Berapa Uang yang Masuk ke Rekening Investor Ritel? ~RK Baca di sini:",bbri
2026-04-15,"Apa saja 10 saham dengan jumlah investor terbanyak di Bursa Efek Indonesia sepanjang Maret 2026? Sepanjang bulan lalu, deretan emiten dengan jumlah investor terbesar dipimpin oleh PT Bank Rakyat Indonesia Tbk (BBRI). Deretan 10 besar mayoritas diisi oleh saham-saham",bbri
2026-04-15,BRI reaffirms its commitment to delivering optimal and sustainable returns for BBRI shareholders. #KinerjaBRI #KomitmenBRI #SatuBankUntukSemua,bbri
2026-04-15,"BBRI membagikan dividen tunai Tahun Buku 2025 kepada Pemegang Saham sebesar Rp52,1 triliun atau sebesar Rp346 per saham. #KinerjaBRI #KomitmenBRI #SatuBankUntukSemua",bbri
2026-04-15,"https://swaranusa.co/catat-tanggalnya-dividen-bbri-rp521-triliun-untuk-pemegang-saham/BRIBagikanDividenRp52,1Triliun,Rp346perSahamuntukInvestorBBRI#BBRI#DividenBRI#PasarModal#SahamIndonesia#Investor#IHSG#DividenTunai#UMKM#BankBRI#Keuangan#Investasi#EkonomiIndonesia#OJK#KinerjaKeuangan#Yield#Danantara",bbri
2026-04-15,BRI kembali menegaskan komitmennya dalam memberikan imbal hasil yang optimal dan berkelanjutan bagi para pemegang saham BBRI. #KinerjaBRI #KomitmenBRI #SatuBankUntukSemua,bbri
2026-04-15,"Selasa kemarin (14/4), IHSG naik 2,34% ini sudah 5 hari penguatan berturut-turut sejak pekan lalu. Pasar Indonesia ternyata makin kebal terhadap gejolak geopolitik global. Siapa yang jadi motor penguatan? Saham-saham big caps kompak hijau: → BREN, BBCA, BBRI memimpin di",bbri
2026-04-15,"Pegang itmg sama bbri sudah 7 tahun, skrg -1m tp tidak cl, hanya berharap deviden. Hehehe",bbri
2026-04-15,"https://investasi.kontan.co.id/news/bbri-segera-tebar-dividen-jumbo-danantara-bakal-dapat-berapaRp16,67T:danantara:BBRI:2025FY:2026:20April2026(CumDividend):",bbri
2026-04-15,"Selamat sore temen2 Ijin komen untuk kasus penipuan yang barusan mencuat. Perlu kalian ingat dan waspadai... Kalo ada orang punya saham sekian puluh bio dan averagenya bulat, itu cuma bisa terjadi di $BBRI, $BMRI, dan $BBCA . Atau kalo sahamnya semuanya dicrossing. Gak mungkin",bbri
2026-04-15,"Catat Tanggalnya! Dividen BBRI Rp52,1 Triliun Siap Dibagikan untuk Pemegang Saham https://keuangannews.id/catat-tanggalnya-dividen-bbri-rp521-triliun-siap-dibagikan-untuk-pemegang-saham/lewat@KeuanganNews",bbri
2026-04-15,"Second Condition Is your emergency fund sufficient? Now you can enter stock mutual funds or blue-chip stocks. BBCA, BBRI, TLKM — buy regularly every month. Dont look at daily prices. Just stay consistent.",bbri
2026-04-15,"Hasilnya? Skor BBRI yang tadinya tiarap, sekarang tembus 90 (Sangat Sehat)!",bbri
2026-04-15,"Bank BRI dengan kode saham BBRI membagikan dividen tunai Tahun Buku 2025 kepada Pemegang Saham sebesar 52,1 triliun rupiah atau sebesar 346 rupiah per saham. Perseroan telah menetapkan recording date dividen tunai Tahun Buku 2025 pada Rabu, 22 April 2026.",bbri
2026-04-15,"Catat Tanggalnya! Dividen BBRI Rp52,1 Triliun Siap Dibagikan untuk Pemegang Saham",bbri
2026-04-15,ADRO AMRT APLN ARTO ASRI BBRI BLTA BNII BREN BUMI BYAN CLEO CPIN DSSA ELSA EXCL GOTO GPSO HERO IMAS INDY KAEF KEJU LAJU MAPI MIDI MYOR PGEO TAYS TLKM UNVR : +136.27%: 15 multiBAGGER stocks: 03/16/2026 to 04/15/2026:,bbri
2026-04-15,"Cuanholic, pergerakan aneh terjadi di bursa kita. Di tengah IHSG yang menguat 6,14% dalam sepekan, investor asing justru masih tercatat net sell di pasar secara keseluruhan. Namun, di balik arus keluar itu, ada pola yang tidak biasa saham bank besar seperti BBCA dan BBRI justru",bbri
2026-04-15,Data jual beli asing sesi 1 hari ini Top Net Foreign Buy ASII: 82.47B ADRO: 68.70B AADI: 64.47B MDKA: 56.91B CUAN: 45.69B MEDC: 38.03B PGAS: 21.09B INDF: 16.39B INCO: 14.52B Top Net Foreign Sell BBRI: -304.31B PTRO: -106.39B BUMI: -78.67B BBCA: -58.52B BRPT: -56.37B CDIA:,bbri
2026-04-15,"Dividen BBRI Rp52,1 Triliun Cair! Imbasnya ke Saham BBRI dan IHSG per 15 April 2026 Bikin Investor Berebut",bbri
2026-04-15,"Sepakat bang. Kemaren gue juga sempet pusing ngitung valuasi bank pakai rumus standar, makanya semalaman gue rombak algoritma Sector-Aware di FundaMatrix. Pas kelar & gue scan BBRI malam ini, skor kesehatannya malah tembus 90 dengan diskon harga 15%. Emang fundamentalnya beton",bbri
2026-04-15,PT Bank Rakyat Indonesia (Persero) Tbk atau BRI kembali menegaskan komitmennya dalam memberikan imbal hasil yang optimal dan berkelanjutan bagi para pemegang saham BBRI. https://rm.id/baca-berita/ekonomi-bisnis/307441/dividen-bbri-rp521-t-siap-dibagikan-untuk-pemegang-saham-catat-tanggalnya@promo_BRI#BRI#saham,bbri
2026-04-15,"Pemegang Saham BBRI Semringah, BRI Bagikan Dividen Rp 31,47 Triliun",bbri
2026-04-15,"Optimis di usia senja tidak akan memberatkan anak , astungkare bisa bebas financial fredom , apalagi kalau bisa koleksi minimal 10.000 lot saham bbri atau harga saham bbkp rp 1.000 ...",bbri
2026-04-15,"matang CUAN: multiBAGGER: total mC plus at total mC minus = +1313,04 kali lipat: 15 April 2026: +22,32%: IHSG terkoreksi turun secara teknikal: ADRO AMRT APLN ARTO ASRI BBRI BLTA BNII BREN BUMI BYAN CLEO CPIN DSSA ELSA EXCL GOTO GPSO HERO IMAS",bbri
2026-04-15,"BBRI akan membagikan dividen Rp52,10 triliun untuk tahun buku 2025, berapa yang bakal didapat oleh Danantara selaku pemegang saham mayoritas? Selengkapnya di infografis berikut Sobat Bisnis! https://instagram.com/p/DXJsvC3FIay/?utm_source=dlvr.it&utm_medium=twitter",bbri
2026-04-15,Kepemilikan lkh di saham $BBRI nggk sampe 1% ya?,bbri
2026-04-15,Mark the Date! BBRI Dividend of Rp52.1 Trillion Ready to Be Distributed to Shareholders Jakarta – PT Bank Rakyat Indonesia (Persero) Tbk reaffirms its commitment to providing optimal and sustainable returns for BBRI shareholders.,bbri
2026-04-15,Menunggu trend BBRI naik ke Rp 4000/ lembar plus menunggu dividen final Rp 209/ lembar. Terima kasih BBRI kau menyelamatkan asetku yg tercuri oleh emiten PP dan Bakrie . Catlos saham PP dan Bakrie 35%minus,bbri
2026-04-15,nambahin lot bbri aja harini,bbri
2026-04-15,"Todays Foreign Buy-Sell Data Top Foreign Buy ASII, 172.1M CUAN, 109.1M MDKA, 67.5M AADI, 65.8M MEDC, 55.5M Top Local Buy BBRI, 706.6M BBCA, 263.8M BUMI, 193.6M PTRO, 121.1M BRPT, 56.3M Wonder how long the foreigners are gonna keep dumping BBCA and BBRI That stuff just never",bbri
2026-04-15,BRI reaffirms its commitment to delivering optimal and sustainable returns for BBRI shareholders. #KinerjaBRI #KomitmenBRI #SatuBankUntukSemua,bbri
2026-04-15,"Ogah bro sebab saya beli BBRI ,PBV nya kecil yaitu 1,5 bro di harga Rp 3310 / lembar. Ane malah paling anti beli emiten konglo dengan PBV puluhan kali dari harga aslinya bro.",bbri
2026-04-15,"Investor asing melakukan aksi jual bersih pada saham PT Bank Rakyat Indonesia Tbk (BBRI) senilai Rp 304,31 miliar di sesi pertama perdagangan Rabu, 15 April 2026, di Bursa Efek Indonesia (BEI). Pergerakan ini mencerminkan tekanan jual di sektor perbankan besar, meskipun Indeks",bbri
2026-04-15,"I agree with Bennix regarding $BBRI. I bought this stock at one point but cut my losses. Its shrouded in uncertainty & pessimism toward real economic growth in the middle and lower sectors, MSMEs, and so on. Frankly, its heartbreaking. As long as geopolitical tensions and",bbri
2026-04-15,BBRI Dividend of Rp52.1 Trillion Ready to Be Distributed to Shareholders,bbri
2026-04-15,bulan2 banjir deviden bbca bbni arna roti admf bbri lppf yang lain meyusul,bbri
2026-04-15,"Alhamdulillah ya kak. Btw foto profil lu ngeselin ya. Jadi sebel gw liatnya wkwk. Target punya LM emas 200-250 gram, kemudian next mau coba Reksa Dana Pasar Uang (RDPU), saham BBRI, BBCA dll. Semangat",bbri
2026-04-15,Kian Benderang di Saham BBRI #saham #infosaham #investasi,bbri
2026-04-15,"shm! dari 4 Big Banks, laba bersihnya BBRI dan BBNI menurun padahal 2 lainnya naik. Setelah gw tanya Tuntun AI, dapet jawabannya ini. Menurut kalian gimana?",bbri
2026-04-15,Thanks ya kak. Next mau coba juga reksa dana pasar uang alias RDPU dan saham BBRI / BBCA dan lain2 hehe.,bbri
2026-04-15,ADRO AMRT APLN ARTO ASRI BBRI BLTA BNII BREN BUMI BYAN CLEO CPIN DSSA ELSA EXCL GOTO GPSO HERO IMAS INDY KAEF KEJU LAJU MAPI MIDI MYOR PGEO TAYS TLKM UNVR : +136.27%: 15 multiBAGGER stocks: 03/16/2026 to 04/15/2026:,tlkm
2026-04-15,"Second Condition Is your emergency fund sufficient? Now you can enter stock mutual funds or blue-chip stocks. BBCA, BBRI, TLKM — buy regularly every month. Dont look at daily prices. Just stay consistent.",tlkm
2026-04-15,"#IHSG closed +2.34% at 7,675.95. Main drivers: MORA +25.00% | BREN +7.00% | BBCA +2.66% Draggers: MSIN -14.77% | TLKM -2.19% | DCII -1.14% Watchlist Mega Capital: NICL, INET, INCO, ARCI, TINS #StockPortfolio #markets #sahamindonesia",tlkm
2026-04-15,Telkom (TLKM) Batalkan RUPSLB #saham #infosaham #investasi,tlkm
2026-04-15,"IHSG diprediksi bergerak menguat terbatas hari ini dengan potensi rentang 7.587-7.843, menguji resistance setelah penutupan menguat di 7.675 kemarin. Rekomendasi saham mencakup BBCA, HRTA, dan TLKM berdasarkan analisis pagi ini, ditambah opsi lain seperti ARCI, DSNG, dan INET",tlkm
2026-04-15,"Profit Taking CUAN: goto, laju, tlkm, roti, asii, apln, antm: 15 April 2026:",tlkm
2026-04-15,"PT Telkom Indonesia (Persero) Tbk (TLKM) has announced the cancellation of the planned extraordinary general meeting of shareholders (EGM) on April 24, 2026. #Telkom #BatalkanRUPLSB #24April - http://Infodigital.co.idhttps://infodigital.co.id/telkom-batalkan-ruplsb-24-april/",tlkm
2026-04-15,"PT Telkom Indonesia (Persero) Tbk (TLKM) secara resmi membatalkan pelaksanaan Rapat Umum Pemegang Saham Luar Biasa (RUPSLB) Tahun 2026 yang semula dijadwalkan pada 24 April 2026. Meski pembatalan sudah diumumkan, manajemen belum menjelaskan alasan detail maupun jadwal",tlkm
2026-04-15,"Yuk, pakai Livin’ by Mandiri! Download di sini https://bmri.id/reflivin?af_adset=MGMO8V5BXJ&deep_link_sub1=null&deep_link_sub2=MGMO8V5BXJJanganlupapakaikodereferral-ku:MGMO8V5BXJFAQ:http://bmri.id/livinmgmBankMandiriberizindandiawasiolehOtoritasJasaKeuangan(OJK)danBankIndonesia,sertamerupakanpesertapenjaminanLPS.",bmri
2026-04-15,uwalaaahhh mahalnyooo sudah kiran BMRI hahaha,bmri
2026-04-15,"Perawatan jalan, biayanya lebih ringan. Dapatkan diskon 10%* untuk semua treatment rawat jalan di Mitra Keluarga dengan Mandiri Kartu Kredit. Berlaku hingga 31 Desember 2026. *Info: http://bmri.id/rsmk26BankMandiriberizindandiawasiolehOtoritasJasaKeuangandan",bmri
2026-04-15,"Selamat sore temen2 Ijin komen untuk kasus penipuan yang barusan mencuat. Perlu kalian ingat dan waspadai... Kalo ada orang punya saham sekian puluh bio dan averagenya bulat, itu cuma bisa terjadi di $BBRI, $BMRI, dan $BBCA . Atau kalo sahamnya semuanya dicrossing. Gak mungkin",bmri
2026-04-15,"Upgrade prestige dan elite sand member di Marina Bay Sands Singapura dengan Mandiri Kartu Kredit Kamu bisa nikmati diskon hotel s.d. 15%*, bonus tiket atraksi*, dan eksklusif sands lounge*! Periode hingga 31 Juli 2026! Yuk, cek info selengkapnya di http://bmri.id/MBSmembership",bmri
2026-04-15,Mumpung pake qris berharap bukan bmri juga sih jd ga langsung cair ke penerima // kalau pake jasa cv bisa di share siapa nanyaa biar nanya ke rag zona uang,bmri
2026-04-15,Officer Development Program (ODP) Information Technology Bank Mandiri Khusus untuk kamu yang: Software Development Cyber Security Submit data melalui link http://bmri.id/ODPITPOOL2026Deadlinependaftaranhingga20April2026#ODPIT#ODPBankMandiri#lifeatmandiri,bmri
2026-04-15,"PT Unilever Indonesia Tbk (UNVR) kembali dikabarkan melepas unit bisnisnya, setelah hal serupa dilakukan pada tahun lalu dan awal tahun ini. Selengkapnya",unvr
2026-04-15,ADRO AMRT APLN ARTO ASRI BBRI BLTA BNII BREN BUMI BYAN CLEO CPIN DSSA ELSA EXCL GOTO GPSO HERO IMAS INDY KAEF KEJU LAJU MAPI MIDI MYOR PGEO TAYS TLKM UNVR : +136.27%: 15 multiBAGGER stocks: 03/16/2026 to 04/15/2026:,unvr
2026-04-15,"kata gua ke UNVR mah daripada investor lu pada panas2an war masuk rups, mending dibagiin vocer, makasi @ForeCoffeeID see you next time",unvr
2026-04-16,"Sudah ga ada modal, nyangkut di mapa bbri sama bbca , bagi saya sudah luar biasa segini ustadz,, trimakasih",bbri
2026-04-16,"Saham Indonesia Resmi Hadir di Pluang! Sekarang kamu bisa koleksi BBCA, BBRI, hingga GOTO dan 950+ saham Indonesia dalam 1 aplikasi. Dapatkan bonus saham s.d Rp300rb promo 0% trading fee (S&K Berlaku) https://pluang.com/produk/saham-indonesia#BukaPluang#SahamIndonesia#IHSG",bbri
2026-04-16,"[10:52:02] $SMMA - NG Rp. 1.036.564.950 (1.142,85 lots @ Rp9.070) [10:53:25] $BBRI - SELL Rp. 1.705.000.000 (5.000 lots @ Rp3.410) [10:54:41] $BNBR - SELL Rp. 1.013.254.000 (46.057 lots @ Rp220) DYOR!",bbri
2026-04-16,Potensi Saham BBRI ke Pucuk #saham #infosaham #investasi,bbri
2026-04-16,[09:32:44] $ADRO - BUY Rp. 2.408.750.000 (9.635 lots @ Rp2.500) [09:33:07] $BREN - NG Rp. 154.098.875.000 (251.590 lots @ Rp6.125) [09:34:09] $BBRI - SELL Rp. 1.023.000.000 (3.000 lots @ Rp3.410) DYOR!,bbri
2026-04-16,"[11:32:23] $BBRI - NG Rp. 110.650.582.500 (324.965 lots @ Rp3.405) [11:32:38] $GOOD - NG Rp. 3.030.100.890 (97.745,19 lots @ Rp310) [11:32:38] $GOOD - NG Rp. 1.018.476.790 (32.854,09 lots @ Rp310) DYOR!",bbri
2026-04-16,Saham BBRI Diamuk Asing Bertubi-tubi #saham #infosaham #investasi,bbri
2026-04-16,"Data jual beli asing hari ini Top Foreign Buy CUAN, 61.1M MEDC, 50.8M EMAS, 50.3M TLKM, 45.8M INDF, 40.7M Top Local Buy BBCA, 369M BBRI, 302.5M BMRI, 160M BUMI, 128.1M ASII, 47.6M",bbri
2026-04-16,"Recording Date: 22 April 2026 Pembayaran: 8 Mei 2026 Riwayat dividen $BBRI sangat konsisten sebagai bank BUMN terbesar. Yield estimasi ~6,1% (hitung sendiri di harga saat ini). Pantau jadwal lengkap di http://idx.co.id.Bukanajakanbeli,jual,atauhold.#DYOR.2/2",bbri
2026-04-16,"IHSG Technical View 16 April 2026 IHSG kemarin ditutup turun 0.68%, disertai dengan net sell asing ~1.23 Tn. Saham yang paling banyak dijual asing adalah BBRI, BBCA, BMRI, ANTM, dan ENRG.",bbri
2026-04-16,"IHSG Hari Ini Dibuka Level 7.663, Ditopang Saham Big Caps BBCA-BBRI Cs. @indodax #NewsAgent",bbri
2026-04-16,"Update Dividen BBRI Kamis, 16 April 2026 $BBRI akan bagikan dividen final Rp 209 per saham (tahun buku 2025). Cum Date: 20 April 2026 Ex Date: 21 April 2026 Harga penutupan: Rp 3.410 (+0,29%). Ini hanya edukasi pasar. Bukan saran investasi. #DYOR total. #WalzzsTrade 1/2",bbri
2026-04-16,"I hope tomorrow BBRI gets a bit closer to my current avg, pessimistic about getting picked up rather than slammed down to -20% after cumdate like BBNI",bbri
2026-04-16,sahamnya pada aneh2 ya CIA? bukan BBCA BBRI dkk hahaha karena trading is not investing #profitloungecia,bbri
2026-04-16,"gapapa: ga maen saham: ga peduli CUAN: ga ambil pusing Maen Saham, Berkebun CUAN: 16/04/2026: +8.86%: IHSG gamang: (tunggu pembukaan penuh selat Hormuz): ADES ANTM APLN ASII BBCA BBRI BNII BREN DSSA EXCL GOTO INDY JSMR KEJU KIJA LAJU ROTI TLKM",bbri
2026-04-16,Jadwal pembagian dividen: - BBRI : 8 Mei 2026 - ARNA : 28 April 2026 - NIKL : 8 Mei 2026 - AVIA : 28 April 2026 - CMRY : 30 April 2026 - NISP : 4 Mei 2026 - SIDO : 7 Mei 2026 #saham #bursaefek #idx #dividen #bbri #arna #nikl #avia #cmry #nisp #sido Sumber :,bbri
2026-04-16,"barang impian 1000 lot bbca, 1000 lot bbri, 1000 lot bmri, 1000 lot bbni",bbri
2026-04-16,Todays Foreign Buying and Selling Data Net Buy CUAN: 69.94B EMAS: 40.34B BNBR: 26.99B BIPI: 23.44B TLKM: 22.71B MEDC: 18.30B INDF: 18.28B Net Sell BBRI: -158.00B BBCA: -97.05B BMRI: -85.51B BUMI: -77.80B DSSA: -32.37B BREN: -28.63B ANTM: -25.64B,bbri
2026-04-16,"Gw kalo punya banyak uang mending jadi kolekltor kak..kolektor $btc ,$bbca,$paxg,$slvon,$bbri,$nvda, dan masih banyak lagi. Cowok jelek tapi kalo punya McLaren cewek juga ngantri..hahaha",bbri
2026-04-16,selama ini baru tau Sakura itu salah satu produk $ICBP SALIMM MENGUASAI TEPUNG DUNIA,icbp
2026-04-16,ICBP Has the Opportunity to Start Its Uptrend http://doktermarket.com/2026/04/icbp-berpeluang-memulai-uptrendnya.html,icbp
2026-04-16,"gapapa: ga maen saham: ga peduli CUAN: ga ambil pusing Maen Saham, Berkebun CUAN: 16/04/2026: +8.86%: IHSG gamang: (tunggu pembukaan penuh selat Hormuz): ADES ANTM APLN ASII BBCA BBRI BNII BREN DSSA EXCL GOTO INDY JSMR KEJU KIJA LAJU ROTI TLKM",tlkm
2026-04-16,"Data jual beli asing hari ini Top Foreign Buy CUAN, 61.1M MEDC, 50.8M EMAS, 50.3M TLKM, 45.8M INDF, 40.7M Top Local Buy BBCA, 369M BBRI, 302.5M BMRI, 160M BUMI, 128.1M ASII, 47.6M",tlkm
2026-04-16,Todays Foreign Buying and Selling Data Net Buy CUAN: 69.94B EMAS: 40.34B BNBR: 26.99B BIPI: 23.44B TLKM: 22.71B MEDC: 18.30B INDF: 18.28B Net Sell BBRI: -158.00B BBCA: -97.05B BMRI: -85.51B BUMI: -77.80B DSSA: -32.37B BREN: -28.63B ANTM: -25.64B,tlkm
2026-04-16,Nikmati penawaran spesial cicilan 0% s.d. 12 bulan* dan diskon s.d. 20%* dengan tukar Livin’poin pakai Mandiri Kartu Kredit/Debit di berbagai brand favorit! Berlaku s.d. 31 Desember 2026. *Info: http://bmri.id/MAPothersBankMandiriberizindandiawasiolehOtoritasJasa,bmri
2026-04-16,"barang impian 1000 lot bbca, 1000 lot bbri, 1000 lot bmri, 1000 lot bbni",bmri
2026-04-16,"Oantes gagal sama mbak2 scorpio, legal BMRI",bmri
2026-04-16,"Makan shabu & grill Jepang dengan lebih hemat! Nikmati diskon Rp100 ribu* di NikuGo! dengan transaksi pakai QR Bayar di Livin’ by Mandiri! Yuk, langsung ajak teman atau keluarga kamu! Berlaku hingga 30 April 2026. *Info: http://bmri.id/LivinNikuGoBankMandiriberizin",bmri
2026-04-16,"Data jual beli asing hari ini Top Foreign Buy CUAN, 61.1M MEDC, 50.8M EMAS, 50.3M TLKM, 45.8M INDF, 40.7M Top Local Buy BBCA, 369M BBRI, 302.5M BMRI, 160M BUMI, 128.1M ASII, 47.6M",bmri
2026-04-16,Bismillah numpang promo tabungan mandiri https://bmri.id/reflivin?af_adset=MGMH30KDVF&deep_link_sub1=null&deep_link_sub2=MGMH30KDVF,bmri
2026-04-16,"Upgrade gaya, diskonnya nyata! Nikmati diskon 10%* + diskon s.d. 20%* dengan tukar Livin’poin Mandiri Kartu Kredit/Debit di berbagai brand pilihan dari MAP. Yuk, manfaatkan sekarang dan upgrade gaya kamu! Periode hingga 31 Desember 2026. *Info: http://bmri.id/MAPfashion1",bmri
2026-04-16,"Data Jual beli asing hari ini Net Buy CUAN: 69,94B EMAS: 40,34B BNBR: 26,99B BIPI: 23,44B TLKM: 22,71B MEDC: 18,30B INDF: 18,28B Net Sell BBRI: -158,00B BBCA: -97,05B BMRI: -85,51B BUMI: -77,80B DSSA: -32,37B BREN: -28,63B ANTM: -25,64B",bmri
2026-04-16,Garuda Muda bersiap untuk 𝐌𝐚𝐭𝐜𝐡𝐝𝐚𝐲 𝟐 𝑣𝑠 Malaysia di ASEAN U—17 Boys’ Championship 2026. Selengkapnya di Livin’ Sukha via #LivinbyMandiri atau cek di http://bmri.id/timnasxmandiri‣#GarudaMendunia‣#TimnasIndonesiaMandiriBankMandiriberizindandiawasioleh,bmri
2026-04-16,[09:46:43] $CDIA - SELL Rp. 2.234.485.500 (18.093 lots @ Rp1.235) [09:54:32] $BMRI - SELL Rp. 1.627.500.000 (3.500 lots @ Rp4.650) [09:54:32] $BMRI - SELL Rp. 1.395.000.000 (3.000 lots @ Rp4.650) DYOR!,bmri
2026-04-16,[09:41:45] $BULL - SELL Rp. 1.391.100.000 (27.822 lots @ Rp500) [09:44:06] $BMRI - NG Rp. 396.950.000.000 (850.000 lots @ Rp4.670) [09:45:04] $BREN - SELL Rp. 1.315.000.000 (2.000 lots @ Rp6.575) DYOR!,bmri
2026-04-16,"IHSG Technical View 16 April 2026 IHSG kemarin ditutup turun 0.68%, disertai dengan net sell asing ~1.23 Tn. Saham yang paling banyak dijual asing adalah BBRI, BBCA, BMRI, ANTM, dan ENRG.",bmri
2026-04-16,"JAKARTA – PT Unilever Indonesia Tbk (UNVR) menepis rumor yang beredar di publik, mengenai rencana penjualan bisnis jus Buavita yang beredar dalam sepekan terakhir. Baca selengkapnya: https://idnfin.id/a62982",unvr
2026-04-16,hodlr $unvr juga gitu kok,unvr
2026-04-16,Which gamblers would possibly be interested in blue chip stocks $UNVR,unvr
2026-04-17,"BRI Buddy, this weekend theres a special BRI promo thats an absolute shame to miss. Shop at Kinokuniya using BRI Credit Card, BRI Debit, or BRImo QRIS on April 17 - 19, 2026 and get a shopping voucher worth Rp150,000. For more info, check out http://bbri.id/kinokuniyaweekend",bbri
2026-04-17,"PT Bank Rakyat Indonesia (Persero) Tbk (BBRI) remains consistent in its role as a peoples bank, with a focus on advancing micro, small, and medium enterprises (MSMEs). In Indonesia, MSMEs form the backbone of the economy, with around 30.18 million non-agricultural business units",bbri
2026-04-17,"Data jual beli asing hari ini Top Foreign Buy CUAN, 127.4M INCO, 50.5M EMAS, 50.2M BRMS, 37.7M BREN, 34.6M Top Local Buy BBCA, 522.7M BMRI, 225.5M BBRI, 212.1M BUMI, 107.3M ANTM, 78.2M",bbri
2026-04-17,"Bbri minvir, 8 mei bagi2 dividen",bbri
2026-04-17,Session 1 Foreign Trading Data Top Net Foreign Buy CUAN: 121.03B BRMS: 36.80B ASII: 28.32B UNTR: 26.20B ADRO: 23.41B BBNI: 22.10B Top Net Foreign Sell BBCA: -148.84B BBRI: -75.51B BUMI: -62.21B BMRI: -54.25B ANTM: -48.29B BNBR: -35.03B,bbri
2026-04-17,bbri bbca merah mulu anjay kek jaman covid,bbri
2026-04-17,"Saham gw jg masih minus 60 jutaan, padahal pegangnya BBRI dari Q4 2024. Hadeuhhhh",bbri
2026-04-17,Bentar lagi cross BBRI,bbri
2026-04-17,"IHSG Technical View 17 April 2026 The IHSG closed down 0.03% yesterday, accompanied by net selling from foreigners of ~1 Trillion. The stocks most heavily sold by foreigners were BBCA, BBRI, BMRI, ASII, and BREN.",bbri
2026-04-17,Ritel Bersatu Tidak Terkalahkan Itu serok bbri terus dari 6000 Wkwkwk,bbri
2026-04-17,"Kemarin nekat masuk di BBRI di 3280 tapi main kecil. Sementara udah hold BBCA dengan avg 6900. Market hari ini, BBRI udah plus. BBCA masih berdoa sambil nyicil avg down.",bbri
2026-04-17,Kecil itu. Mnding BBRI,bbri
2026-04-17,Nasib yang pegang BigBanks di pucuk Dari all time high nya BBCA (Turun 39%) BMRI (Turun 38%) BBNI (Turun 40%) BBRI (Turun 46%) PER BBCA 2019 : 28.9x 2026 : 15.4x PBV BBCA 2019 : 4.7x 2026 : 2.9x PER BBRI 2019 : 15.8x 2026 : 9.3x PBV BBRI 2019 : 2.6x 2026 : 1.6x PER BBNI,bbri
2026-04-17,"Mending buat beli saham BBRI atau BBCA. Diemin aja, nanti devidennya setiap tahun bisa dipake buat kehidupan sehari2",bbri
2026-04-17,Masih terjaga di atas trendline. Hari ini jg masih hijau. Asing net sell 453.97 Bn Minggu depan ada Ex Date Dividen BBRI. Semoga keep strong ke depannya.,bbri
2026-04-17,@soulofdarkne55 bbni atau bbri nih?,bbri
2026-04-17,longsorkan sampe setara BBRI mint,bbri
2026-04-17,"Dari list ini, sektor bank (BBCA, BBRI, BMRI) masih dominan bobotnya",bbri
2026-04-17,"Not visible yet now, Sis... The tangible ones $BBRI $BBNI $BMRI have received cash money to enter into profits. Hopefully in next years performance, its distributed to the public and not just to thicken the capital.",bbri
2026-04-17,Big Beng....... - BBNI ga kemana-mana - BBRI mingdep ex-date jadinya ya you know la - BMRI yaaa gitu deh - BBCA hadeuhhh balik support krusial wkwkkwwk,bbri
2026-04-17,"Wow. BBRI, SCB at 8-10%",bbri
2026-04-17,Sp 20/4 : 1. puri bbri intp smbr ultj cleo kaef asii assa wifi adro cbre cpin dewi scma bren rise bbni bdmn cmry wiim king excl mdka emas mbss ketr data boga nest cita. 2. mbma nikl dooh. 3. ssia pwon simp lppf jpfa main fore. + : pani.,bbri
2026-04-17,"5 years building our own community, Accompanying from IHSG Sideways, Bearish, Bullish. BBRI once hit 6000. Tough but thats life, we must keep moving forward, keep it up everyone!",bbri
2026-04-17,"Bahas #ICBP Dengan harga jual Indomie Rp 3.300/pcs, segmen mie instan Indofood jual 45 juta pcs/hari atau hampir 16,5 miliar pcs sepanjang 2025. Dari volume itu, dia dapet Operating Profit Margin (OPM) 24,4%, artinya laba usaha yang dihasilin itu mencapai Rp 36 M per hari,",icbp
2026-04-17,"Stock Picks 17 April 2026 TLKM Spec Buy with support at 3060, cutloss if breaks below 3000. If it doesnt break below 3060, potential to rise to 3180-3240 short term. Disclaimer: http://bit.ly/disclaimer-cgsiid#cgsi#cgsid#stockpicks#sobatgenvest#akuinvestorsaham",tlkm
2026-04-17,"Mungkin di indo juga harus ikut tren ini juga GOTO AI atau TLKM AI, maybe?",tlkm
2026-04-17,kenapa IRA banyak angkat saham lain sementara saham tua TLKM angkat diri sendiri nya aja berat,tlkm
2026-04-17,"Saya, on the contrary, applied for early retirement from TLKM... and chose to live a quiet, secluded life.",tlkm
2026-04-17,"Age 27 if Im not mistaken. Once bought BRIS, TLKM and UNVR. Then sold everything to focus on BTC.",tlkm
2026-04-17,"Its good but the matlis is like shit. If the matlis were better, itd still be the best overall.",tlkm
2026-04-17,karena IRA ada story Growth scara fundamental. Smntara Telkom Market share nya kemakan IRA karena predatory Pricing IRA. Tapi TLKM ketolong BUMN dan Pemda. Jadi yah Setidaknya Duopoli tapi marketshare yang kuasain nanti IRA.,tlkm
2026-04-17,BMRI saat ini PER 7.6x PBV 1.47,bmri
2026-04-17,"Dari list ini, sektor bank (BBCA, BBRI, BMRI) masih dominan bobotnya",bmri
2026-04-17,"Data jual beli asing hari ini Top Foreign Buy CUAN, 127.4M INCO, 50.5M EMAS, 50.2M BRMS, 37.7M BREN, 34.6M Top Local Buy BBCA, 522.7M BMRI, 225.5M BBRI, 212.1M BUMI, 107.3M ANTM, 78.2M",bmri
2026-04-17,"Waktunya refresh wardrobe biar makin on point! Nikmati diskon 10%* untuk koleksi favorit di Lacoste pakai Mandiri Kartu Kredit! Berlaku hingga 30 April 2026. Yuk, lengkapi style favoritmu sekarang! *Info: http://bmri.id/MAPLacosteBankMandiriberizindandiawasioleh",bmri
2026-04-17,Belum keliatan sekarang Kak... Yang sudah nyata $BBRI $BBNI $BMRI terima uang cash untuk masuk ke laba. Semoga dalam kinerja tahun depan dibagikan ke publik dan bukan mempertebal modal.,bmri
2026-04-17,Serius PER BMRI 2026 di 1.8x?,bmri
2026-04-17,Big Beng....... - BBNI ga kemana mana - BBRI mingdep ex date jadinya ya you know la - BMRI yaaa gitu dehhh - BBCA hadeuhhh balik support krusial wkwkkwwk,bmri
2026-04-17,Data jual beli asing sesi 1 Top Net Foreign Buy CUAN: 121.03B BRMS: 36.80B ASII: 28.32B UNTR: 26.20B ADRO: 23.41B BBNI: 22.10B Top Net Foreign Sell BBCA: -148.84B BBRI: -75.51B BUMI: -62.21B BMRI: -54.25B ANTM: -48.29B BNBR: -35.03B,bmri
2026-04-17,"#BMRI - lampau modal jutaan Profit 10,942",bmri
2026-04-17,Nasib yang pegang BigBanks di pucuk Dari all time high nya BBCA (Turun 39%) BMRI (Turun 38%) BBNI (Turun 40%) BBRI (Turun 46%) PER BBCA 2019 : 28.9x 2026 : 15.4x PBV BBCA 2019 : 4.7x 2026 : 2.9x PER BBRI 2019 : 15.8x 2026 : 9.3x PBV BBRI 2019 : 2.6x 2026 : 1.6x PER BBNI,bmri
2026-04-17,"IHSG Technical View 17 April 2026 IHSG kemarin ditutup turun 0.03%, disertai dengan net sell asing ~1 Triliun. Saham yang paling banyak dijual asing adalah BBCA, BBRI, BMRI, ASII, dan BREN.",bmri
2026-04-17,"Age 27 if Im not mistaken. Once bought BRIS, TLKM and UNVR. Then sold everything to focus on BTC.",unvr
2026-04-17,"PetikCUAN: unvr, goto: 17 April 2026:",unvr
2026-04-17,Liat chartnya BBCA itu dejavu dengan chartnya UNVR,unvr
2026-04-17,"@saptaipb hey, have you ever analyzed $UNVR before? Mind sharing it if you have?",unvr
2026-04-18,"Saham BBRI Diramal ke Sini, Ada Momen Krusial #saham #infosaham #investasi",bbri
2026-04-18,BERITA POPULER: Letupan Harga Emas Antam (ANTM) hingga Ramalan Saham BBRI #emas #saham #infosaham #investasi,bbri
2026-04-18,gonna be a long time while still in productive age gonna explore lololol if suddenly have 1 trillion just split it up for investments or starting a business also possible like for example 50m for bluechip stocks bbri est can get 2-5m cash/year from dividends,bbri
2026-04-18,Buka BRI Tabungan dan miliki Kartu BRI Debit FC Barcelona—simbol loyalitas sejati seorang culer. Kunjungi booth BRI di SOGO terpilih dan top-up Rp10 juta untuk kesempatan mendapatkan hadiah eksklusif. cek lokasi SOGO di http://bbri.id/sogofcb26Karenadukunganmupantaslebih,bbri
2026-04-18,"Lepas bbni masuk bbri, keluar kandang singa masuk ke mulut buaya",bbri
2026-04-18,Saingan BBRI dalam deviden,bbri
2026-04-18,"dah ah kita bahas saham lagiii kalau Anda percaya saham yg dibeli asing kuat ga jatuh kaya BBCA , inilah saham yg dibeli dan dijual asing 1 minggu 1 bulan 1 kuartal , jelas bukan bank yaaa jelas bukan BBCA BBRI BMRI BBNI adakah yg menarik untuk Anda?",bbri
2026-04-18,"Yuk yg mau ikutan ambil bagian dari deviden $BBRI kayaknya masih oke, harga sahamnya juga lagi pas untuk di serok DYOR yaaaah Tetap perhatikan resiko",bbri
2026-04-18,"In the stock exchange, the issuer BNI is named BBNI. BCA is named BBCA. BRI is named BBRI. Bank Mandiri is named BMRI.",bbri
2026-04-18,"Orang Indonesia itu sok gaya punya uang lebih beli Pajero , BBM non subsidi buat kalangan kaya naik baru kerasa , makanya beli mobil sesuai kantong , orang kaya aja ogah beli mobil milyaran, malah mereka beli BBRI mercy harga bajaj",bbri
2026-04-18,syukur banget pas @BNI kode saham BBNI Nembus 4.700 saya TP semua akhirnya baru paham kenapa bank ini kok nilainya gak naik naik sejak saya TP. ohh terjawab semua dari 2019. semoga next BBRI dan BMRI bisa TP juga meskipun dikit aja. WONG IHSG JELEK AMAT,bbri
2026-04-18,beli saham BBRI atau BBCA,bbri
2026-04-18,Sell BBRI stock after receiving dividends,bbri
2026-04-18,"duit dingin kok jadi panas? $BBCA $BBRI, fak kata gua teh",bbri
2026-04-18,"tadinya mau haka BBRI, ga jadi kwk",bbri
2026-04-18,nanti digendong BBRI sekaligus dividen,bbri
2026-04-18,Pindah BBRI aj,bbri
2026-04-18,ICBP price movement is in the same direction as IDRUSD (opposite of USDIDR). #IHSG #ICBP #USDIDR,icbp
2026-04-18,Rill ini mah musuhnya ICBP sama Calbee,icbp
2026-04-18,Eh iya Za.. Dia sempet punya ICBP.. Blend kynya ya sistemnya ha ha ha,icbp
2026-04-18,Soalnya produk ICBP yang marketnya gede sih Indomie aja. Sisanya produk sekunder. Kalo UNVR barangnya sehari-hari banget jadi lebih menarik buat ditempel,icbp
2026-04-18,Musuh sejatinya ICBP ini mah,icbp
2026-04-18,TLKM nya kayanya multi factor tuh Daf Sisanya single factor + built in.. alias LIQUIDITY,tlkm
2026-04-18,Jual sekalian BBNI. Gw pun pindah muatan ke BMRI kemarin.,bmri
2026-04-18,"dah ah kita bahas saham lagiii kalau Anda percaya saham yg dibeli asing kuat ga jatuh kaya BBCA , inilah saham yg dibeli dan dijual asing 1 minggu 1 bulan 1 kuartal , jelas bukan bank yaaa jelas bukan BBCA BBRI BMRI BBNI adakah yg menarik untuk Anda?",bmri
2026-04-18,syukur banget pas @BNI kode saham BBNI Nembus 4.700 saya TP semua akhirnya baru paham kenapa bank ini kok nilainya gak naik naik sejak saya TP. ohh terjawab semua dari 2019. semoga next BBRI dan BMRI bisa TP juga meskipun dikit aja. WONG IHSG JELEK AMAT,bmri
2026-04-18,"BMRI, bukan BMNDRI. Hehehe",bmri
2026-04-18,"Di bursa saham, emiten BNI namanya BBNI. BCA namanya BBCA. BRI namanya BBRI. Bank Mandiri namanya BMRI.",bmri
2026-04-18,dia dah ada di bmri juga tu Khusus bca mungkin akan di pertimbangkan sama dia...,bmri
2026-04-18,"UNVR di Support Penting, Hati-Hati Kalau Jebol http://doktermarket.com/2026/04/unvr-di-support-penting-hati-hati-kalau.html",unvr
2026-04-18,Soalnya produk ICBP yang marketnya gede sih Indomie aja. Sisanya produk sekunder. Kalo UNVR barangnya sehari-hari banget jadi lebih menarik buat ditempel,unvr
2026-04-18,Produknya mejeng terus samping unvr soalnya,unvr
2026-04-18,"Ga jauh beda emang dia selalu jaga persepsi kualitas yang sama juga, karena tau pasti dibandingin sana unvr.",unvr
2026-04-18,Sabun wings biru ya? Emang sabun colek populer di masanya karenah murah. Si UNVR langsung jualan Rinso yang ditempel sama Daia,unvr
2026-04-18,Sama2 aja isinya sana unvr. Sama2 jago iklan tp produknya gitu hehe,unvr
2026-04-18,"iya, kak, pernah saya lihat di Toktik ada mba2 ngetawain ibunya gara2 mandi pake Lifebuoy Pencuci Piring ini, ya karena imej brand Lifebuoy tsb itu. Sepertinya memang salah strategi, harusnya UNVR bikin brand baru saja kyk dulu punya Surf & Viso bwt deterjen fighting brand.",unvr
2026-04-18,Ada Kino ada unvr ada apalagi nih Both are Tangerang FMCG,unvr
2026-04-18,"Perusahaan yang dibahas di screenshot itu PT Unilever Indonesia Tbk (kode saham UNVR). Kantor pusatnya di Grha Unilever, BSD City, Tangerang (area yang sering disebut dekat Tangsel). Cocok banget sama gosip soal turnover tinggi, layoff, politik internal, plus kena boikot yang",unvr
2026-04-18,"Yeah, still advertising it too. The way is to give the perception that the product is more luxurious than Unvr, but cheaper",unvr
2026-04-19,BERITA POPULER: Pasar Emas Loyo hingga Saham BBRI Dihajar Asing #saham #infosaham #investasi,bbri
2026-04-19,"Joeliardi Sunendar, a senior investor and founder of Joeliardi Sunendar Portfolio (JSP), explains the reasons his side is more inclined to choose Bank Rakyat Indonesia (BBRI)",bbri
2026-04-19,Cobaan bagi Saham BBRI #saham #infosaham #investasi,bbri
2026-04-19,"Urutan 1 - 19 BBCA dimiliki ETF sekitar 2.5 miliar lembar atau 2.08% dari seluruh lembar sahamnya Dengan harga akhir Maret 2026, setara Rp 16.4 T, disusul BBRI 11.9 T, BMRI 10.2 T, TLKM Rp 7.8 T dan ASII Rp 7.3 T AMMN di luar dugaan adalah saham terbesar ke 6 dimiliki ETF",bbri
2026-04-19,"Tetap: Tumbuh: POSIT1f: 27 Juli 2023 s.d. 16 April 2024 s.d. 17 April 2026: periode Trump 2.0.: multiBAGGER: NO Beggars: ga usa follow, youw: Hepi OSh aza: MIDI MYOR PGEO TAYS UNVR KAEF KEJU LAJU MAPI BBRI BLTA BNII BREN BUMI BYAN CLEO CPIN DSSA ELSA",bbri
2026-04-19,"AADI EMAS ASII, terus terusn dibeli asing BBNI INDF, biasa dibuang kemudian mulai dibeli lagi TLKM ITMG PTBA, biasa dibeli kemudian berhenti BBRI BMRI BBCA ANTM GOTO BUMI, konsisten dibuang",bbri
2026-04-19,Guys lagi beredar nih..... Terkait nasib IHSG mau turun atau tetap di emerging atau frontier dari MSCI Tapi secara data emang gk bisa bohong asing udah keluar duluan dari 3 saham big saja nih Total Net Foreign 3 saham big bank 2026 BBRI: -4.98T BBCA: -21.83T BMRI: -4.49T Total,bbri
2026-04-19,"IHSG rawan koreksi ke area 7.245–7.575 pada awal pekan. Di tengah tekanan jual, peluang buy on weakness muncul pada AUTO, BBRI, CMRY, dan MDKA dengan prospek teknikal menarik.",bbri
2026-04-19,"DCA for real. When will Indonesia have fractional shares, so we can gradually buy $BBCA $BBRI $BMRI ($BBNI, youre not invited anymore, case in point) 10k per day",bbri
2026-04-19,besok cumdate bbri,bbri
2026-04-19,Peluang bagus BBRI terus turun,bbri
2026-04-19,"bank jelek bank jelek syukur gw udah gak nyangkut di saham BBNI sejak 2024 akhirnya di 2026 mar gw langsung TP bodo amat meskipu hanya dapat 1,2 juta aja tinggal 2 emiten saham lagi gw nyangkut parah BBRI dan BMRI",bbri
2026-04-19,"Full analysis can be read here: Here Are the Dividend Cum Date Stocks on April 20-24, 2026, Hurry Before Theyre Gone https://seruji.co.id/ekonomi/keuangan/cum-date-dividen-april-2026-lppf-asgr-bbri-lengkap/via@serujinews",bbri
2026-04-19,Hari ini cum date bbri Bagi yg mau ambil dev jgn jual Kalau kaga mau ambil dev jual..,bbri
2026-04-19,"Lagi berandai-andai masukin 1 M ke $BBRI bisa dapat 2.857 lot saham dikali dividen 20.900 per lembar saham, dapat hampir 60 jt / tahun Belum lagi dividen interimnya Kira-kira dapat 5 juta-an lah per bulan tanpa kerja",bbri
2026-04-19,"I double-checked, Ive never put stocks in BBNI, alhamdulillah. Other banks have BBCA, BMRI, BBRI.",bbri
2026-04-19,"bbri 500 lot, sama bbca 500 lot amiin",bbri
2026-04-19,Rame juga nih yang mau bagi dividen pernah kejadian gk yaa ex date tapi naik gitu saham nya lu bayangin beli BBRI dulu kalo udah kerekam jual pindah ke LPPF tahan sampe ex date jual terus ulangi lagi,bbri
2026-04-19,"Order 39 - 57 There is ICBP no 53 with Rp 225 M Just for information, ICBP, a member of MSCI Standard, will be fully removed (not downgraded) in November 2025 But it turns out there is still ETF ownership, which could be from FTSE or other indices, so MSCI isnt the only",icbp
2026-04-19,Icbp.d Bagi yg demen saham ini buy lha Setahun juga naik...,icbp
2026-04-19,"AADI EMAS ASII, terus terusn dibeli asing BBNI INDF, biasa dibuang kemudian mulai dibeli lagi TLKM ITMG PTBA, biasa dibeli kemudian berhenti BBRI BMRI BBCA ANTM GOTO BUMI, konsisten dibuang",tlkm
2026-04-19,"Urutan 1 - 19 BBCA dimiliki ETF sekitar 2.5 miliar lembar atau 2.08% dari seluruh lembar sahamnya Dengan harga akhir Maret 2026, setara Rp 16.4 T, disusul BBRI 11.9 T, BMRI 10.2 T, TLKM Rp 7.8 T dan ASII Rp 7.3 T AMMN di luar dugaan adalah saham terbesar ke 6 dimiliki ETF",tlkm
2026-04-19,ih kontol banget notif discord buat gue geneteran ternyata dr server tlkm gkjls,tlkm
2026-04-19,"For example, if TLKM (Telkom) shares are bought by an Israeli person, would you also boycott them, because TLKM is also a publicly traded company.",tlkm
2026-04-19,"Jika dilihat dari % ETF terhadap Total Lembar, secara rata-rata ETF membeli 1.14% dari total lembar beredar Jika melihat saham big caps tradisional seperti perbankan, TLKM dan ASII, sekitar 2% Beberapa saham seperti BRMS, PGAS, dan GOTO bisa 3-5% dari saham beredarnya",tlkm
2026-04-19,Tlkm bang,tlkm
2026-04-19,"JAKARTA – PT Dayamitra Telekomunikasi Tbk (MTEL), anak usaha PT Telkom Indonesia (Persero) Tbk (TLKM) di bidang infrastruktur telekomunikasi, siap melebarkan sayap ke lini bisnis Power-as-a-Service (PaaS). Baca selengkapnya: https://idnfin.id/a63069",tlkm
2026-04-19,"Yuppp, yang lagi rame provider TLKM wkwkw, ikutan ah",tlkm
2026-04-19,"Kamu bisa cek via Stockbit. Pilih sebuah emiten, misalnya dalam hal ini aku pilih BMRI (Mandiri), lalu klik menu “Perbandingan”. Kamu juga bisa nambahin perusahaan sejenis waktu utk bandingin faktor fundamentalnya.",bmri
2026-04-19,Pengen duit halal 10m atau saham BBCA & BMRI 1.000 Lot,bmri
2026-04-19,"Nggak cukup hanya dengan menabung, tapi juga dengan berinvestasi agar asetmu terus bertumbuh. Yuk, simak selengkapnya di slide berikut dan mulai langkah pertamamu #JadiMandiri Info lengkap: http://bmri.id/investdiLivinBankMandiriberizindandiawasiolehOtoritasJasa",bmri
2026-04-19,"Urutan 1 - 19 BBCA dimiliki ETF sekitar 2.5 miliar lembar atau 2.08% dari seluruh lembar sahamnya Dengan harga akhir Maret 2026, setara Rp 16.4 T, disusul BBRI 11.9 T, BMRI 10.2 T, TLKM Rp 7.8 T dan ASII Rp 7.3 T AMMN di luar dugaan adalah saham terbesar ke 6 dimiliki ETF",bmri
2026-04-19,"Upgrade prestige dan elite sands member di Marina Bay Sands Singapura dengan Mandiri Kartu Kredit Kamu bisa nikmati diskon hotel s.d. 15%*, bonus tiket atraksi*, dan eksklusif Sands Lounge*! Periode hingga 31 Juli 2026! Yuk, cek info selengkapnya di http://bmri.id/MBSmembership",bmri
2026-04-19,"Joeliardi Sunendar, investor senior sekaligus pendiri Joeliardi Sunendar Portfolio (JSP), mengungkapkan alasan pihaknya lebih condong memilih Bank Rakyat Indonesia (BBRI)",bmri
2026-04-19,"bank jelek bank jelek syukur gw udah gak nyangkut di saham BBNI sejak 2024 akhirnya di 2026 mar gw langsung TP bodo amat meskipu hanya dapat 1,2 juta aja tinggal 2 emiten saham lagi gw nyangkut parah BBRI dan BMRI",bmri
2026-04-19,Guys lagi beredar nih..... Terkait nasib IHSG mau turun atau tetap di emerging atau frontier dari MSCI Tapi secara data emang gk bisa bohong asing udah keluar duluan dari 3 saham big saja nih Total Net Foreign 3 saham big bank 2026 BBRI: -4.98T BBCA: -21.83T BMRI: -4.49T Total,bmri
2026-04-19,"Kawal terus, nanti tak share juga kelakuan BMRI di semarang",bmri
2026-04-19,"saham saham yang lagi price discovery imo: ISAT, TOBA, KDTN, RONY, BLUE yng udah priced in RMKE, WIFI, CBRE",isat
2026-04-19,"Tetap: Tumbuh: POSIT1f: 27 Juli 2023 s.d. 16 April 2024 s.d. 17 April 2026: periode Trump 2.0.: multiBAGGER: NO Beggars: ga usa follow, youw: Hepi OSh aza: MIDI MYOR PGEO TAYS UNVR KAEF KEJU LAJU MAPI BBRI BLTA BNII BREN BUMI BYAN CLEO CPIN DSSA ELSA",unvr
2026-04-19,"Berarti lu yang linglung, UNVR sama GOTO lu bilang saham fundamental bagus?",unvr
2026-04-19,UNVR Weekly chart. Di satu sisi yield lumayan. Di sisi lain ada risiko penurunan harga jika tidak bisa bertahan di atas box biru. Kan tidak lucu kamu dapat dividen tapi malah floating loss lebih dalam. Peluang yg bisa dimanfaatkan kalau ada indikasi pantulan harga. Atau ada,unvr
2026-04-20,"In the February 2026 Index Review, INDF was downgraded from MSCI Standard to MSCI Small As a result, the number of Indonesian stocks in MSCI Standard decreased from 18 to 17, with the largest rankings as follows: BBCA BBRI BMRI TLKM DSSA ASII BREN AMMN TPIA BRMS BRPT BBNI GOTO",bbri
2026-04-20,"IHSG -0,16% ke 7.621,57 di sesi I, Senin (20/4/2026). Sektor Kesehatan -1,08%, keuangan -0,88%, properti dan real estate -0,74. Sektor barang konsumer non primer dan perindustrian +0,33%, dan +0,28%. Saham BBCA +1,17%, BBRI +0,58%, dan BRMS +7,65% jadi penopang utama IHSG.",bbri
2026-04-20,Saham BBRI Mau Naik ke Sini #saham #infosaham #investasi,bbri
2026-04-20,"BBRI if I buy it today, will I still get the dividend??",bbri
2026-04-20,"Pantes ttp naik, bbri cumdate nya hr ini",bbri
2026-04-20,"Jadi, kapan saham bank pulih? kami ulas selengkapnya di sini: https://mikirduit.com/saham-bank-terhadang-pelemahan-rupiah-sampai-kapan-turun-begini/$BBCA$BBRI$BMRI",bbri
2026-04-20,"Today is the ex-date for BBRIs dividend. Normally, it will drop by the amount of the dividend, around 200 points.",bbri
2026-04-20,"Data jual beli asing sesi 1 Top Net Foreign Buy (Pembelian Bersih Asing) BRMS — Rp140,26 M BBCA — Rp99,16 M BREN — Rp74,75 M TLKM — Rp58,12 M GOTO — Rp38,90 M Top Net Foreign Sell (Penjualan Bersih Asing) ADRO — Rp69,37 M BBRI — Rp62,72 M BUMI — Rp53,56 M BULL — Rp37,09 M KETR",bbri
2026-04-20,"Besides MU-Mology, it seems interesting to check on the Ex-Date for BBRI (regular market)—the tendency for IHSG to be red or green",bbri
2026-04-20,Penentu Cuan di BBRI #saham #infosaham #investasi,bbri
2026-04-20,"IHSG Diprediksi Bergerak Terbatas, Ritel Bisa Cermati Saham MDKA, BBRI, hingga NCKL ~TR Klik untuk baca:",bbri
2026-04-20,"udah tanggal 21 April, ex date bbri kemarin... kita tunggu apa harga bbri turun?? kita tunggu sampe bottoming...",bbri
2026-04-20,"harga saham BBRI terpantau membosankan klo merah tadi rencana mau buy untuk ambil devidennya, masih ada waktu buat mikir sekitar sejam lagi sih",bbri
2026-04-20,"hari ini cum date dividen $BBRI dan asing masih buang barang. harga $BBRI hari ini terpantau menguat 0,58%",bbri
2026-04-20,"BBRI Stock Analysis, Heres the Tip of the Iceberg #saham #infosaham #investasi",bbri
2026-04-20,"IHSG Technical View 20 April 2026 Last Friday, IHSG closed up 0.17%, but it was accompanied by net selling from foreigners of ~746 Bn. The stocks most heavily sold by foreigners were BBCA, BMRI, BBRI, ANTM, and GOTO.",bbri
2026-04-20,Ada yang mau Ex Date nih besok. Sumber: https://ajaib.co.id/belajar/berita/dividen-saham-bbri-rp-209,bbri
2026-04-20,"* Cum Dividen : *Cum Dividen BBRI Rp 209, YULE Rp 10* * Ex Dividen : *Cum Dividen SIDO Rp 15, NISP Rp 45, AVIA Rp 12, CMRY Rp 100, SICO Rp 2*",bbri
2026-04-20,Mending nyangkut bris sama bbri drpd nyangkut disini nder,bbri
2026-04-20,"multiBAGGER: NO Beggar: +122.27%, +2199.31%, +802.60%: portfolio: dont put all your eggs in one basket: diversification: its okay if you dont want to know, its okay if you dont care, its okay if you dont understand: ADES ANTM APLN ASII BBCA BBRI BNII BREN",bbri
2026-04-20,BBNI BMRI BBRI harus menjelaskan sesuatu....,bbri
2026-04-20,"Pak LKH also holds shares in INKP PGAS BBRI ANJT INDY BUMI, but because his ownership is <1% of each of those issuers, his name doesnt appear on the list of >1%, which doesnt mean he doesnt own conglomerate shares. So, before questioning his strategy, first understand",bbri
2026-04-20,"$BBRI Breakdown from the channel over the past year, after breaking down yesterday its trying to retest the previous support that became resistance, still no bullish signs yet, next target if confirmed breakdown could head to the 2020 channel during the COVID crash hopefully",bbri
2026-04-20,Bbri .4 jam,bbri
2026-04-20,"If the $BBRI dividend were that attractive, foreigners wouldnt dump that much of it.",bbri
2026-04-20,YAALLAHH DIVIDEN BBRI LAMA BAT LAMA,bbri
2026-04-20,"10M buyin BBRI, 8 May get dividend 600 million, enough right?",bbri
2026-04-20,"Reminder!!! Hari ini (20/04) adalah batas akhir (Cum Date) untuk mendapatkan hak dividen $BBRI Harga BBRI: 3460 Dividend BBRI: 209 Yield: 6,04% Kemudian ada $LPPF yang dividend yield nya 2 digit Harga LPPF: 1955 Dividend LPPF: 250 Yield: 12,79% $PJAA dapet yield nya di",bbri
2026-04-20,cari deviden bbri aja dah,bbri
2026-04-20,No wonder the TikTok stock is on BBRI; it turns out it needs high liquidity for getting in and out. When yaaa,bbri
2026-04-20,Day 1 bought BBRI for dividends but got drenched by the bastard,bbri
2026-04-20,"Land is hard to sell & rises slowly, BBRIs dividends are good",bbri
2026-04-20,"Just because BBRIs got a date coming up, its packed AF, huh?",bbri
2026-04-20,"BBRI 2026 Dividend Payment Date Today, Here’s the Complete Schedule and Amount of the Final Dividend to Be Paid on May 8, 2026",bbri
2026-04-20,"pantesan aja tektokannya di BBRI, butuh likuiditas tinggi ternyata buat keluar masuk. when yaaa",bbri
2026-04-20,Clue nya mie kah ? Icbp kah,icbp
2026-04-20,"SELAMAT PAGI, 20 April 2026 Lagi-lagi list stochastic kita kosong ya.. Mungkin kalau dilonggarkan kriterianya yakni hanya masukkan 8.3.3 kita akan dapat ICBP Yang IMO saham lemot tidak terlalu rekomen Kecuali kamu dividen play, itupun tak terlalu menarik dividennya",icbp
2026-04-20,"In the February 2026 Index Review, INDF was downgraded from MSCI Standard to MSCI Small As a result, the number of Indonesian stocks in MSCI Standard decreased from 18 to 17, with the largest rankings as follows: BBCA BBRI BMRI TLKM DSSA ASII BREN AMMN TPIA BRMS BRPT BBNI GOTO",tlkm
2026-04-20,"IHSG Turun ke 7.594, Asing Justru Borong BREN, SSMS hingga TLKM ~TR Klik untuk baca:",tlkm
2026-04-20,Petik CUAN: tlkm: 20 April 2026:,tlkm
2026-04-20,"multiBAGGER: NO Beggar: +122.27%, +2199.31%, +802.60%: portfolio: dont put all your eggs in one basket: diversification: its okay if you dont want to know, its okay if you dont care, its okay if you dont understand: ADES ANTM APLN ASII BBCA BBRI BNII BREN",tlkm
2026-04-20,"IHSG Opens Higher at 7,663, BBCA to TLKM Stocks Uniformly Green https://bitvonline.com/ekonomi/64655/ihsg-dibuka-menguat-ke-7663-saham-bbca-hingga-tlkm-kompak-hijau/#IHSG#BursaSaham#SahamHariIni#BBCA#TLKM#BUMI#ESSA#PasarModal#InvestasiSaham#BursaEfekIndonesia#BEI#SahamIndonesia#TradingSaham#AnalisisSaham#IHSGHariIni#bitvonline#senin",tlkm
2026-04-20,TLKM menjelang 3000,tlkm
2026-04-20,"Data jual beli asing sesi 1 Top Net Foreign Buy (Pembelian Bersih Asing) BRMS — Rp140,26 M BBCA — Rp99,16 M BREN — Rp74,75 M TLKM — Rp58,12 M GOTO — Rp38,90 M Top Net Foreign Sell (Penjualan Bersih Asing) ADRO — Rp69,37 M BBRI — Rp62,72 M BUMI — Rp53,56 M BULL — Rp37,09 M KETR",tlkm
2026-04-20,"IHSG Technical View 21 April 2026 The IHSG closed down 0.52% yesterday, but was accompanied by net buying from foreigners of ~124 Bn. The stocks most heavily bought by foreigners were BREN, TLKM, BRMS, BBCA, and MDKA.",tlkm
2026-04-20,"Yah kalo dulu saat Ktr pusat GIAA disana (skr jd KEMENEG BUMN), ada oknum. Tp kalo BUMN dimksd yg alim+jenggotan yah biasanya sih TLKM Gambir (dulu pusat Call Centre 147 & 108), krn ada ngadain pengajian setiap Malam Jumat atau hari Jumat malam (dulu sih 2007), mosok sih?",tlkm
2026-04-20,"Pada Index Review Februari 2026 lalu, INDF diturunkan dari MSCI Standard ke MSCI Small Sehingga jumlah saham Indonesia dalam MSCI Standard dari 18 menjadi 17 urutan terbesar sebagai berikut BBCA BBRI BMRI TLKM DSSA ASII BREN AMMN TPIA BRMS BRPT BBNI GOTO UNTR CUAN AMRT CPIN",bmri
2026-04-20,"kalo deposito di BMRI, bunganya apa langsung masuk ke saldo tabungan beb? atau masih harus tahap withdraw bunga?",bmri
2026-04-20,BBNI BMRI BBRI harus menjelaskan sesuatu....,bmri
2026-04-20,"Lagi ada promo menarik, yakin nggak tertarik? Spesial launch vivo Y31d Pro di Shopee! Nikmatin potongan Rp350 ribu* pakai Mandiri Kartu Kredit! Berlaku hingga 30 April 2026. Yuk, checkout sekarang sebelum kehabisan! *Info: http://bmri.id/shopeeY31dBankMandiriberizin",bmri
2026-04-20,believe it or not... udah generational buy sih ini.. percentage drop dari atas $BBCA $BMRI $BBNI cc: @LambeSahamjja,bmri
2026-04-20,"Jadi, kapan saham bank pulih? kami ulas selengkapnya di sini: https://mikirduit.com/saham-bank-terhadang-pelemahan-rupiah-sampai-kapan-turun-begini/$BBCA$BBRI$BMRI",bmri
2026-04-20,"Udah jadi investor tetap BMRI dari jaman covid. Harga emg lagi tertekan sekarang tapi tetap percaya sama fundamental. Sempet ngerasain capital gain 60%. Tapi diluar fluktuasi harga, dari awal emg aku incar dividennya, mulai tahun ini BMRI ada dividen interim yg bisa makin cepet",bmri
2026-04-20,"IHSG Technical View 20 April 2026 IHSG Jumat lalu ditutup naik 0.17%, tapi disertai dengan net sell asing ~746 Bn. Saham yang paling banyak dijual asing adalah BBCA, BMRI, BBRI, ANTM, dan GOTO.",bmri
2026-04-20,"Legend apaan, di bahas panjang panjang terus nggak di beli UNVR 1000 nanti kita beli Terus dah naik baru nanya, loe beli kagak...",unvr
2026-04-20,"In the name of Allah, O Allah, I ask You for my dad to recover quickly, my mom to have 100 grams of gold, freelance work to go smoothly with lots of clients, two-digit income, startup realization , Umrah and Hajj with my family, BBCA UNVR ADRO stocks each 500 lots, Amen",unvr
2026-04-20,"Ive already made it to the very bottom, but its not UNVR, though. Just a year into working, the base salary is indeed that low-ball amount, but it can reach double digits if you get the full incentive. But yeah, the important thing is all needs are provided for, so not too",unvr
2026-04-21,BBRI Stock Plummets Due to This #saham #infosaham #investasi,bbri
2026-04-21,Excessive Stock Dumping of BBRI #saham #infosaham #investasi,bbri
2026-04-21,Stay neutral Im even hoping for horror So I can buy BBRI at 2000,bbri
2026-04-21,BBRI Stock Inches Closer to Crucial Level #saham #infosaham #investasi,bbri
2026-04-21,BBRI Stock in the Spotlight #saham #infosaham #investasi,bbri
2026-04-21,Keep reading http://investor.idanddownloadtheInvestorDailyapponiOSandAppStore!⁣⁣#Investordaily#BBRI#SahamBBRI#InvestorAsing#SaatnyaMajuBersama,bbri
2026-04-21,POPULAR NEWS: Optimism for Gold Price Prospects to the Culprit Behind BBRI Stock Plunge #saham #infosaham #emas #investasi,bbri
2026-04-21,multiBAGGER: NO Beggar: full profit GAIN: COMODO GAIN BY JO 1-2-5: +346.16% up to 297567%: 21 April 2026: no worries: show off dont: ADRO AMRT APLN ARTO ASRI BBRI BLTA BNII BREN BUMI BYAN CLEO CPIN DSSA ELSA EXCL GOTO GPSO HERO IMAS INDY KAEF KEJU LAJU MAPI MIDI MYOR PGEO TAYS,bbri
2026-04-21,BBRI Stock Get Ready to Reach This Level #saham #infosaham #investasi,bbri
2026-04-21,capek bener pelihara bbri,bbri
2026-04-21,"Trading Scenario for $BBRI AGMS April 10, 2026 Buy: Rp3370 Sell: Rp 3270 Dividend: Rp209 Profit = 3.23% Cum Date April 20, 2026 Buy: Rp3440 Sell: Rp3270 Dividend: Rp 209 Profit = 1.13% Which is better: 3.23% in 11 days or 1.13% in 1 day?",bbri
2026-04-21,"Ive been checking Stockbit since yesterday, BBRI is back up to around 3200 again",bbri
2026-04-21,"I hold them in PRSH coal & BBRI, each year the dividend is 10-11%, allocated for a simple yearly cost-of-living budget, still got some left over to buy more shares",bbri
2026-04-21,Buy 25k lot of BBRI/BBCA/BBNI shares,bbri
2026-04-21,"Wondering how much the dividend for $BJBR will be later? bbri, bbca, aali, bbni, this bjbr later continues to hmsp, dmas and ptba",bbri
2026-04-21,"$BBRI after the Q1 earnings call, I exited this stock without waiting for the dividend, cashed out with a +6% gain then scooped up more below. The others waited for the dividend & were slow to exit, got trapped.",bbri
2026-04-21,"BBRI 3270 If it drops below 3200, just buy and hold.",bbri
2026-04-21,"Many stocks are bouncing hard off their MA10 with nice candles too. Just like the IHSGs current position. Todays drop, which coincides with BBRIs ex-date, is also well covered by Papi and crew. Feels like the index is done with deep dives. Hopefully it stays around here &",bbri
2026-04-21,"If you buy BBRI at a price of Rp 3200 per share, then its dividend could be 12% per year.. it seems like BBRI wont reach 3200. At most 3300. After that, itll creep up..!!",bbri
2026-04-21,bbri why are you always skydiving,bbri
2026-04-21,"IHSG Stumbles After Latest MSCI Announcement, BBRI Stock Plunges 4.65 Percent",bbri
2026-04-21,"I hate that BBNI stock is gonna drop, whys it still rising? The one getting slaughtered is BBRI instead lololol",bbri
2026-04-21,really the wrong strategy huhu bbri,bbri
2026-04-21,"Looks like were grabbing some BBRI, pretty tempting huh",bbri
2026-04-21,"Nokia 2025 revenue $19 billion, berapa triliun itu, cuma kalah dari ASII, Pertamina, dan PLN menang dari BBRI, TLKM, BRPT, dst.",bbri
2026-04-21,Bbri bbni gmn om?,bbri
2026-04-21,BBRI ternyata hari ini memasuki ex date. Pantes turun jauh.,bbri
2026-04-21,Dari tadi beli BBRI kagak nyantol² cik,bbri
2026-04-21,Om bbri udh bottoming belum?,bbri
2026-04-21,"Anatir (amateur analysis): from the institutional ownership data of TB from these 3 big banks, the story is different... from Sep 25 - Apr 26. If you look at the institutional ownership flow, BBRI is the clearest one being collected; BBCA is starting to be reduced, while BMRI is",bbri
2026-04-21,Those who grabbed the BBRI dev yesterday made a killing....,bbri
2026-04-21,profit wbsa bahkan ga nutup minus bbri anjirrrr,bbri
2026-04-21,"If you have 1.6M, put it in BBRI assuming a price of 3,400. You can get 13M/month, which is bigger than this ITMG.",bbri
2026-04-21,"awesome as hell, next month getting dividends from BBRI and ADRO LOL perfect timing, just one day before heading to SG-KL~ padding the shopping budget HAHAH",bbri
2026-04-21,hari ini bbri turun,bbri
2026-04-21,ebsuett thought it was a fire but turns out its EX DATE $BBRI Super hot,bbri
2026-04-21,Sorry to hear youre missing out on the news #bbri,bbri
2026-04-21,Bagaimana caranya buat horor biar bbri 2500,bbri
2026-04-21,Nah tuh di paragraf terakhir sudah dijawab sendiri gimana caranya bikin horor supaya bisa beli BBRI di 2500 wkwkwkwk,bbri
2026-04-21,"Ahead of the AGM, the price rises, but the Q4 financial statements havent been released yet. Ex-date for dividends and foreign selling, BBRIs price keeps dropping.",bbri
2026-04-21,Holding BBRI since 2022 and its in the red instead,bbri
2026-04-21,"How much is the BBRI dividend, sis?",bbri
2026-04-21,"Buy a shophouse for Rp 1 billion, rent it out for Rp 40 million/year Buy BBRI stock for Rp 1 billion, dividend 10.59%. (Rp 105 million) Per year. That means stocks are more profitable, bro, just from dividends. Not to mention capital gains. Only idiots park their assets in",bbri
2026-04-21,"By volume, today is actually safe. After all, what dropped is BBRI after the dividend, held back at the bandars price. Same with high concentration stocks. The other stocks are just dry. Havent entered again.",bbri
2026-04-21,"Actually, as long as you understand what youre buying, theres no such thing as right or wrong, especially since big bro bought BBRI and its still discounted today even though the price hasnt gone anywhere yet.",bbri
2026-04-21,"Not even an hour in, bought $BBRI and got 3 lots while its still dirt cheap",bbri
2026-04-21,"lights up right away bbri , ex date straight up DUAR",bbri
2026-04-21,"Ex-date for BBRI dividend today, per share will receive Rp 209. Payment will be made on May 8, 2026.",bbri
2026-04-21,Free diving followed by snorkeling BBRI,bbri
2026-04-21,bbri bagiin dividennya kapan kak?,bbri
2026-04-21,serok BBRI sampek limit,bbri
2026-04-21,"bibit dan stockbit, tapi skrg semuanya ku pindahin dulu ke stockbut buat dpt dividen bbri",bbri
2026-04-21,"Today, April 21, ex-date for $BBRI stock dividend, If you buy now, you wont get the dividend.",bbri
2026-04-21,"3 years holding in TLKM BBRI BMRI BBNI still at a loss, bro, how many years do you think the patience takes?",bbri
2026-04-21,ICBP Records Sales of Rp20.19 Trillion in Q1 2025,icbp
2026-04-21,multiBAGGER: NO Beggar: full profit GAIN: COMODO GAIN BY JO 1-2-5: +346.16% up to 297567%: 21 April 2026: no worries: show off dont: ADRO AMRT APLN ARTO ASRI BBRI BLTA BNII BREN BUMI BYAN CLEO CPIN DSSA ELSA EXCL GOTO GPSO HERO IMAS INDY KAEF KEJU LAJU MAPI MIDI MYOR PGEO TAYS,tlkm
2026-04-21,Telkom siapkan 27 talenta terbaik lewat FLDP 2026 dari total 270 kandidat. Program ini jadi strategi penting dalam transformasi TLKM 30 dan mencetak future leaders hingga level C-level. https://androidponsel.com/strategi-telkom-pemimpin-digital-fldp-2026-transformasi-tlkm30/#Telkom#FLDP2026#TransformasiDigital#Leadership#TalentaDigital,tlkm
2026-04-21,Tlkm udah dibawah 3000,tlkm
2026-04-21,"Nokia 2025 revenue $19 billion, berapa triliun itu, cuma kalah dari ASII, Pertamina, dan PLN menang dari BBRI, TLKM, BRPT, dst.",tlkm
2026-04-21,"Trade Today: MINA BAVU TLKM BNBR All items are already sold out, not even keeping 1 lot.",tlkm
2026-04-21,"3 years holding in TLKM BBRI BMRI BBNI still at a loss, bro, how many years do you think the patience takes?",tlkm
2026-04-21,"Buy stocks of companies whose products we use, or whose products we often see. The ones bought by GGRM & UNVR three years ago",unvr
2026-04-21,multiBAGGER: NO Beggar: full profit GAIN: COMODO GAIN BY JO 1-2-5: +346.16% up to 297567%: 21 April 2026: no worries: show off dont: ADRO AMRT APLN ARTO ASRI BBRI BLTA BNII BREN BUMI BYAN CLEO CPIN DSSA ELSA EXCL GOTO GPSO HERO IMAS INDY KAEF KEJU LAJU MAPI MIDI MYOR PGEO TAYS,unvr
2026-04-21,Saya pas awal kenal saham sering lihat influencer bahas $UNVR dengan slogan pompom andalannya beli saham yang produknya sering dipakai tiap hari,unvr
2026-04-22,"Solid $WBSA, is it gonna be the RLCO part 2? Just watching it as a newbie feels so refreshing, let alone for the one who owns this stock, lol.. The 3-lot squad is already thrilled seeing profits like this. This is probably gonna cover the BBRI losses, I think",bbri
2026-04-22,BBRI Stock Fortune Prediction #saham #infosaham #investasi,bbri
2026-04-22,"IHSG Loyo di 7.528, Saham BBRI hingga BBCA Terkoreksi di Awal Perdagangan https://bitvonline.com/ekonomi/64860/ihsg-loyo-di-7528-saham-bbri-hingga-bbca-terkoreksi-di-awal-perdagangan/#IHSGHariIni#IHSGMei2026#SahamBBRI#SahamBBCA#PasarSahamIndonesia#BursaEfekIndonesia#IHSGAnjlok#MSCIIndonesia#InvestasiSaham#TradingSaham#IndeksIHSG#bitvonline#rabu",bbri
2026-04-22,Aggressive Assault on BBRI Stock with Barrage of Hits #saham #infosaham #investasi,bbri
2026-04-22,1.1m beli saham BBRI udah dapat deviden 60-80/JT pertahun Gaji polisi setahun kalau jujur juga kisaran 60-80jt/tahun,bbri
2026-04-22,Bought BBRI shares for 1.1 billion. Already getting a salary from dividends of 110 million a year..,bbri
2026-04-22,"Global rating agency Fitch Ratings continues to award Bank Rakyat Indonesias issuer with the same investment-grade credit rating level. As cited from its official website, Tuesday, April 21, Fitch reaffirms BBRIs Long-Term Issuer Default Rating at the Triple B level with a",bbri
2026-04-22,"multiBAGGER: matang CUAN, total plus = +3743,46%, at total minus: ABMM ADES ADMR ADRO AMRT ANTM APLN ARTO ASII ASRI BBCA BBRI BLTA BNII BREN BUMI BYAN CLEO CPIN DSSA ELSA EXCL GOTO",bbri
2026-04-22,"gk ada bang,murni bandar mindah2 barang,liat aja bbca sm bbri,asing2 pada cabut semua. Efek dollar naik,makanya Ihsg berat banget naik 2%. Antam sm Dewa yg jd primadona komoditi saat ini,gk mampu menggerakkan Ihsg. Ini krn sektor bank lg merah semua,kuncinya di bca",bbri
2026-04-22,Straight and my friend head toward the straight path Curvy and my friend increasingly head toward the winding road,bbri
2026-04-22,"If you were given Rp1 million right now and HAD to put it in one of these for 1 year: Bitcoin Local stocks (BBCA, BBRI, TLKM) Bank deposit Gold Which one would you pick + give your reasons yaa! No wrong answers, so relax #Investasi #crypto #Bitcoin",bbri
2026-04-22,"July 2024, first time depositing 4.8 million into Stockbit back then to buy 10 lots of BBRI",bbri
2026-04-22,"*BBCA BBRI BMRI BBNI* Fitch Maintains Indonesias Major Banks Rating at BBB, Negative Outlook Clouds Prospects",bbri
2026-04-22,"BBRI is the most appealing at Rp 3240/share with an average dividend of Rp 350-400/share per year. That already beats bond interest and deposits, bro. 10.80% per year...",bbri
2026-04-22,"If its already at rock bottom, wouldnt BBRI be better? Isnt this actually the perfect time to scoop it up?",bbri
2026-04-22,"Imho, its time to scoop it up, cuz the average over the last year has been around 3700, and now the price is just 3200, no gas. BBRI is for super long-term investment, aim for that 10% dividend and wait for the next stock split moment. If youre thinking trading, better hold",bbri
2026-04-22,"In my opinion, usually companies that distribute dividends with high yields like BBRI, TLKM, PTBA, those are companies that have already become market leaders, and the room for growth is limited. Thats why the dividend yield is high as an incentive, and its not wrong to call it",bbri
2026-04-22,Sekarang @X sudah bisa gini ya. Barusan coba pakai $CAR Baru stock US aja kayaknya. Karena cek $BBRI belum bisa @grok kapan chart $IHSG bisa tampil?,bbri
2026-04-22,"So according to you, will there be a BBRI stock split or not? Cause its been almost 10 years without one, and the last split was pretty nice, then it climbed back up to normal levels.",bbri
2026-04-22,"Lumayan, lebih besar sedikit dari BBRI",bbri
2026-04-22,"Sebenarnya itu masih merah, gara2 bbri",bbri
2026-04-22,Quickly bulk-buy BBRI shares.,bbri
2026-04-22,"I dunno, this is just my personal opinion. The important thing is you already have emergency funds, then its fine to invest in BBRI because its for the very long term. In 2017 before the 1:5 stock split, the price was 2100, now the price is 3200, which is pretty good for",bbri
2026-04-22,"Kak sherly aku mau tanya,saham bbca/bbri aman gak ya kako untuk invest?",bbri
2026-04-22,"For the first blue chip, between BBCA, BBRI, or BMRI, which one is better?",bbri
2026-04-22,"BBRI stock is currently at Rp3,240 (down -0.92% today). Check out this 1D chart: from March it briefly hit nearly Rp4,000, then dropped sharply in April, and now its consolidating around the 3,200 area. Is this the time to buy cheap or still too risky??",bbri
2026-04-22,"Bener, saya pertama kali beli saham BBCA dan BBRI. Kena pengaruh influencer saham, kalo beli bluechip 5tahun ke depan sahamnya pasti naik.",bbri
2026-04-22,"Haha yeah, the $ticker chart feature on X just got released and its still US stocks first like $CAR. $BBRI & $IHSG are being worked on for support. Be patient, hopefully itll show up soon!",bbri
2026-04-22,"This is the ICBP cutloss, just do it or not, oh God, its scary, keeps dropping even more",icbp
2026-04-22,sarapan MEDC atau ga TLKM,tlkm
2026-04-22,"JAKARTA - The Indonesia Stock Exchange (BEI) has begun implementing the stock Liquidity Provider (LP) scheme, marked by the initial quotation from Phintraco Sekuritas. Read more: https://idnfin.id/a63114",tlkm
2026-04-22,"Same as the one being talked about :(( Should I just focus on my career? No, no. Who will take care of my child if I leave? :( Who will keep my husband company if theres a transfer. No, no. This is already the best decision. InsyaAllah.",tlkm
2026-04-22,"gapapa: MSS: Petik CUAN: 22 April 2026: midi, tlkm, myor, dssa:",tlkm
2026-04-22,"I entered TLKM yesterday too, when it got hit with outflow down to 2.8xx—try checking my other post. That day I entered big time, almost on par with my GOTO position.",tlkm
2026-04-22,"What about Alesan? Entry TLKM? No reason. Just cause I got a psychological hang-up with the price, thats all.",tlkm
2026-04-22,"In my opinion, usually companies that distribute dividends with high yields like BBRI, TLKM, PTBA, those are companies that have already become market leaders, and the room for growth is limited. Thats why the dividend yield is high as an incentive, and its not wrong to call it",tlkm
2026-04-22,"If you were given Rp1 million right now and HAD to put it in one of these for 1 year: Bitcoin Local stocks (BBCA, BBRI, TLKM) Bank deposit Gold Which one would you pick + give your reasons yaa! No wrong answers, so relax #Investasi #crypto #Bitcoin",tlkm
2026-04-22,"This transaction is insanely quiet, man. Just 1-2 boards getting picked off like that. And now session 1s already over—time to enjoy the day. Gains are already pretty decent across the board, so whatever. Keep BIPI GOTO BULL Set SL on MINA RATU PTRO TLKM",tlkm
2026-04-22,Low porto : MINA TLKM High - mid : RATU PTRO Yg masih aku keep gak pasang offer / TS / SL,tlkm
2026-04-22,"I added to my position in TLKM at 2,990, 2,980",tlkm
2026-04-22,"Check the position again, okay, TLKM If, in case, if by chance the price is good again, Ill bid",tlkm
2026-04-22,Kecil² an dulu semoga tahun ini punya 100 lot BMRI,bmri
2026-04-22,sp 23/4 : 1. dild aslc bvic bbni nrca adhi bdkr ssms asii fish jtpe mdrn bhit ptba tmas pada ketr tosk bmbl bmri hope bank pzza aces futr. 2. best cent bike cbre. 3. bsde pani buka mina gjtl btps bbkp simp raja inet.,bmri
2026-04-22,Ku dah TP BMRI heheh,bmri
2026-04-22,"*BBCA BBRI BMRI BBNI* Fitch Pertahankan Peringkat Bank Besar RI di BBB, Outlook Negatif Bayangi Prospek https://finansial.bisnis.com/read/20260422/90/1968401/fitch-pertahankan-peringkat-bank-besar-ri-di-bbb-outlook-negatif-bayangi-prospek#goog_rewarded.",bmri
2026-04-22,"@AyoooJalannn Hi Sahabat AyoooJalann. Kami turut prihatin atas kejadian yang dialami. Kami sampaikan bahwa untuk perihal tersebut, Sahabat dapat melakukan pelaporan dengan menghubungi: - Website https://whistleblowing.tips/wbs/@bmri-lettertoceo-SuratPOBOX1007JKS12007-E-Mail",bmri
2026-04-22,"(1/2) Konflik AS–Iran hari ke-53 dorong WTI +7% ke $89.61 dan freight global melonjak. Di IDX, dampaknya beda tiap sektor, dari tanker, bank, hingga nikel. Ini yang terjadi di market Indonesia. BULL diuntungkan spot rate, BMRI solid dari kredit",bmri
2026-04-22,"Bank Mandiri Makin Berotot! Cetak Laba Fantastis Rp15,4 Triliun di Kuartal I 2026! Mengawali tahun dengan performa luar biasa, Bank Mandiri (BMRI) kembali membuktikan tajinya sebagai raksasa perbankan tanah air. Tak tanggung-tanggung, laba bersih sebesar Rp15,4 triliun",bmri
2026-04-22,"Gain intraday 22/04 : arko 19%, ketr 18%, nrca 6.2%, bank 6%, bbtn 6%, hrta 4.7%, zata 4.5%, imas 4%, dild 3.8%, buva 3.4%, iata 3%, ptro 2.8%, ssms 2.5%, ppre 2%, bbni 1.9%, dsfi 1.8%, aces 1.5%, asri 1.r%, bipi 1.4%, tpia 1.2%, auto 1%, bmri 1%, brrc 1%, pans 1%.",bmri
2026-04-22,Perbankan mulai menarik. 1. BMRI 2. BBNI 3. BB (baby) ahhh feeling,bmri
2026-04-22,IH LUPA RUPS BMRI,bmri
2026-04-22,@nandnvt Informasi lebih lanjut lokasi layanan CSM dapat klik link berikut http://bmri.id/lokasicsmachine.3.KantorcabangBankMandiriterdekatdenganmembawadokumenberupa:-KTPasli-Fisikkartumandiridebityangexpired/kedaluwarsa-Bukutabungan/buktikepemilikan,bmri
2026-04-22,Ramalan Saham BMRI Usai Rilis Kinerja: Harga Bisa Naik Tinggi #saham #infosaham #investasi,bmri
2026-04-22,-CBRE -SINI -PTRO -BBNI -BMRI,bmri
2026-04-22,Bmri sama bbni menuju jalan lurus Bbca sama bbri makin menuju jalan berkelok,bmri
2026-04-22,Kok bisa gede BMRI. Ini ngitungnya gimana seh? Aku 10 lot gak segitu,bmri
2026-04-22,"blue chip pertama mending bbca, bbri, apa bmri?",bmri
2026-04-22,PT Bank Mandiri (Persero) Tbk (BMRI) mencatatkan peningkatan laba bersih sebesar 16.6% menjadi IDR 15.4 Triliun di kuartal I 2026. *Disclaimer On,bmri
2026-04-22,"Berikut 5 Saham yang bisa dicermati, rekomendasi Phintraco Sekuritas, saya tambahkan chart sbg PoV 1.BMRI",bmri
2026-04-22,"Thats just proof for market players who cant yet analyze independently, so they just follow the market narrative,, even though the safe to buy big bank narrative is marketing language created by the big players. Back then, the market narrative was, buy stocks of products",unvr
2026-04-23,BBRI Stock Storm #saham #infosaham #investasi,bbri
2026-04-23,"Demi, Im really monitoring this stock like, whoa, its still ARA on day 9. Whats up with Andry Hakim, man? His profits must be insane right now. If I actually had 3 lots of this stock, itd straight-up help cover my tiny BBRI lot losses, no cap",bbri
2026-04-23,"There might be no connection, but BBNI stock keeps rising since deciding to compensate customers for losses caused by rogue BNI employees, and bank BBCA BBRI stocks arent rising",bbri
2026-04-23,BBRI Junam hasnt got any shade yet. Which next one is this? Back to the head 2 gang,bbri
2026-04-23,$BBRI Its already crashing My friend is an apestor here,bbri
2026-04-23,Heavy Trial for BBRI Shares #saham #infosaham #investasi,bbri
2026-04-23,Cheapest BBRI Stock in 5 Years #saham #infosaham #investasi,bbri
2026-04-23,BBRI Stock Breaks Lower Limit #saham #infosaham #investasi,bbri
2026-04-23,"$BBRI new low, already fed up holding big bank",bbri
2026-04-23,"WHATS UP WITH BBRI? Dividends, sure, but it hasnt dropped this deep either",bbri
2026-04-23,"The IDR is weakening, ISHG is red again. $BBRI dropping to the 2000s price range isnt impossible at all. Seroook...",bbri
2026-04-23,"BBRI is technically in a downtrend, yeah. But what do I know, Im not an expert or a pro or a guru.",bbri
2026-04-23,"(2/2) Its impact on the market: BBRI is relevant to monitor due to high liquidity and confirmed dividends, while the solar theme points to BREN and related issuers like INDY, ADRO, PGEO. Monitor their movements on Pluang.",bbri
2026-04-23,"Whatever the BBRI price was in the last week, that was the lowest price in the last few years.",bbri
2026-04-23,"It starts with USD dropping, and later on, if foreigners want to enter, since they exchange USD to IDR, then they buy BBRI, then BBRI improves.",bbri
2026-04-23,Jual hmsp ku demi bbri,bbri
2026-04-23,"Who said our economy is slowing down!? Well, BBRIs annual profit keeps dropping from 2023-2025, even though its supported by the government, its still struggling",bbri
2026-04-23,"A lot of them are stuck, bro lol. Info for BBRI, ESIP, BUMI—should the stuck ones be cut loss or just let them be?",bbri
2026-04-23,"Well see what 2030 becomes for this BBRI... My kids pocket money, I stashed it in BBRI.. already 4 years... Keep pushing :) #ptba #sido #bbri Dividend investing is always fun",bbri
2026-04-23,"Pak Bagus, so does that mean the POV for himbara is “non-investable” for the next few periods? Even with high dividend yield such as BBRI",bbri
2026-04-23,Yang buy and hold BBRI itu because I want it to be passed down to my children and grandchildren... a generational inheritance...,bbri
2026-04-23,"I dont think it has anything to do with the MSCI outflow, though, if its BBRI Its performance is just plain bad, anyway",bbri
2026-04-23,"Gila, bbri turun terus",bbri
2026-04-23,"What can BBRI mess around with, I wonder?",bbri
2026-04-23,"$bri can bottom, waiting for confirmed foreign entry before USD drops if this money flow is stronger than technical analysis. If using TA, support at MA200 monthly. If using fundamental, todays price thats already minimal historical value minus last dividend is quite possible.",bbri
2026-04-23,"Dude, why go all in on BBRI Then if its like this, who you gonna blame, huh?",bbri
2026-04-23,"BBRI is almost hitting the monthly MA200. Go go, keep up the momentum in dropping",bbri
2026-04-23,"IHSG Technical View 23 April 2026 IHSG kemarin ditutup turun 0.24%, disertai dengan net sell asing ~1.04 Tn. Saham yang paling banyak dijual asing adalah BBRI, BMRI, BBCA, BRPT, dan TLKM.",bbri
2026-04-23,Bbri.2h Designed by haji erick tanaka,bbri
2026-04-23,"Rupiah melemah IHSG jeblok, BBRI terjun bebas.",bbri
2026-04-23,"guys, are you all safe?",bbri
2026-04-23,The stench of $BBRI to 2000 is this,bbri
2026-04-23,Queen BBRI stays loyal to King BBCA,bbri
2026-04-23,Udh 3 hari ini $BBRI jadi top net foreign sell. Gila asing barangnya nggk abis2 cok.,bbri
2026-04-23,"@marvelle_danny If the 2900 event really happens, all the C.L. will just go into that one After that, take a break from playing the stock market...",bbri
2026-04-23,"Fun stuff to write for #BBRI shareholders (Im still learning from my teacher, the Dragon—so dont take this writing as gospel) BBRI Update – April 23, 2026 Price closed today at Rp 3,160 Correction from the peak of Rp 6,450 (March 2024) is already -51%. Maybe lots of",bbri
2026-04-23,$BBRI mencetak harga terendah selama 5 tahun terakhir.,bbri
2026-04-23,"Bbri 3160 pyuh pyuh, its really heavy. Closing my eyes until May 8th",bbri
2026-04-23,$BBRI SO EXCITED.,bbri
2026-04-23,"Sayangnya tu duit nganggur opa. Coba beli BBRI pas cumdividen kemaren Kita pake kurs 17.100, harga BBRI 3340 didapat jumlah saham 1.854.069.767.442 lembar. Dividen yg didapat 1.854.069.767.442 x 346=641.5 T Lumayan kan opa buat support MBG. Jgn sampe kelewat lagi ini masih ada",bbri
2026-04-23,Close $BBRI skrng diharga 3.160 terendah selama 5 tahun terakhir. Gk beres nih market sekelas $BBRI dibiarin jatuh sampe terendah selama 5 tahun terakhir.,bbri
2026-04-23,"Wheres the entry point for BBRI at, guys? #ishg",bbri
2026-04-23,Yesterday I used my BBCA dividend to buy BBRI. *ngikik.,bbri
2026-04-23,"THREAD: BBRI at 3.250 — Cheap or Still Dropping? 1/ Shares of Bank Rakyat Indonesia (Persero) Tbk ($BBRI) are currently in the 3.250 area (+0.31%). But looking at the 1D chart, the short-term trend is still bearish. Lower highs and lower lows are still forming. 2/ From",bbri
2026-04-23,GOBLIN SO FUCKING STUPID DUMBASS EVEN MORE HORNY AS FUCK THIS BITCH JUMPS AROUND SO WILDLY GODDAMN FAKKK,bbri
2026-04-23,"Jakarta matlis, BBRI drops all the way to the Earths core, already so damn tiring",bbri
2026-04-23,Warning $BBRI on its way to 3020 Strong support from the last 3 years has already been broken,bbri
2026-04-23,Kalo ini ICBP wkwkwk,icbp
2026-04-23,"Its been a while since I checked, surprised by ICBP and its price like INDF",icbp
2026-04-23,ICBP makin junammmm. Dont wanna buy Indomie first till it goes back to 8000s. Eat Mie Sedap first,icbp
2026-04-23,"CNMA BEP: - fee, get dividends later +0.6R ICBP yesterday cl: -0.8R Remaining JKON still FP,",icbp
2026-04-23,"$BBRI, $KLBF, $ICBP are forming new lows today. The lowest price in the last year. Is it the right time to buy? If it were me, Id definitely buy in gradually",icbp
2026-04-23,How the hell was a policy like this even made? Damn my country TLKM plummets on the exchange floor,tlkm
2026-04-23,darling dear... so dear.. my isat and TLKm are down... hopefully tomorrow Friday ARA...,tlkm
2026-04-23,Peruri sub nya ke tlkm,tlkm
2026-04-23,"back then $TLKM was the one who wanted to make something like this, in my tribe the ones who at the very beginning when there was gonna be MBG prepared the basic concept wkwkwkw",tlkm
2026-04-23,"Gw compare in tmus sama tlkm aja tlkm kalah jauh, tlkm 12 tahun cuma jalan di tempat,dan ya 2014 itu usd masih 12k an sekarang udah 17,3k ga worth sumpah investasi di indo,obligasi pun kalah loh walau usd yield nya lebih kecil tapi klo di compare tetep untung beli obligasi usd",tlkm
2026-04-23,tlkm kenapa daaah,tlkm
2026-04-23,"Dang, stuck in TLKM, bro, entry at avg 3000, whens it gonna get picked up? Or can it turn a profit?",tlkm
2026-04-23,"One of the key metrics we review in the TLKM analysis is the magnitude of free cash flow. The latest figure for 2024 is Rp32.14 trillion (Rp324/share) per year. This is truly cash that can be rotated after investment needs are met. Latest share price: Rp2,880 (23/4/2026).",tlkm
2026-04-23,TLKM kenapa ya?,tlkm
2026-04-23,"Coba deh kalian latihan baca broksum per hari ini : - PTRONK BRPT BREN - BAVU MINA - TLKM - BUMI DEWA (2 ini paling susah) - BULL - ENERGEN MEDCUY - MBMA Menarik bgt pasti hari ini broksumnya. Pasti nih, pasti kemungkinan besar ritelnya optimis akhirnya digorok Big Circle",tlkm
2026-04-23,"IHSG Technical View 23 April 2026 IHSG kemarin ditutup turun 0.24%, disertai dengan net sell asing ~1.04 Tn. Saham yang paling banyak dijual asing adalah BBRI, BMRI, BBCA, BRPT, dan TLKM.",tlkm
2026-04-24,Fate of BUMI Stock Similar to BBRI #saham #infosaham #investasi,bbri
2026-04-24,POPULAR NEWS: Foreigners Sell Off BBRI Shares Until BEI Sanctions Hundreds of Issuers #saham #infosaham #investasi,bbri
2026-04-24,"BBRI Stock Outlook, Price Could Reach This Level #saham #infosaham #investasi",bbri
2026-04-24,Aggressively Battling BBRI Stock #saham #infosaham #investasi,bbri
2026-04-24,"Damn! BBRI and BBNI just finished paying out dividends and their prices are dropping even further— is this because their net income is down in 2025, or are the big banks just in a downtrend overall?",bbri
2026-04-24,"If youre sure foreigners already know = thats a bad sign If youre sure foreigners dont know = yeah, it means theyre playing it safe, not wanting to gamble on something that could blow up So theres no direction for already know and looks good (accum like that)",bbri
2026-04-24,"Holy crap, $BBRI hit with 1.7 trillion corruption in palm oil credit? @grok confirm the details and ask for the news link",bbri
2026-04-24,"Sometimes, exiting isnt because the stock is bad, but because theres another attractive stock out there. By chance, back then I sold BBRI at 6075, because I swapped it for TOTL at around 400. The dividend yield was the same, but TOTL had greater growth potential. A year",bbri
2026-04-24,BBNI ≈ 2400 BMRI = 2900 BBRI = 2000,bbri
2026-04-24,Nestapa Shares $BBRI,bbri
2026-04-24,"BRI Buddy, get ready to have fun with Judika at BRI Consumer Expo 2026 Surabaya 24 - 26 April 2026 Mall Ciputra World Surabaya Enjoy special offers, exciting entertainment, and unforgettable experiences. See you there, BRI Buddy. Check here http://bbri.id/consumerexpo",bbri
2026-04-24,"#IHSG ditutup -2,16% ke 7.378,61. Tekanan utama: DSSA, BREN, BBRI Penopang: ENRG, MEDC, ESSA Highlight: DMAS pra-sales Rp561,43 M | ASII dividen Rp390/saham Watchlist: SRSN, ALII, ELSA, ACES, MYOR #sahamindonesia #StockGains #StockFocusnews",bbri
2026-04-24,"Big banks are being thrown into total chaos right now, especially $BBRI & $BBCA Is the best strategy right now, adjusted to risk, to hold USD?? My guru who taught me to hold foreign currency: @kepodang____",bbri
2026-04-24,"Kalo merah jangan lupa cutloss, belajar disiplin $BBCA $BBRI",bbri
2026-04-24,"Only under the current Presidents regime are king $BBCA and queen $BBRIs stock prices getting wrecked like this, even though their performance is totally fine. What can you do, having a President whos totally clueless about macroeconomics—what do you expect?",bbri
2026-04-24,"S1 udah... lagi lanjut S2 Ribbon ada sedang cicil BTC invest ems & tanah, ETH, Bbri panghasilan dua digit rumah claster siap huni apa kalian iri dengan pencapaian gue ???",bbri
2026-04-24,$BBRI day by day is turning into $MDIY,bbri
2026-04-24,"$BBRI monthly chart. Guess, how long more do we need to touch under 3k?",bbri
2026-04-24,damnnnnn bbri gila kali turun mulu avg gue 3.7k bjirrr,bbri
2026-04-24,Bbri jg sama sama bikin istighfar sama bbca,bbri
2026-04-24,"$BBCA 6.050 $BBRI 3.070 $BBNI 3.770 $BMRI 4.500 Still asking, guys are confused + daydreaming because of what",bbri
2026-04-24,this if you get a headache from 2 is crazy tho,bbri
2026-04-24,"IHSG drops. BBCA stock drops. BBRI stock drops. Rupiah plummets. Something bad is coming, guys.....",bbri
2026-04-24,"BBCA do macro (IDR 17,300) BBRI combination of fundamentals + macro BBCA (left) contains foreign funds, weak IDR has led to a lot of exits. Fundamentals are still solid BBRI (right) its fundamentals are increasingly deteriorating, main catalyst Kupedes (rural general credit)",bbri
2026-04-24,"Today, those who bought BBCA and BBRI got hit with the mocking memes Even though its their own personal money, right...",bbri
2026-04-24,Nyangkut di BBRI,bbri
2026-04-24,"Fitch Ratings downgrade outlook 4 bank BBCA, BBRI, BMRI, BBNI",bbri
2026-04-24,BBRIs price is already like it was back in the COVID era wkwkwkw,bbri
2026-04-24,"There are still BBRI and BSSR, there are many other portfolios that are even worse than this, bro, most of them are filled with silly stocks",bbri
2026-04-24,"Im so freaking down looking at BBRI and BBCA, man.",bbri
2026-04-24,"But yeah fr, BBCAs drop is hitting me so hard mentally from 9k down to 6k. BMRI 5k to 4k, BBRI 4k to 3k ‍‍‍‍",bbri
2026-04-24,A strong signal that BBRI is gonna tank tomorrow Monday..,bbri
2026-04-24,"IHSG Dibuka di Zona Merah, Saham Perbankan dan Energi Serempak Melemah https://bitvonline.com/ekonomi/65071/ihsg-dibuka-di-zona-merah-saham-perbankan-dan-energi-serempak-melemah/#IHSGHariIni#IHSGAnjlok#BursaSahamIndonesia#BBRI#BMRI#BBCA#SahamIndonesia#PasarModalIndonesia#RupiahMelemah#NilaiTukarRupiah#EkonomiGlobal#SelatHormuz#bitvonline#jumat",bbri
2026-04-24,"Entry bbri pas 4.450, BRIS pas 3.300 now just smile",bbri
2026-04-24,"Youre right. The price from August-October 2020, during the COVID era. So if you just got into BBRI during COVID, the price was like, more or less haha.",bbri
2026-04-24,"I bought BBRI at 3,200 thinking it was already at the bottom, but then it closed even lower in the end.",bbri
2026-04-24,6: serok BBRI di harga bajaj.,bbri
2026-04-24,"BBRI 2000, assuming earnings drop to 50T, what would its dividend yield be?",bbri
2026-04-24,Juga buat holder $BBRI yang nyangkut di 5.000,bbri
2026-04-24,"IHSG Technical View 24 April 2026 Yesterday, the IHSG closed down 2.16%, accompanied by foreign net selling of ~1.36 Tn. The stocks most heavily sold by foreigners were BBRI, BMRI, ASII, BBCA, and UNVR.",bbri
2026-04-24,"Damn, BBCA got massacred by the Chinese -5% today, BBRI at 3080 -2% even worse. Already rich like Pepe lololol BCA dividend to stakeholders 5%, the ones who are stuck. Hold for 20 years just to break even, BBRI price 3080 vs 25 dividend at 345/share, better off holding 9",bbri
2026-04-24,"Hello bbca, how are you bbri?",bbri
2026-04-24,Crying seeing BBCA BBRI,bbri
2026-04-24,"BBCAs book value is Rp 2300/share. Foreigners are reluctant to buy at too high a price, especially with a 4% dividend. Theyd rather buy BBRI if its Rp 3000/share with a possible 12-15% dividend. Bro..",bbri
2026-04-24,"BBRI masih jd andalan, terbukti diupayakan average down",bbri
2026-04-24,Gua nyicil bbri.,bbri
2026-04-24,"I forgot that if BBRI has dividends, I could finally break even with the loss. This BBCA one is the one with no cure.",bbri
2026-04-24,BBRI sudah -50% dari ATH,bbri
2026-04-24,Monitoring ADRO & BBRI statistics,bbri
2026-04-24,"Bbri because the effect is already over, cum date is done too, right?",bbri
2026-04-24,"maybe wanna DCA in $BBRI, bro; so its like a long-term savings too; hoping for dividends as well *maybe",bbri
2026-04-24,"Buy bro, BBRIs price is dirt cheap, its dividend can hit 15%. Only idiots [would think otherwise]. Foreigners are stirring up issues like this to scoop up BBRI at bargain prices.",bbri
2026-04-24,"The total daily transaction volume on the stock exchange lately has sometimes been less than 15T. And this morning, the foreign outflows from BBCA, BBRI, and BMRI alone have already nearly hit 2T. If you really think about it, youll realize how crazy this is.",bbri
2026-04-24,waiting until its on par with $BBRI,bbri
2026-04-24,bbri syalan,bbri
2026-04-24,Me when I see the $BBRI price keeps dropping.,bbri
2026-04-24,"as a bbri buddy and this dream, this saying I always hold onto its so cool, that 10% fl Im still waiting for the dividends",bbri
2026-04-24,"Why are foreigners dumping big banks? Because the Rupiah is plummeting - Foreigners bought BBCA/BMRI/BBRI when USD/IDR was at 16,000 - Now Rp at 17,300 -> depreciation -8% - For example, if the stock rises 5% in Rp -> converted back to USD, the return becomes negative (-3%) So",bbri
2026-04-24,"If were talking fundamentals, BUMN banks are everywhere, even in the remotest corners—who wouldve thought that today #BBRI could tumble back to a price from 5 years ago",bbri
2026-04-24,"Cringe, becoming a bum, damn it BBCA 6300 BBRI already at 3120.",bbri
2026-04-24,It turns out that BBRI has now entered the accumulation area between 2100 - 3400. This is at least a bit better than BBCA.,bbri
2026-04-24,"BBCA, BMRI, BBRI.",bbri
2026-04-24,"Bought BBRI at 3400-3600 thinking thered be upside, turns out I got wrecked",bbri
2026-04-24,BBCA BBRI BMRI Cring jadi gembel,bbri
2026-04-24,"People are so damn desperate to own a WBS that theyre willing to buy it for over 3000, your negotiation gets rejected because its trying to save you from an insane price, but instead yall are hell-bent on getting it at a high price, right there 3k, think about it first why",bbri
2026-04-24,"A few days ago, I happened to scoop up $BBRI, but it turned out the momentum was off, and I immediately cut my losses again because of concerns it might drop even deeper. Turns out my hunch (by chance) was right.",bbri
2026-04-24,"Bbca bbri orgil sih. Mw ada apaan dh? Pak prabowo, tolong liat kondisi lapangannnn. Bapak ngejabat 1 tahun, tapi ihsg kebakarannya udh ga tau brp kali",bbri
2026-04-24,"Fitch downgrades outlook for 4 major Indonesian banks namely $BBCA $BMRI $BBRI $BBNI amid fiscal and global pressures. What do you think, is this just temporary sentiment or the start of pressure in the banking sector? $IHSG #fitchrating",bbri
2026-04-24,"The big banking sector is solidly red, starting from BBCA, BBNI, BBRI, BBTN, BMRI, BRIS all the way to SUPA. But whats interesting isnt just its dropping again, but rather the signal that the market is getting more sensitive to macro sentiment, interest rate expectations,",bbri
2026-04-24,kacau bbri wkwkwk,bbri
2026-04-24,$BBCA $BBRI cheap stocks or just cheapo ones?,bbri
2026-04-24,Thanks #BBRI for the 209/share,bbri
2026-04-24,"From the 5Y BBCA chart (down from ~11k to 6,300) & BBRI (down from ~6.4k to 3,100), these two big banks are having issues right now. Possibilities: banking liquidity pressure, high interest rates causing non-performing loans to rise, or a signal of a slowing RI economy. Could",bbri
2026-04-24,"In 2020, $BBRI was 2100, how on earth are we heading back there",bbri
2026-04-24,mau dibawa kemanee bbri gwwwwww,bbri
2026-04-24,"Last October, selling BBRI was already tough at 3650. Now its even more of a total wipeout like this.",bbri
2026-04-24,"Kalau BBCA & BBRI lagi bermasalah gini (chart 5Y-nya jelek banget), biasanya IHSG ikut anjlok atau sektor perbankan bikin sentimen negatif ke pasar secara keseluruhan. Tebakan gue: pasar saham lagi lesu, koreksi gede sebentar lagi!",bbri
2026-04-24,"Yesterday, the stock I bought spiked up a bit percentage-wise, but now its tanked again—for the second time, I cant handle holding on anymore",bbri
2026-04-24,"Usually, when BBCA & BBRI are like this (5Y chart dropping from its peak), its a signal that the banking sector is weakening. Could be due to high BI interest rates, rising non-performing loans, or investors pulling out to other assets. What often happens: IHSG follows the",bbri
2026-04-24,"Back then, seeing BBRIs price at 3500 seemed attractive, now even looking at 3000 still feels worrying, like its probably gonna slide even deeper",bbri
2026-04-24,"Im more bullish on BTC (65k), just taking profits from it, then not getting back into the IHSG....",bbri
2026-04-24,Im opening to see this BBRI stock,bbri
2026-04-24,"A bit shocked that BBCAs price now is the same as in 2021. BBRI is even worse, lower than in 2021. The rupiah is weakening more and more, damn, 1 dollar is already around 17,200. A sign that Indonesia is indeed NOT OKAY! Wheres that promise of full throttle, full throttle?!",bbri
2026-04-24,"Banking stocks dropped this morning Rupiah weakens + Global risk off -> Foreigners exit -> Banks become sell targets If the drop happens together, its usually a macro issue, not fundamentals #ihsg #bbca #bbri #bmri #bbni #banking",bbri
2026-04-24,"It seems like BBRI will drop to the 2900s, huh? Is this because the latest outlook rating from Fitch came out? https://tempo.co/ekonomi/fitch-ratings-turunkan-outlook-4-bank-ri-2131074Thisisdeeplyinthered@BANKBRI_IDDosomethingaboutit,comeon.",bbri
2026-04-24,-20% di bbri,bbri
2026-04-24,"$BBCA wanna make the Mariana Trench or what? lol $BBRIs diving too, Im just watching lmao",bbri
2026-04-24,"Not my portfolio. Found it uploaded on a forum. Capital 4M Entered $BBRI 1.4M avg 4,600 The rest in $BUMI $INET and $BSSR decent portions And a little taste in $BRPT (ignore $AADI worm lots) Actually this is already OK, right, But it really looks like true SPECULATION",bbri
2026-04-24,"bbri, can you shut up? youre always getting down, wei",bbri
2026-04-24,"lets see who finishes first, bbca 6000 or bbri 3000",bbri
2026-04-24,"Terpantau masih alot, BBRI yang kukira paling stabil nomor 2 setelah BCA, bisa ke angka ini. Apakah tembus dibawah 2500? Gmn kabar bank lainnya KLO dia aja ga stabil gini.",bbri
2026-04-24,Bbri 1500 aja anjing sekalian,bbri
2026-04-24,"The latest NPL gross BRI (full year 2025) is 3.29%, up from 2.94% in 2024. NPL net is 0.96%. Coverage ratio remains strong above 180%. Data from official BRI IR. Regarding the BBRI/BBCA chart you replied to, this NPL is still under control despite the slight increase.",bbri
2026-04-24,"BBRI was already at 3,100 last time I checked, day before yesterday it was still 3,270 tho",bbri
2026-04-24,"Day in and day out, Im dizzy looking at my portfolio thats full of BBRI, BBCA, TLKM :)",bbri
2026-04-24,"StuPa AkSi KOmMODO CUAN BY JO 1-2-5: 27 Februari 2026 s.d. 24 April 2026, perang Iran: T: saham2 top terguncang: rencana AkSi: matang CUAN waj1b NAEK: BBCA BBRI BREN BUMI BYAN DSSA GOTO MAPI PGAS",bbri
2026-04-24,"There are 900 issuers here, folks are crazy about BBRI and BBCA, even though the Chinese bosses fund it all from the peoples money—its weird, theyre so thrilled to be exit liquidity, lol, lol, Chinese",bbri
2026-04-24,"bbri is finally recovering recovering, been waiting forever for the right moment to try stocks, but then when I finally have the money, the countrys just going crazy",bbri
2026-04-24,Bbri and bbca so far bro lolololol,bbri
2026-04-24,"Maybe its already hopeless with that, so lets just stick to the bluechip ones—minus, who knows, the mini-mini ones could still turn a profit, but damn, ended up joining the minus club too wkwkwkw",bbri
2026-04-24,Harganya udh balik ke jaman covid lagi ini bbri,bbri
2026-04-24,Bbri mah overproce njir harusnya dah 2000 an ini,bbri
2026-04-24,"Timothy was once advised by Andre Hakim, why doesnt Andre Hakim ever invest long-term in BBCA?? His answer: its owned by a conglomerate, high PBV and low dividend . Thats why Andre Hakim plays it safe with BBRI, BMRI, BBNI.",bbri
2026-04-24,"Hahahaha, it means the foreigners have lost their appetite for BBCA . BBRI, the foreigners will definitely scoop it up again.",bbri
2026-04-24,BBRI mau aman,bbri
2026-04-24,"Try explaining where the current economic policy direction is heading and who its meant to benefit? The general public? Just look at the results—global investors are pulling their funds from the stock market... fear... like it or not, BBCA and BBRI are symbols of global",bbri
2026-04-24,"Im at BBRI, its like this but still a bit covered by the dividend. BBCA is just waiting to get in.",bbri
2026-04-24,"Shares of PT Indofood CBP Sukses Makmur Tbk (ICBP) have continued to face pressure in recent times. The stock of that instant noodle and snack producer, part of the Indofood Group, has been impacted by negative sentiment stemming from the war in the Middle East. ICBP shares hit",icbp
2026-04-24,"#ICBP produsen Indomie, break low di bawah 7000 jadi sama seperti 2016 sepuluh tahun yang lalu. #USDIDR sudah di 17300-an. mau dibawa kemana hubungan kita... #IHSG #IDR",icbp
2026-04-24,On this day $ICBP masuk kepala 6 Padahal labanya terus bertumbuh Akankan jd peluang?,icbp
2026-04-24,Indofood $ICBP shares officially plummet below the past 10-year low. A level once thought impossible to touch is now right in front of us,icbp
2026-04-24,"Elsa is clean. Wanted to enter earlier but it didnt match, so no chasing the top—conditions with the burning IHSG, ugh. ICBP is stuck, dont dare to cut loss, holding as a dividend machine—worth it or not, right?",icbp
2026-04-24,"Selamatkan dari ICBP telat keluar masih nyangkut parah avg 8ribuan Elsa kemarin masuk 785, hari ini tp sebagian di angka open 820, dan sisanya untung bisa keluar di 790 sebelum ikut keseret close di 780",icbp
2026-04-24,24 April 2026: IDX Composite ambrool: +141.18%: +16.53%: ADRO AMRT APLN ARTO ASRI BBRI BLTA BNII BREN BUMI BYAN CLEO CPIN DSSA ELSA EXCL GOTO GPSO HERO IMAS INDY KAEF KEJU LAJU MAPI MIDI MYOR PGEO TAYS TLKM UNVR,tlkm
2026-04-24,Averaging down just makes it sink even deeper: tlkm,tlkm
2026-04-24,"Check this out. Am I just talking out of my ass when I was yapping about TLKM BUMI BULL? Today I bought some but since the dump was brutal I just sold it, my capital hasnt even hit 3 digits bro (2 digits though already). I cant handle holding through that kinda thing cuz I",tlkm
2026-04-24,"I made a mistake with the name, Im only human after all BULL if it breaks 535 Ill fully exit PTRONK empty BUMI still holding GOCAP ... (if it drops below 53 Ill really go all in, thanks to BIPIs TP) TLKM already got, still holding Bang BECA already got, still",tlkm
2026-04-24,Some that are going against the current BIPI BUMI PTRONK TLKM BECA BULL MBMA ENERGEN,tlkm
2026-04-24,"I rebooted using TLKM and TR1, its safe, sis",tlkm
2026-04-24,"Fiirrrsstttttttttt. Today I really didnt pay much attention to: BIPI BULL TLKM PTRO BECA BUMI I didnt have time for the others at all because my schedule was packed all day (gonna release something soon, pray it goes smoothly HAHAHAHAHA). Earlier I even had to postpone my",tlkm
2026-04-24,"Man, I just hope.. the dividend is at least 7.6%, and LPPF next year also gives a big dividend. Thats all I want. Im closing the book on the bank",tlkm
2026-04-24,Tlkm makin anjlok Apa gara2 batal dividen,tlkm
2026-04-24,"Talking about Telkom Indonesias future growth turns out to be more than just numbers going up and down. According to Mr. Seno Soemadji, Director of Strategic Business Development & Portfolio, theres pretty strong optimism for the growth direction through 2030. Behind that,",tlkm
2026-04-24,"Bet on low TLKM (again), Bang BECA Very very low",tlkm
2026-04-24,"TLKM: Spec Buy Buy at 2880, cutloss below 2820. Target nearby at 2920-2960 PGEO: Spec Buy Buy at 1020-1025, cutloss below 1000. Target nearby at 1040-1060.",tlkm
2026-04-24,"Day in and day out, Im dizzy looking at my portfolio thats full of BBRI, BBCA, TLKM :)",tlkm
2026-04-24,"Sektor bank besar lagi kompak merah mulai dari BBCA, BBNI, BBRI, BBTN, BMRI, BRIS sampai SUPA. Tapi yang menarik bukan sekadar lagi turun, melainkan sinyal bahwa pasar lagi lebih sensitif ke sentimen makro, ekspektasi suku bunga, dan tekanan profit-taking setelah reli",bmri
2026-04-24,perasaan bmri dulu 6k,bmri
2026-04-24,"Timothy pernah di nasehati oleh Andre Hakim, mengapa Andre Hakim tidak pernah investasi jangka panjang di BBCA?? Jawabannya andre hakim, itu punya konglo, PBV tinggi dan dividen rendah . makanya Andre Hakim main aman di BBRI, BMRI, BBNI.",bmri
2026-04-24,"Fitch Ratings downgrade outlook 4 bank BBCA, BBRI, BMRI, BBNI",bmri
2026-04-24,"salah satu fitur dari kopra @bankmandiri yang gw suka adalah ini : bisa login multiple akun, iklan ini tidak disponsori oleh agency ataupun bank manapun tapi kalo mau ngasih BMRI 100 lot, nanti saya DM nomer SIDnya terima kasih",bmri
2026-04-24,BBNI ≈ 2400 BMRI = 2900 BBRI = 2000,bmri
2026-04-24,"Trus trus, dengan menurup lebih baik, kan keringetan heboh ye kan mengucur deras, itu tiap detiknya allah kasih pahala, udah kek dividen BMRI ngucur juga pahalanya, karena Allah kaya menghargai usaha mba mba ini untuk menahan ga bugil saat itu juga karena kegerahan.",bmri
2026-04-24,"Bbca tuh kurang menarik apalagi dari segi dividen investing pelit kasih dividen, masih mending rival terkuat nya BMRI , yield tinggi, anggap saja deposito, selama Indonesia ga bangkrut sahamnya masih kasih dividen dan bisa kalau ekonomi membaik bonusnya dpt capital gain",bmri
2026-04-24,Klo BMRI megang berapa bang?,bmri
2026-04-24,$BBCA 6.050 $BBRI 3.070 $BBNI 3.770 $BMRI 4.500 Masi nanya laki-laki bingung + ngelamun karena apa,bmri
2026-04-24,"Harusnya si serok tp males BBCa pelit ngasih dividen , ku tunggu BMRI rontok biar serok , anggap saja taruh uang di deposito dengan bunga mendekati 8 persen",bmri
2026-04-24,masih ada barang lagi di BMRI mau cabut tapi cuma selot wkwk,bmri
2026-04-24,"Tapi emang iya njir terjunnya bbca ini kena mental bgt dari 9k sampe 6k. Bmri 5k ke 4k, bbri 4k ke 3k ‍‍‍‍",bmri
2026-04-24,ex BMRI ga kaleng kaleng,bmri
2026-04-24,"anjay makin minus bbca gua, cuma bmri yg masih hijau",bmri
2026-04-24,"bbca, bbri, bmri nyangkut nyangkut",bmri
2026-04-24,Yahaha Yuk pindah ke BMRI,bmri
2026-04-24,"https://x.com/LambeSahamjja/status/2047548619121975368$BBRI$BBCA$BMRI$BBNIdituruninratingnyasamaFitchRating.Jdakanturunteruskedepannya$IHSGReboundpaling1%-1,2%,trsturunpelan2",bmri
2026-04-24,Tapi lu udah nonton yutubnya Timothy yg analisis saham bbca bbri bmri apa blm bang?,bmri
2026-04-24,ISAT dikeluarkan dari IDX30 digantikan oleh $ADMR Sumber: https://theeconopost.com/bei-rombak-saham-blue-chip-lq45-hingga-idx30-ctra-bren-hingga-heal-terdepak/,isat
2026-04-24,24 April 2026: IDX Composite ambrool: +141.18%: +16.53%: ADRO AMRT APLN ARTO ASRI BBRI BLTA BNII BREN BUMI BYAN CLEO CPIN DSSA ELSA EXCL GOTO GPSO HERO IMAS INDY KAEF KEJU LAJU MAPI MIDI MYOR PGEO TAYS TLKM UNVR,unvr
2026-04-24,"This stock is too big to fail.. I dont hope its like UNVR or GGRM, but YTD theres already foreign outflow of 21T.. Rise, knight, rise and stand!! With a sense of love, afraid of being defeated..",unvr
2026-04-24,https://sneobar2.carrd.codisininihkaamurah,unvr
2026-04-24,"Amit-amit, jangan sampai deh BBCA nyusul nasibnya kaya UNVR Harga UNVR setelah stock split di 2020 sempat di 8.000-an, dan harga terakhir hari ini nyentuh 1.575",unvr
2026-04-24,"Time is not going down, it keeps breaking through support, and there are also people saying there will be new rich folks.",unvr
2026-04-24,"Growths growth is indeed big, but UNVR is already overvalued, and its annual profit is still way behind BCA",unvr
2026-04-24,"Theres something called fundamentals, bro. As long as the fundamentals dont change, dont sell it. Everything thats shown changes, but the fundamentals? UNVRs sales are dropping, cigarettes too because of excise taxes and lots of fake cigarettes, etc.",unvr
2026-04-24,"Wkwk makasi bang bantu cari datanya, saya jga ga mau bbca kek unvr, tpi pemerintah kita kek beginih",unvr
2026-04-24,"Ia betul , asal tau aja aturan mainnya, saham indo nga ada everlasting, hrs jual semua suatu saat nanti, contoh ? HMSP, UNVR, MAYA,BBCA Km lbh hafal lah drpd sy, next UNTR calon",unvr
2026-04-24,"Banned by UNVR, bro? Seriously?",unvr
2026-04-24,"Arent you thinking about what happened to the people who already HAKA in UNVR, BBCA, and other blue-chip stocks, especially those who put their retirement savings there?",unvr
2026-04-24,"Minimal explain why its different, bro, youre so skilled Both are LQ45 Both pay dividends, even bigger for UNVR, Growth UNVR > BBCA In this messed-up economic situation, IDR all-time low, APBN deficit, give some enlightenment instead of yapping like youre elite—why cant",unvr
2026-04-24,"Whats the difference? Unvr was the market leader back then too, no one thought itd drop to the current price, right? But then the market is the one who decides.",unvr
2026-04-24,"UNVR kena dibagian fundamental nya bang, ekspansi produk? udah mentok sampe papua. mau bikin produk lain? udah banyak produk subtitusi non premium dengan harga lebih murah. dan ulti nya? kena cancel produk2nya karena boikot. BBCA? ya beda abangku.. efek sentimen eksternal",unvr
2026-04-24,BENA WILL NOT ACCUMULATE $UNVR AT 870.,unvr
2026-04-24,"IHSG Technical View 24 April 2026 Yesterday, the IHSG closed down 2.16%, accompanied by foreign net selling of ~1.36 Tn. The stocks most heavily sold by foreigners were BBRI, BMRI, ASII, BBCA, and UNVR.",unvr
2026-04-25,"The Impact of the Elephant Foot Yam on the Fall of BBCA, BBRI, and Other Stocks #saham #infosaham #investasi",bbri
2026-04-25,BBCA BBRI & Co. Stock Calculations: Could It Reach This Point? #saham #infosaham #investasi,bbri
2026-04-25,"motivation to hold BBRI: just hoping to be granted a long life, thats all.",bbri
2026-04-25,"> Transfer the Budget Balance Surplus (SAL) of 300T to the State-Owned Banks Consortium (HIMBARA), namely BMRI, BBNI, BBRI, BRIS, BBTN > OJK encourages banks to finance MBG + red-white village cooperatives Connect the dots",bbri
2026-04-25,"The Saturday market is closed, bro. Last week I used it all up on BBCA and BBRI.",bbri
2026-04-25,Bbri mengsedih,bbri
2026-04-25,Is BBCA and BBRI junk stock?,bbri
2026-04-25,"Nah, if were talking about the queen, $BBRI is honestly pretty intriguing, though. At the current price, BRIs stock has already hit a 1-year, 3-year, even 5-year all-time low!!! So what do you think, guys? Good entry price or just wait for it to dip even deeper? Share your",bbri
2026-04-25,Gw Serok bbri kemarin,bbri
2026-04-25,"Ok dont just talk but show it with actions, each one 5 billion then it can be seen in the portfolio",bbri
2026-04-25,"It was already good—sold BBRI and took the profit, but then went back in and now its stuck. Wkwkkw",bbri
2026-04-25,"The MSCI effect here is long-lasting in terms of sentiment. Last Friday, foreigners NET SOLD Rp 2 TRILLION. The big banks that usually act as a fortress: BBCA: -Rp 1.3–2.1 T BBRI: -Rp 287–447 M BMRI: -Rp 192–619 M The paradox: The fundamentals of these banks havent changed",bbri
2026-04-25,"Just found out TradingView has a technicals menu by sector, and the big banks $BBCA $BBRI $BMRI $BBNI are in strong sell",bbri
2026-04-25,"Try charting BBRI, bro I wanna collect some too But roughly around what area?",bbri
2026-04-25,"Im optimistic, bro, with Indonesias demographic bonus. Youre chronically stupid . Youre proud that foreigners are scooping up the IHSG, you should be investing in the IHSG instead. Especially BBRI, now the price is rickshaw-cheap",bbri
2026-04-25,"Those with idle money, nows the time to scoop up shares of BBCA, BBRI & BBNI.",bbri
2026-04-25,"From its chart, it doesnt look appealing either, this BBRI",bbri
2026-04-25,"Shocked to see Big Banks stocks like BBCA, BBRI, and others drop hard yesterday, with the IHSG plunging to 7,129 and the Rupiah tanking to Rp 17,300? Heres the summary I got from the Fitch Ratings report that caused all this. Fitch Ratings officially gave a BBB rating to",bbri
2026-04-25,"Sounds fake, man.. last year there was one too and it pumped like crazy, but yeah, thats how it goes, ended up in ruins.. Besides, CR7 doesnt play crypto, he prefers investing in BBRI",bbri
2026-04-25,Save in BBCA or BBRI? Like playing IPOs or long-term?,bbri
2026-04-25,Why is $BBRIs stock price dropping to 3000? Already bought 4 lots to get the avg price around 3300,bbri
2026-04-25,Beli BBRI,bbri
2026-04-25,"If BBCA I skip for now because its already clear, but for the outlook of state banks (BBRI, BMRI, BNI) this is already heading negative because reliance on government programs that not purely profit-driven could damage long-term asset quality and ..... (dunno hehe)",bbri
2026-04-25,from bbca 8000 also the narrative is like this those people from bbri 4500 said to be steal deal blablabla,bbri
2026-04-25,It’s only fitting that BBRI slides even deeper,bbri
2026-04-25,"So heres the deal, floating loss 49M, dividends 6M+6M. So total floating loss 49-12 = 37M. For those who love talking dividend investing, if you look at BU, its a mess in banking. Floating loss > dividend gains. For those still defending fundamentals, wake up, even on the 5Y",bbri
2026-04-25,bbri terjun bebas jir,bbri
2026-04-25,"Big Banks : Bank Central Asia (BBCA), Bank Mandiri (BMRI), Bank Rakyat Indonesia (BBRI) Uncle Bakrie : BUMI, BIPI, ENERGEN, BRMS Papi : PTRONK BREN CUAN Happy Dad : BAVU RATU Kakanda : ELSA Sinarmas Gang : DSSA BULL King Pandu : GOTO TLKM Pak Thohir (GOAT) : Trio AXXX EMAS",bbri
2026-04-25,"Just saw BBRIs final dividend schedule for today, immediately topped up my RDN on Pluang. Pretty sweet getting a 300k bonus plus 0% trading fee before the end of the month.",bbri
2026-04-25,"State-owned banks have so far been considered the safest investment instruments due to the implicit guarantee from the Republic of Indonesia. However, in its report, Fitch highlights a weakening in the Republic of Indonesias ability to provide support.",bbri
2026-04-25,Im so tired of averaging down BBRI. Stuck at 5200.,bbri
2026-04-25,"Ok TradingDiary2, this is an example of IHSG stocks that are close to the combination of 3 criteria (value + favored by big players/foreigners + good technicals) based on April 2026 data: - **BBRI**: PER ~8.2x (<15), PBV ~1.43x (<1.5), ROE ~17% (>15), reasonable bank debt,",bbri
2026-04-25,"Im so thrilled with the stock options on Pluang—its full of blue chips like BBCA and BBRI. Super helpful so I dont get stuck with junk stocks when MSCI is being this strict, and transactions are at 0% fee right now.",bbri
2026-04-25,"Hello Stef, I also have a charting test. Why is your chart different with the high at 5225? Whereas the high from BBRI is in the 6000s..",bbri
2026-04-25,"Based on these two presentation metrics of PT Telkom Indonesia Tbk (stock code TLKM), is their business doing okay?",tlkm
2026-04-25,Bukan TLKM ini ya?,tlkm
2026-04-25,"From my list, were checking the ones from lowest to highest, not all of them, since its just for reference because its a general thesis Low: BAVU (-11.81%) BIPI (-11.11%) PTRONK (-9.31%) RATU (-7.81%) BUMI (-6.09%) BCA (-5.84%) BULL (-4.50%) TLKM (-2.43%)",tlkm
2026-04-25,"Talk now at 2810, bro, which way is it going?",tlkm
2026-04-25,I just found out that TLKM is now under 3000,tlkm
2026-04-25,Buat pembanding ini pendapatannya. Courtesy: Analisis TLKM terbaru di Riset Bolasalju.,tlkm
2026-04-25,"Please let the private sector manage it if youre not up to it What a shame, really We hold shares in TLKM; if consumers lose trust and theres no service improvement, it could have a negative impact on TLKM itself",tlkm
2026-04-25,JAKARTA – The list of share ownership changes exceeding 5% on the Indonesia Stock Exchange (BEI) on Tuesday (21/4) shows the purchase of shares in state-owned telecommunications issuer PT Telkom Indonesia Tbk (TLKM) by The Bank Of New York Mellon. Read more:,tlkm
2026-04-25,"Big Banks : Bank Central Asia (BBCA), Bank Mandiri (BMRI), Bank Rakyat Indonesia (BBRI) Uncle Bakrie : BUMI, BIPI, ENERGEN, BRMS Papi : PTRONK BREN CUAN Happy Dad : BAVU RATU Kakanda : ELSA Sinarmas Gang : DSSA BULL King Pandu : GOTO TLKM Pak Thohir (GOAT) : Trio AXXX EMAS",tlkm
2026-04-25,"5.ISAT I prefer this over TLKM because by the end of 2025, ISAT rises from 1600 to 2600, or about 60%. Well, from 2600, its now back down nicely to under 2000. As long as its under 2000, I think its worth keeping an eye on.",tlkm
2026-04-25,JAKARTA – The list of share ownership changes exceeding 5% on the Indonesia Stock Exchange (BEI) on Friday (17/4) was enlivened by transactions in blue chip stocks by foreign investors. Read more: https://idnfin.id/a63214,tlkm
2026-04-25,"JAKARTA – PT Bank Mandiri (Persero) Tbk (BMRI) mencatatkan laba bersih konsolidasian naik 16,6% secara tahunan di kuartal I 2026, menyentuh Rp15,4 triliun. Baca selengkapnya: https://idnfin.id/a63207",bmri
2026-04-25,"Big Banks : Bang BECA (BBCA), BEMRI (BMRI), Bangbri (BBRI) Pakde Bakrie : BUMI, BIPI, ENERGEN, BRMS Papi : PTRONK BREN CUAN Bapak Bahagia : BAVU RATU Kakanda : ELSA Sinarmas Gank : DSSA BULL King Pandu : GOTO TLKM Pak Thohir (GOAT) : Trio AXXX EMAS My love : MEDCUY",bmri
2026-04-25,"Bank-bank BUMN selama ini dianggap sebagai instrumen investasi yang paling aman karena adanya jaminan implisit dari NKRI. Namun dalam laporannya, Fitch menyoroti adanya pelemahan pada kemampuan NKRI dalam memberikan dukungan.",bmri
2026-04-25,"> Purbaya tempatin Saldo Anggaran Lebih (SAL) 300T ke Himpunan Bank Milik Negara (HIMBARA), yaitu BMRI, BBNI, BBRI, BRIS, BBTN > OJK dorong bank biayai MBG + kopdes merah putih Connect the dot",bmri
2026-04-25,Boleh request BMRI pak?,bmri
2026-04-25,"efek msci ini panjang sentimennya. jumat kemarin asing NET SELL Rp 2 TRILIUN. Big banks yang biasanya jadi benteng: BBCA: -Rp 1,3–2,1 T BBRI: -Rp 287–447 M BMRI: -Rp 192–619 M paradoksnya: fundamental bank-bank ini nggak berubah signifikan dalam seminggu. yg berubah adalah",bmri
2026-04-25,"3 tahun terakhir big banks kita minus lumayan dalem, dan di BBCA BBRI & BMRI paling banyak seller nya adalah ZP.",bmri
2026-04-25,Andai masih punya amunisi aku serok semua tu BMRI BBCA. Kapan lagi bisa ningkatin cuan dividen,bmri
2026-04-25,"kalo bbca aku skip dulu karena udah jelas, but for outlook state banks (BBRI, BMRI, BNI) ini udah ke arah negative soalnya reliance ke program pemerintah yang not purely profit-driven bisa ngerusak asset quality jangka panjang dan ..... (ga tau hehe)",bmri
2026-04-25,"EVALUASI INDEKS SAHAM LQ45, IDX30, IDX80, BISNIS-27, MNC36, SMINFRA18, IDXESGL (Periode Efektif 04 Mei 2026 - 31 Juli 2026) INDEKS LQ45 *Baru : CUAN, DEWA, ESSA, HRTA, WIFI *Keluar : BREN, CTRA, DSSA, HEAL, NCKL INDEKS IDX30 *Baru : ADMR *Keluar : ISAT INDEKS IDX80 *Baru :",isat
2026-04-25,Kaya unvr gak sih? Harga jalan jualan sebelom berita jelek keluar.,unvr
2026-04-25,"UNVR from 11 rb, now already at 1 rb an, wont it be weird if BBCA from 10 rb drops to 1 rb an too. At that time, the real Middle Class will automatically become the Poor Class",unvr
2026-04-25,"Case $UNVR tuh asing jago sih udah berhasil kalkulasi sematang itu sampai bisa menyimpulkan “saatnya cabut” dari tuh saham perusahaan. Begitu downtrend, down terus secara konsisten sampai sejauh itu dropnya dari puncak",unvr
2026-04-26,Heavy Test for BBRI Shares #saham #infosaham #investasi,bbri
2026-04-26,Is BBRIs price at this level not sexy enough?? Shocked to see its yield has already hit double digits %,bbri
2026-04-26,"PT Bank Rakyat Indonesia Tbk (BBRI) successfully recorded impressive financial performance in early 2026. The companys individual net profit up to February 2026 reached Rp7.73 trillion, growing 17.04% year-on-year (yoy) compared to the same period in the previous year.",bbri
2026-04-26,"MBG DUMBASS, MY BBRI STOCKS TANKED, FUCKIN BULLSHIT",bbri
2026-04-26,"I want BBCA, BBRI, and ICBP stocks, 100k lots each.",bbri
2026-04-26,"BBRI focuses its products on loans to the public more and more people are failing to pay their loans, it indicates certain indicators you know which direction, right?",bbri
2026-04-26,I want to own 1000 lots of BBRI/BBCA stock,bbri
2026-04-26,"Pak, please help, Pak BBCA and BBRI are all red for me",bbri
2026-04-26,"I once hallucinated the $BBRI stock in the near future, if Im not mistaken that was February heading towards 6000s.",bbri
2026-04-26,bbca bbri menangis inimah,bbri
2026-04-26,"matang CUAN: April 7, 2026 to April 24, 2026: multiBAGGER: +1505.05%, +1642.50%: ADES ADRO AMRT ANTM ABMM ADMR APLN ARTO ASII ASRI BBCA BBRI BLTA BNII BREN BUMI BYAN CLEO CPIN DSSA ELSA EXCL GOTO GPSO",bbri
2026-04-26,"BBRI Stock Remains Attractive to Collect, Heres What Analysts Say",bbri
2026-04-26,"Smoothly achieving the profit forecast of IDR 75 trillion for BBRI; if 90% is distributed to shareholders, it would yield a dividend of IDR 500 per share. Even with just IDR 57 trillion in profit, BBRI distributed a dividend of IDR 350 per share.",bbri
2026-04-26,Its true that BBRIs dividend would be double digit assuming its earnings remain the same as last year.. But what if the earnings keep dropping instead?,bbri
2026-04-26,"BBRI is the most interesting. 1 BBRI stick now Rp 3080 per stick, with its fruit Rp 350 per fruit. Passive income from the fruit is 11.4%. Bro. If bought at Rp 3080.",bbri
2026-04-26,"Only the banking industry is making 50T+, just BBRI BBCA BMRI, how can you talk like that",bbri
2026-04-26,bbca atau bbri tad?,bbri
2026-04-26,"It just suddenly crossed my mind, yknow. Lately, Ive been seeing this narrative popping up everywhere like crazy—BBRI, BMRI, BBCA are already cheap, PBVs down two standard deviations, PEs at an all-time low. But have you ever thought that this cheap number might just be",bbri
2026-04-26,Pawning my late mothers certificate to scoop up BBRI . Got 2 million shares from early retirement from work. Pretty decent—get dividends of Rp 750 million a year..!!,bbri
2026-04-26,"Okay then, Ill pay in installments for BBRI and ICBP",bbri
2026-04-26,"Grab a BRI KUR loan to scoop up BBRI shares, a real lifehack",bbri
2026-04-26,"Withdraw funds from Himbara banks. MBG causes the prices of goods to rise, officials become rich, while the public remains poor. $BMRI $BBNI $BBRI $IHSG",bbri
2026-04-26,"Ive had my eye on BBRI for a while (for long-term holding min 10 years, so 10 years of dividends would cover the initial investment), but the stock price is still overvalued in my opinion, still waiting for it to drop to 2000-2800",bbri
2026-04-26,"Good point. Thats why I want to check how BBRIs progress is going this year, 2026. If so far so good, add",bbri
2026-04-26,"Hes a $BBRI stock seller, and back then his posts were telling people to buy when the price was above 3,800 or so.",bbri
2026-04-26,Bsk dividend BBRI cairr mayan buat jajanin si ayang bakso samrat wqwq,bbri
2026-04-26,"Because in 2025, PNM and Asset Management are still there In 2026, PNM and Asset Management will be separated from $BBRI, automatically the banks assets will decrease, revenue will decrease, profits will also decrease.",bbri
2026-04-26,"If its below 3K, its already worth saving for the future.",bbri
2026-04-26,"Ga muluk2, BBRI 6500.",bbri
2026-04-26,"In the capital market, the best strategy right now is to be selective & accumulate gradually. Big banking caps $BBCA $BBRI $BBNI $BMRI remain the mainstays, plus commodities $ANTM $MDKA boosted by gold prices & geopolitical dynamics. Disclaimer!",bbri
2026-04-26,$BBRI update Anyone still remember the fibo trading plan on the MONTHLY Timeframe? Update: BBRI is getting closer to the buy target price. Areas to watch: Monthly Fibo 78.6: Rp3030 Demand Zone: Rp2880-3030 *Dont try to catch a falling knife right away. But wait for a,bbri
2026-04-26,"BBRI, I think the downtrend is because: 1. the issue of customer funds being used for government projects 2. the case of fictitious palm oil credit up to trillions",bbri
2026-04-26,Lets see on Monday if $BBRI $BMRI $BBCA will add more junam,bbri
2026-04-26,"When stocks like $BBCA or $BBRI drop back to 2021 prices, a friend just sold some land and made 300% profit from his purchase price during COVID at the start of 2021 (the previous owner had a bankrupt business, so sold it cheap). Yeah, thats life.",bbri
2026-04-26,"SELL $BBRI $BBNI $BBTN $BBNI cuz @ojkindonesia is pushing (politely ordering) HIMBARA to fund MBG & KOPDES. Withdraw all the money from there, I CANT STAND MY MONEY BEING USED LIKE THAT.",bbri
2026-04-26,"Gadai sertifikat mertua . Satu batang BBRI Rp 3080, dengan buahnya Rp 350/ setahun. Punya 1 juta batang BBRI, gajian dari buahnya Rp 350 setahun, kalah gaji ASN",bbri
2026-04-26,"I want BBCA, BBRI, and ICBP stocks, 100k lots each.",icbp
2026-04-26,Thats why ICBP and consumer goods stocks keep dropping. Coffee supply but no payment So tough...,icbp
2026-04-26,"Energy & Utilities sector is pressured by commodity effects. Monitor liquid stocks: BBCA, ASII, or TLKM to learn about diversification. BI Rate remains at 4.75%, but Rupiah (Rp17k+) poses a challenge. Check Q1 financial reports next week! Not investment advice. Always do your",tlkm
2026-04-26,BBYB BBTN BGTG BJTM BKSL BNBR BRMS BWPT DKFT GGRM HMSP KBLV KLBF MLPT MLPL MBSS PJHB TLKM TSPC,tlkm
2026-04-26,"PKPK growth 74%, already TPd the capital when growth hit 55%, now just letting the remaining profits ride to see where it goes (heard its aiming for 10k) TLKM down 8%, thinking of averaging down again in the midst of foreigners pulling out. #saham",tlkm
2026-04-26,"Your watchlist for today: BUMI, BULL, BIPI, TLKM, BAVU, BRPT, BNBR, BEMRI, GOCAP, ITMEG, BEKASEOUL, IMPEK, Trio AXXX, RATU, MINA, PTRONK, ENERGEN Remember, okay? This watchlist might turn into entries, or it might not. Dont go giving the WL and then suddenly DM sis, I entered",tlkm
2026-04-26,"X can now display stock/crypto charts directly in the timeline. $BTC, $AAPL, $TSLA, $NVDA—just click, and the chart appears. But try typing $BBCA or $TLKM. When will Indo stocks be able to do this too?",tlkm
2026-04-26,"tiba tiba terlintas di pikiran aja sihh sering banget liat narasi belakangan ini seliweran kayak BBRI BMRI BBCA udah murah, PBV udah minus 2 standar deviasi, PE udah all time low tapi pernah kepikiran ga sih kalo angka murah itu cuma ilusi dari masa lalu? gimana kalo market",bmri
2026-04-26,"Hitung-hitungan simpel investor BMRI Dengan nabung 5 juta per bulan, tahun depan deviden yang didapat adalah 6juta rupiah. Istilah teknik pembelian ini adalah DCA (Dollar Cost Averaging). Jadi setiap bulan harus membeli saham BMRI berapapun harganya. *Namun jumlah lembar yang",bmri
2026-04-26,Kita liat ya $BBRI $BMRI $BBCA hari senin apakah tambah junam,bmri
2026-04-26,"Manifesting rise high rise live di pjf sambil membuka saham BBCA, BMRI https://x.com/Move_912/status/2048354336858845284/video/1",bmri
2026-04-26,"Tarik dana dari bank Himbara. MBG membuat harga barang pada naik, pejabat yang menjadi kaya, masyarakat tetap miskin. $BMRI $BBNI $BBRI $IHSG",bmri
2026-04-26,"industri yg cuan 50T+ cuma BBRI BBCA BMRI, kok bisa ngomong kek gitu",bmri
2026-04-26,BMRI yaa om? wkwkwk,bmri
2026-04-26,"Di pasar modal, strategi terbaik saat ini adalah selektif & akumulasi bertahap. Big caps perbankan $BBCA $BBRI $BBNI $BMRI tetap jadi andalan, plus komoditas $ANTM $MDKA yang terdorong harga emas & dinamika geopolitik. Disclaimer!",bmri
2026-04-26,"Harga saham yang sudah murah, mendekati harga ketika IHSG 6.900 an: $BKSL $DOSS $FUTR Saham big banks yang saya tunggu adalah $BMRI, harga berada di bawah 4.100 ketika bulan Oktober 2025 DYOR $IHSG",bmri
2026-04-26,"Mudahnya beli ini itu tanpa ribet! Belanja, kulineran jadi lebih mudah dengan QR Bayar di Livin’ by Mandiri! Tanpa perlu login, cukup scan, bayar, dan selesai. Yuk, download dan transaksi dengan Livin’ Saja, semua bisa! Info: http://bmri.id/qrislivinBankMandiri",bmri
2026-04-26,besok masih ngumpilin saham... isat masih kesempatan tambah muatan diportofolio...,isat
2026-04-26,so for unvr hows it going king?,unvr
2026-04-26,"Many people vent about holding banking stocks that keep dropping, a few years ago I once researched US consumer stocks and turns out they dont keep rising either, back then consumer stocks had such a strong uptrend for decades.. While at it I checked banking in the US, yeah",unvr
2026-04-27,Rating lembaga pemeringkat asing juga harus ditanyakan ulang dasar keputusannya. February 2026: Moodys Ratings downgrades the outlook of PT #Indofood CBP Sukses Makmur Tbk (#saham #ICBP) to negative. Reason: This downgrade in prospects is a direct impact from the change in the,icbp
2026-04-27,"When else is ICBP=INDF, but the moneys already gone, bro",icbp
2026-04-27,"Implications: in Indonesia, the winners arent just data center operators, but those who own/develop the electricity infrastructure. - $DCII — DC leader, capacity ~83 MW. Risk: valuation is extremely premium, growth already priced in. - $TLKM — incumbent with NeuCentrIX 17",tlkm
2026-04-27,Tlkm just retired early. Got 2.5-3 billion. Plus monthly pension 10juta.,tlkm
2026-04-27,"PTRONK got hit with SL BIPI stuck at 250-252 MBMA in at 675 BEKASEOUL in at 107-108 Green: TLKM BUMI MBMA Tomorrow well consider: Bro BECA, BEMRI, BIPI Dont like holding floating losses—if its already < 2%, Ill cut it and re-enter later at a low",tlkm
2026-04-27,"TLKM. Looking at the transactions is so damn lazy. Just keep crossing, those goods pile up until GOCAP hits 1,000.",tlkm
2026-04-27,"TLKM bid on 2.820, 2.810",tlkm
2026-04-27,"IHSG Technical View 27 April 2026 Last week, the IHSG closed down 3.38%, accompanied by net selling from foreigners of ~3.02 Tn. The stocks most heavily sold by foreigners were BBCA, BMRI, BBRI, TLKM, and ENRG.",tlkm
2026-04-27,"Rekomendasi Saham Potensial — Senin, 27 April 2026 ISAT – Buy Entry: ≥1970 Target 2: 2170 Target 1: 2100 Stoploss: <1900 By Phintraco Sekuritas Investment Advisor Team - Disclaimer On -",isat
2026-04-27,6 saham pilihan Phintraco Sekuritas buat hari ini 27 april 2026 ADMR ISAT ADRO ULTJ BFIN SRTG DISCLAIMER ON N DYOR,isat
2026-04-27,"baru cek ternyata iya nangis bgt yg masih hold huhu tp buat newbie jarang bgt ada yg ngerekom unvr kak, biasanya pada bilang saham yg bagus buat pemula itu big banks dan paling bnyk rekomen itu bbca",unvr
2026-04-27,Pada ketakutan kek unvr hahaha,unvr
2026-04-27,"I dunno, but back then I bought UNVR, and it just kept dropping even more; ever since then, Ive been traumatized.",unvr
2026-04-27,"Seeing the experts narrative, and with the stock exchange transaction conditions like now, UNVR volume 2 isnt something thats impossible.",unvr
2026-04-27,kayak gw sama unvr sebelum boikot dan sebelum split wkwkw ga mau nengok lagi,unvr
2026-04-27,"Depends on what year the newbie is from, sis—if its the 2020s, yeah, its a big bank, if its the 2014s, well, UNVR is one of them lololol",unvr
2026-04-27,"Even though they say the Indo branch isnt pro-Israel. But the center is pro, thats why this sentiment keeps making the Indo branch keep dropping",unvr
2026-04-27,UNVR + BBCA Wkkwwk,unvr
2026-04-27,"BBCA has been overvalued for a long time, but influencers call it premium pricing. Just like UNVR back in the day.",unvr
2026-04-27,"Even Kayak UNVR will definitely go up, even though it needs to be analyzed, BTC alone, which is global, can get slaughtered, let alone something just for one country lololol",unvr
2026-04-27,"Yeah, toh their product is only marketed in Indo, so the market is definitely just in Indo, plus the competition is already a ton, so basically its not really okay, lololol",unvr
2026-04-28,"Is this the issue thats causing ICBP to collapse right now, sir?",icbp
2026-04-28,ketika icbp < indf,icbp
2026-04-28,"Petik CUAN: 28 April 2026: bren, dssa, laju, roti, tlkm:",tlkm
2026-04-28,Alhamdulillah TP earlier $TLKM: Turns out Over Time It Becomes Less Appealing $IHSG,tlkm
2026-04-28,"MBMA TLKM already green already Come on, wheres the GOCAP, brooooooo",tlkm
2026-04-28,"GOCAP to 300 BIPI to 700 TLKM back to sideways price BUMI to 1,000",tlkm
2026-04-28,TLKM ke 8.000,tlkm
2026-04-28,"Current Post : Bang BECA, BEKASEOUL, GOCAP (My lovely), MBMA (our goat), TLKM Lesgoooo King Pandu, give us some hopiummmm So dont ask anymore what to hold or what to enter on. I myself dont know what to enter on. I like chasing hot stocks, dont like holding or buying now to",tlkm
2026-04-28,"Tuesday, April 28, 2026: *Big Cap Stocks (yesterday):* • BBCA -1.24% to Rp5,975 • BBRI -0.65% to Rp3,050 • TLKM +0.71% to Rp2,830 • AMMN +8% to Rp5,400 • TPIA -4.17%",tlkm
2026-04-28,"In King Pandu we trust. Swing savings are in GOCAP TLKM If it goes up even just 10 ticks, itd be a huge harvest",tlkm
2026-04-28,"On the way to 800 perak, this stock ‍, back in the day I wanted to go ALL IN on this stock if it hit 1900, but then I got focused on crypto, and now Ive been circling back to stocks these past few months—checked my old watchlist and its looking pretty rough ‍, the ones",unvr
2026-04-28,"$UNVR hhm, just finished sahan guri kriuk2, now waiting again with patience, monitoring every day.",unvr
2026-04-28,"Dude, its already at 6,000 like this—do you guys think itll rebound or end up just like UNVR?",unvr
2026-04-28,"Weve talked about UNVR way too often already. Doktermarket has been bearish on UNVR at least since 2019 when the stock price was still at 41,625 before the 1:5 stock split, or 8,325 after the stock split",unvr
2026-04-28,"duh, hopefully it can rebound like UNVR... my house down payment capital is all here right now",unvr
2026-04-29,"Meskipun biaya pencadangan sempat melonjak, indikator kualitas aset BBRI saat ini justru menunjukkan tren perbaikan yang solid. #SahamBBRI #KonsistensiBRI #SatuBankUntukSemua",bbri
2026-04-29,BBRI records an improvement in asset quality through a decrease in Loan at Risk and the effectiveness of risk management in the micro sector. #SahamBBRI #KonsistensiBRI #SatuBankUntukSemua,bbri
2026-04-29,"BBRIs competitive advantage lies in its dominance of the micro and MSME segments, which accounts for 58% of total credit disbursement. #SahamBBRI #KonsistensiBRI #SatuBankUntukSemua",bbri
2026-04-29,"Saham BBRI memiliki kombinasi antara ekosistem bisnis yang sulit ditiru, perbaikan performa keuangan di awal 2026, serta komitmen dividen yang tinggi. #SahamBBRI #KonsistensiBRI #SatuBankUntukSemua",bbri
2026-04-29,BBRI membagikan dividen jumbo dengan payout ratio mencapai 92%. #SahamBBRI #KonsistensiBRI #SatuBankUntukSemua,bbri
2026-04-29,Pakar investasi Rivan Kurniawan merekomendasikan saham BBRI karena kombinasi harga diskon serta potensi pemulihan laba perusahaan tahun 2026. #SahamBBRI #KonsistensiBRI #SatuBankUntukSemua,bbri
2026-04-29,"Kombinasi langka antara harga saham BBRI yang sedang diskon, perbaikan kualitas aset, hingga strategi manajemen modal yang sangat menguntungkan pemegang saham ritel. #SahamBBRI #KonsistensiBRI #SatuBankUntukSemua",bbri
2026-04-29,BBRI is distributing a jumbo dividend with a payout ratio reaching 92%. #SahamBBRI #KonsistensiBRI #SatuBankUntukSemua,bbri
2026-04-29,The improvement in the quality of this asset indicates that BBRIs risk management is running effectively. #SahamBBRI #KonsistensiBRI #SatuBankUntukSemua,bbri
2026-04-29,"A rare combination of BBRIs stock price currently on discount, asset quality improvements, to a capital management strategy that greatly benefits retail shareholders. #SahamBBRI #KonsistensiBRI #SatuBankUntukSemua",bbri
2026-04-29,"Although backup costs once surged, BBRIs asset quality indicators are now showing a solid improvement trend. #SahamBBRI #KonsistensiBRI #SatuBankUntukSemua",bbri
2026-04-29,"BBRI should experience an increase, but its difficult and will take a lot of time because its focus is on the micro sector and MSMEs ....its unlikely to drop even further like that",bbri
2026-04-29,"btw anyway busway, already got hit by all of them yess.. and continuing to scoop up more even deeper $ihsg $bbca $bmri $bbni $bbri",bbri
2026-04-29,February 2026 data shows BBRIs profit soaring 17% year-over-year (YoY) to Rp7.7 trillion. #SahamBBRI #KonsistensiBRI #SatuBankUntukSemua,bbri
2026-04-29,"Dengan ekosistem unik yang melibatkan Pegadaian dan PNM, BBRI memiliki akses ke lapisan masyarakat yang tidak terjangkau oleh bank besar lainnya. #SahamBBRI #KonsistensiBRI #SatuBankUntukSemua",bbri
2026-04-29,"BBRI stock has a combination of a business ecosystem that is hard to replicate, improved financial performance at the start of 2026, and a high dividend commitment. #SahamBBRI #KonsistensiBRI #SatuBankUntukSemua",bbri
2026-04-29,"Although backup costs once surged, BBRIs asset quality indicators are currently showing a solid improvement trend. #SahamBBRI #KonsistensiBRI #SatuBankUntukSemua",bbri
2026-04-29,"BBRI stock has a combination of a business ecosystem that is difficult to replicate, financial performance improvements at the start of 2026, and a high dividend commitment. #SahamBBRI #KonsistensiBRI #SatuBankUntukSemua",bbri
2026-04-29,"A rare combination of BBRI stock prices currently on discount, asset quality improvements, to capital management strategies that are highly beneficial for retail shareholders. #SahamBBRI #KonsistensiBRI #SatuBankUntukSemua",bbri
2026-04-29,The combination it possesses makes BBRI stock a highly attractive investment instrument for navigating portfolios this year. #SahamBBRI #KonsistensiBRI #SatuBankUntukSemua,bbri
2026-04-29,Perbaikan kualitas aset ini mengindikasikan bahwa manajemen risiko BBRI berjalan efektif. #SahamBBRI #KonsistensiBRI #SatuBankUntukSemua,bbri
2026-04-29,"With its unique ecosystem involving Pegadaian and PNM, BBRI has access to segments of society that are not reached by other major banks. #SahamBBRI #KonsistensiBRI #SatuBankUntukSemua",bbri
2026-04-29,BBRI mencatatkan perbaikan kualitas aset melalui penurunan Loan at Risk dan efektivitas manajemen risiko pada sektor mikro. #SahamBBRI #KonsistensiBRI #SatuBankUntukSemua,bbri
2026-04-29,"BBRIs competitive advantage lies in its mastery of the micro and MSME segments, which accounts for 58% of total credit disbursement. #SahamBBRI #KonsistensiBRI #SatuBankUntukSemua",bbri
2026-04-29,"BBRI stock has a combination of a business ecosystem that is hard to replicate, financial performance improvements at the start of 2026, and a high dividend commitment. #SahamBBRI #KonsistensiBRI #SatuBankUntukSemua",bbri
2026-04-29,"Although backup costs once surged, BBRIs asset quality indicators are now showing a solid improving trend. #SahamBBRI #KonsistensiBRI #SatuBankUntukSemua",bbri
2026-04-29,The improvement in the quality of these assets indicates that BBRIs risk management is running effectively. #SahamBBRI #KonsistensiBRI #SatuBankUntukSemua,bbri
2026-04-29,"BBRI stock has a combination of a hard-to-replicate business ecosystem, improved financial performance at the start of 2026, and a high dividend commitment. #SahamBBRI #KonsistensiBRI #SatuBankUntukSemua",bbri
2026-04-29,"Data per Februari 2026 menunjukkan laba BBRI melesat 17% secara tahunan (YoY) menjadi Rp7,7 triliun. #SahamBBRI #KonsistensiBRI #SatuBankUntukSemua",bbri
2026-04-29,"Saat ini BBRI diperdagangkan dengan Price to Book Value (PBV) di kisaran 1,5 hingga 1,6 kali, sedang terdiskon sekitar 30% hingga 40%. #SahamBBRI #KonsistensiBRI #SatuBankUntukSemua",bbri
2026-04-29,Investment expert Rivan Kurniawan recommends BBRI stock due to the combination of a discounted price and the potential for profit recovery in 2026. #SahamBBRI #KonsistensiBRI #SatuBankUntukSemua,bbri
2026-04-29,"With its unique ecosystem involving Pegadaian and PNM, BBRI has access to segments of society that are out of reach for other major banks. #SahamBBRI #KonsistensiBRI #SatuBankUntukSemua",bbri
2026-04-29,"BBRI stock has a combination of a business ecosystem that is hard to replicate, financial performance improvements at the start of 2026, and a high dividend commitment. #SahamBBRI #KonsistensiBRI #SatuBankUntukSemua",bbri
2026-04-29,"Although reserve costs once surged, BBRIs asset quality indicators are currently showing a solid improvement trend. #SahamBBRI #KonsistensiBRI #SatuBankUntukSemua",bbri
2026-04-29,"Currently, BBRI is trading at a Price to Book Value (PBV) in the range of 1.5 to 1.6 times, while being discounted by around 30% to 40%. #SahamBBRI #KonsistensiBRI #SatuBankUntukSemua",bbri
2026-04-29,"BBRI stock boasts a unique combination of a hard-to-replicate business ecosystem, improved financial performance at the start of 2026, and a strong commitment to high dividends. #SahamBBRI #KonsistensiBRI #SatuBankUntukSemua",bbri
2026-04-29,"Although the cost of provisioning once surged, BBRIs asset quality indicators are currently showing a solid improvement trend. #SahamBBRI #KonsistensiBRI #SatuBankUntukSemua",bbri
2026-04-29,Keunggulan kompetitif BBRI terletak pada penguasaan segmen mikro dan UMKM yang mencapai 58% dari total penyaluran kredit. #SahamBBRI #KonsistensiBRI #SatuBankUntukSemua,bbri
2026-04-29,Kombinasi yang dimiliki menjadikan saham BBRI sebagai instrumen investasi yang sangat menarik untuk navigasi portofolio di tahun ini. #SahamBBRI #KonsistensiBRI #SatuBankUntukSemua,bbri
2026-04-29,"BBRI stock has a combination of a hard-to-replicate business ecosystem, improved financial performance in early 2026, and a high dividend commitment. #SahamBBRI #KonsistensiBRI #SatuBankUntukSemua",bbri
2026-04-29,BBRI recorded an improvement in asset quality through a decrease in Loan at Risk and the effectiveness of risk management in the micro sector. #SahamBBRI #KonsistensiBRI #SatuBankUntukSemua,bbri
2026-04-29,"BBRIs competitive advantage lies in its dominance of the micro and MSME segments, which account for 58% of total credit distribution. #SahamBBRI #KonsistensiBRI #SatuBankUntukSemua",bbri
2026-04-29,"Although reserve costs once surged, BBRIs asset quality indicators are currently showing a solid improving trend. #SahamBBRI #KonsistensiBRI #SatuBankUntukSemua",bbri
2026-04-29,"Currently, BBRI is trading at a Price to Book Value (PBV) of around 1.5 to 1.6 times, while being discounted by approximately 30% to 40%. #SahamBBRI #KonsistensiBRI #SatuBankUntukSemua",bbri
2026-04-29,"BBRIs competitive advantage lies in its dominance of the micro and MSME segment, which accounts for 58% of total credit disbursement. #SahamBBRI #KonsistensiBRI #SatuBankUntukSemua",bbri
2026-04-29,"Although the reserve cost once surged, BBRIs asset quality indicators are currently showing a solid improvement trend. #SahamBBRI #KonsistensiBRI #SatuBankUntukSemua",bbri
2026-04-29,"Although reserve costs once surged, BBRIs asset quality indicators are now showing a solid improvement trend. #SahamBBRI #KonsistensiBRI #SatuBankUntukSemua",bbri
2026-04-29,"A rare combination of BBRI stock prices currently on discount, asset quality improvements, to a capital management strategy that is highly beneficial for retail shareholders. #SahamBBRI #KonsistensiBRI #SatuBankUntukSemua",bbri
2026-04-29,Investment expert Rivan Kurniawan recommends BBRI stock due to the combination of its discounted price and the companys potential profit recovery in 2026. #SahamBBRI #KonsistensiBRI #SatuBankUntukSemua,bbri
2026-04-29,"BBRI stock has a combination of a hard-to-replicate business ecosystem, improved financial performance in early 2026, and a high dividend commitment. #SahamBBRI #KonsistensiBRI #SatuBankUntukSemua",bbri
2026-04-29,The combination it possesses makes BBRI stock a highly attractive investment instrument for navigating your portfolio this year. #SahamBBRI #KonsistensiBRI #SatuBankUntukSemua,bbri
2026-04-29,"BBRI stock has a combination of a business ecosystem that is hard to replicate, improved financial performance at the start of 2026, and a high dividend commitment. #SahamBBRI #KonsistensiBRI #SatuBankUntukSemua",bbri
2026-04-29,"BBRIs competitive advantage lies in its mastery of the micro and MSME segments, which account for 58% of total credit disbursement. #SahamBBRI #KonsistensiBRI #SatuBankUntukSemua",bbri
2026-04-29,"BBRI stock has a combination of a hard-to-replicate business ecosystem, financial performance improvements at the start of 2026, and a high dividend commitment. #SahamBBRI #KonsistensiBRI #SatuBankUntukSemua",bbri
2026-04-29,"A rare combination of BBRI stock prices that are on discount, improvements in asset quality, to management strategies that are highly beneficial for retail shareholders. #SahamBBRI #KonsistensiBRI #SatuBankUntukSemua",bbri
2026-04-29,"A rare combination of BBRI stock prices that are on discount, asset quality improvements, to a capital management strategy that is highly beneficial to retail shareholders. #SahamBBRI #KonsistensiBRI #SatuBankUntukSemua",bbri
2026-04-29,"matang CUAN: multiBAGGER: +180.21%, +7148.86%: accumulation: INDY ELSA EXCL BNII ADRO IMAS CPIN APLN BYAN KAEF MAPI LAJU BLTA TAYS ARTO GOTO GPSO TLKM BREN MIDI MYOR UNVR ASRI BUMI HERO PGEO BBRI KEJU CLEO AMRT DSSA 29 April 2026",bbri
2026-04-29,February 2026 data shows BBRIs profit soaring 17% year-over-year (YoY) to Rp7.7 trillion. #SahamBBRI #KonsistensiBRI #SatuBankUntukSemua,bbri
2026-04-29,"A rare combination of BBRI stock prices currently on discount, improvements in asset quality, to a capital management strategy that is highly beneficial for retail shareholders. #SahamBBRI #KonsistensiBRI #SatuBankUntukSemua",bbri
2026-04-29,"Although the reserve costs once surged, BBRIs asset quality indicators are currently showing a solid improvement trend. #SahamBBRI #KonsistensiBRI #SatuBankUntukSemua",bbri
2026-04-29,"The rotation of new stocks in the Bisnis-27 Index for the period from May 4, 2026, to October 30, 2026, is considered defensive against global volatility. There are 8 new issuers entering the Bisnis-27 Index, replacing the previous 8 issuers, namely MBMA, BRMS, CPIN, ICBP, TAPG,",icbp
2026-04-29,Gas udah ICBP jadi Cigarbutt,icbp
2026-04-29,"Massive expansion, theyre even planning to issue $300 million in bonds right now. Their products are also in high demand, especially with prices around 100k while other competitors are averaging 200k and up, hopefully they can grow as big as TLKM.",tlkm
2026-04-29,wah saya TLKM,tlkm
2026-04-29,sinyal tlkm gk pernah gk bapuk,tlkm
2026-04-29,"interesting, YTD 2026, RX switching from BBCA to TLKM and from ASII to ANTM.. does that mean whales always rotate from certainty to new opportunities?",tlkm
2026-04-29,"matang CUAN: multiBAGGER: +180.21%, +7148.86%: accumulation: INDY ELSA EXCL BNII ADRO IMAS CPIN APLN BYAN KAEF MAPI LAJU BLTA TAYS ARTO GOTO GPSO TLKM BREN MIDI MYOR UNVR ASRI BUMI HERO PGEO BBRI KEJU CLEO AMRT DSSA 29 April 2026",tlkm
2026-04-29,"rumah impian & mobil baru (g63). rumah gw jual 25M, beli rumah yg 5 M, sisanya gw masuk BMRI. dividen / tahun dpt 2 m, sangat cukupp buat financial freedom sampe gw meninggal, santai ini mah keturunan gw klo gini",bmri
2026-04-29,"btw eniwei busway, udah kesamber semua yess.. dan lanjut borong lagi lebih dalem $ihsg $bbca $bmri $bbni $bbri",bmri
2026-04-29,"BMRI dividen 2x, jadi yield nya 10% lebih",bmri
2026-04-29,Menurut sc sebelumnya ini bank mandiri sih sebenarnya kak. BMRI itu singkatan bank mandiri. Kk ini kurang jelas,bmri
2026-04-29,"Dapatkan diskon Rp3 juta* untuk upgrade gadget kamu! Miliki Huawei Mate80 Pro dengan lebih hemat di Lazada pakai Mandiri Kartu Kredit! Berlaku hingga 23 Mei 2026. Yuk, checkout sekarang dan manfaatkan diskonnya! *Info: http://bmri.id/lazadaMate80BankMandiriberizindan",bmri
2026-04-29,"Kalau kalian, masih nunggu BBRI dibawah 3000, BBCA dibawah 6000, BMRI dibawah 4000 apa langsung gas serok aja? Coba komen di bawah~ Jangan lupa follow @txtfromkeuangan , kita sharing soal keuangan biar belajar bareng di keadaan sekarang!",bmri
2026-04-29,"Jadi, kalau mau masuk sekarang. Masih oke asal tujuannya jangka panjang. Tapi kalo trader? hmmmmmm Saran wangmin: Jangan All in, fokus jangka panjang, pake teknik DCA (cicil), fokus ke saham fundamental kuat dan besar (BBCA,BBRI,BMRI).",bmri
2026-04-29,"Tambahan inpo terkait kondisi fundamental dari 3 big bank Indonesia: BBCA : Efisiensi operasional terbaik, cost of fund sangat rendah krn dana murah yg melimpah BMRI : Pertumbuhan kredit korporasi yg agresif, digitalisasi kuat lewat livin. BBRI : Fokus pada UMKM, raja deviden.",bmri
2026-04-29,"2/ Apa saham bank masih kuat? PER (Price to Earnings Ratio) masih oke. PER itu gampangnya brp tahun kita balik modal dari laba. Kalo 5x artinya 5 tahun dst. BBCA → PER ~14–16x normalnya 20-24x BBRI → PER ~8x normalnya 9-12x BMRI → PER ~8,1x normalnya 10-12x",bmri
2026-04-29,"IHSG merah terus, 3 Saham Big Bank (BBCA,BMRI,BBRI) kompak terjun payung. Banyak yg nanya kalo baru masuk ke saham, worth it ga? apa justru tahan dulu biar selamet di keadaan sekarang? Kita bahas~",bmri
2026-04-29,Kasusnya mirip banget dgn $BBRI musim panen dividen tapi sahamnya malah melorot. Tak banyak retail yg masuk ke $BMRI mengingat pengalaman dri $BBRI.,bmri
2026-04-29,"Hindari membeli saham bank BUMN, karena dananya dipakai buat program MBG dan Koperasi Desa Merah Putih. Kita tahu dua program itu bukan untuk rakyat tapi untuk pencitraan pejabat, terutama Prabowo dan Jokowi. $BBRI $BMRI $BBNI $IHSG",bmri
2026-04-29,"BMRI Dapat Restu Buyback Saham Rp1,16 T #saham #infosaham #investasi",bmri
2026-04-29,Dividen bmri kicik ya wak,bmri
2026-04-29,"BMRI labanya naik 16,6% tapi harga malah tertekan sentimen global. momen buyback tipis-tipis nih, apalagi dapet bonus 300rb saham dssa dari pluang pas awal buka rdn. lumayan bgt buat averaging down",bmri
2026-04-29,"Hasil dari pada RUPS $BMRI Dividen Final Rp377/Saham, Dengan Yield 8,4% pembagian dividen tahun buku 2025 sebesar Rp44 T, setara 79% dividend payout ratio (vs. 2024: 78%) penutupan harga terarkhir $BMRI di 4430 diatas bunga deposito,SBN, dll sejenisnya",bmri
2026-04-29,"sama, aku bmri 7000an",bmri
2026-04-29,Mantep bgt dividen bmri kalo jadi segini ‍ lebih gede dr bbca,bmri
2026-04-29,"matang CUAN: multiBAGGER: +180.21%, +7148.86%: accumulation: INDY ELSA EXCL BNII ADRO IMAS CPIN APLN BYAN KAEF MAPI LAJU BLTA TAYS ARTO GOTO GPSO TLKM BREN MIDI MYOR UNVR ASRI BUMI HERO PGEO BBRI KEJU CLEO AMRT DSSA 29 April 2026",unvr
2026-04-29,UNVR alumni smile seeing this,unvr
2026-05-01,"Liat $BBRI ditf 1bln, skenario terburuknya bisa ke 2600an",bbri
2026-05-01,"Historical is the past, bro. Imagine its early 2024 right now, look at the returns for BBCA, BBNI, or BBRI over the last 3 years from 2024—most people would say thats solid. Imagine if on that day you decided to invest. But then, a year later and up to now, it just tanks.",bbri
2026-05-01,"Bro, lets hype up the #Nabung2LotBBRI tag among Indonesian retail investors—become the majority owners of BBRI shares. Because 47% of BBRIs free float is controlled by foreigners..!!",bbri
2026-05-01,"If 25 million Indonesian retail investors launched a movement to save up for BBRI 2 lots, I guarantee investment managers like BlackRock and MSCI would be spinning seven times over trying to dump BBRI shares. The condition for those 2 lots is dont sell them; if foreigners start",bbri
2026-05-01,"Remember, the free float of BBRI at 46% is mostly controlled by foreigners, bro..!! If 25 million retail investors hold an average of 10 lots. Lock it up for 10 years. Foreigners will regret it for 7 generations because the goods will be scarce in the market. Retailers holding",bbri
2026-05-01,"Easy bro, makin a move on 25 million Indonesian retail investors, mandatory to save up $ BBRI 1 Lot, dont sell it. I guarantee in the next 3 months BBRIs gonna ARA volume after volume. Cuz the stocks bone dry on the exchange floor",bbri
2026-05-01,"For the 25 million Indonesian retail investors, lets get moving with #Nabung1LotBBRI so foreigners get flustered. If foreigners threaten again, scoop up more and save 2 lots of BBRI. I guarantee the IHSG will go to the moon. 50 million lots of BBRI locked away for long-term",bbri
2026-05-01,"If only these 25 million Indonesian retail investors had a movement to save up 1 lot of BBRI and not sell it. I guarantee that in the next 3 months, BBRIs price will skyrocket layer by layer because therell be a shortage of 25 million lots in the market. The law of the market",bbri
2026-05-01,"Yo, 25 million Indonesian retail investors save up for 1 lot of shares in $BBCA, $BBRI, $BMRI, $BBNI. Buy and dont sell. That means 25 million lots of BBRI shares are locked up,",bbri
2026-05-01,"Come on, 25 million Indonesian retail investors, scoop up BBRI right now, and after that, dont sell it—its for the long term. If on average those 25 million investors save up 10 lots of BBRI, I guarantee itll skyrocket in volumes over the next 3 months. And the foreigners will",bbri
2026-05-01,"Bro, if 25 million Indonesian retail investors could save up for 2 lots of BBRI at current prices and hold without selling, that means 50 million lots are locked up—dry goods in the foreign market, tough for them to control BBRIs price. If foreigners dump, save up for another 3",bbri
2026-05-01,"Buy, dont you think? #IHSG #BBRI",bbri
2026-05-01,"Iris kuping gw kalok nyampe dibawah itu, sini join group gw biar kalian tercerahkan dan tw entry dititik mana aja, kalok mw masuk rada gede BBRI noh sexy, kalok demen crypto ambil $PROS atau $CHECK bakal naik, alternate $BLEND msh bagus",bbri
2026-05-01,"If theres a movement of 25 million Indonesian retail investors making the hashtag #Nabung2LotBBRI, I guarantee itll tie BlackRock and Vanguard in knots, BBRI will skyrocket through the roof. Because the stocks bone-dry in the market.",bbri
2026-05-01,"2 yrs ago bought BBRI up to 60% of portfolio. Cuz asked the cici2 who lives every night on IG, she said just avg down if it drops. Until when price hit 4100 felt something wrong. Sold 70% lot BBRI when it touched 3900. That cici2 who used to be super antipathetic to BREN. The one",bbri
2026-05-01,"Amid market uncertainty, investors tend to return to stocks with solid fundamentals. BBRI remains one of those still recommended because it is assessed to have good resilience in facing pressures, while also offering opportunities to grow alongside the economic recovery.",bbri
2026-05-01,"Bought 6 shares of BBRI, still have Rp 2000 left",bbri
2026-05-01,Time to wake up and scoop up BBRI at 2200,bbri
2026-05-01,"If the Indonesian people save up 1 Lot of BBRI, and lock it away without selling, I guarantee BBRI stock will skyrocket to Rp 50,000 per share—market laws apply. Bro . Just imagine 300 million lots, meaning the stock dries up on the exchange for BBRI..!!",bbri
2026-05-01,"If only retail investors understood! One investor saving up 1 lot of BBRI shares and locking it in without selling—I’m convinced BBRI could hit Rp 20,000 per share. Because 25 million retail investors equals 25 million lots of BBRI, the law of supply and demand kicks in. Scarce",bbri
2026-05-01,Jawaban dari Ai bang u bbri Nungguin fvg bullish dulu katanya,bbri
2026-05-01,"Because Indonesian retail is mostly made up of Judol escapees. They dont get this kind of literacy. 50 million lots locked up in BBRI goods will become scarce on the IDX exchange. Learn smart from the foreigners, dont let them fool you.",bbri
2026-05-01,"Just let that foreigner run away.. now how can retail investors control the majority of BBRIs free float, bro. Especially with the Bajaj price and 11% dividend. Indirectly, BBRI is giving dividends to Indonesian retail, not foreigners, you get it or not, bro?",bbri
2026-05-01,"Like you dont get it, foreign players are sucking up Indonesian retail investors who are FOMO-ing, getting stuck at the peak for ages . Thats why now BBRIs rickshaw price is being dumped by foreign players, Indonesian retail has to scoop it all up—thats the key (dont",bbri
2026-05-01,"If these 25 million Indonesian retail investors had the guts to start a #Save2LotsBBRI movement, I guarantee the foreigners dumping their shares would be dizzy. That means 50 million lots locked up, bought by retail for those rare goods—if they dump again, scoop up another 2",bbri
2026-05-01,"Good evening, everyone, with your permission, let me discuss BBRIs Q1 2026 Financial Report",bbri
2026-05-01,aku baru buka karna rame di ig akun saham blg bbca uda ke 5000 dan bbri ke 2000 awal kaget dikira cuma clickbait eh pas cek,bbri
2026-05-01,"Bro, actually its easy to make IDX strong, just advertise it: lets get 25 million Indonesian retail investors to save in BBRI with 2 lots, if possible 10 lots, and dont sell it, treat it like the moneys gone, I guarantee foreigners will be dizzy going around 7 times . Come",bbri
2026-05-01,Mantau harga saham bbri,bbri
2026-05-01,"Why is the capital 2x, isnt it that if held 500 million in BBRI, you still get dividends at the time of distribution",bbri
2026-05-01,"When else will BBRI stock be as cheap as cilok, lol",bbri
2026-05-01,"How to fight foreign investors: 25 million retail investors save up for BBRI 1 lot, lock it and dont sell. I guarantee within 3 months BBRI will skyrocket big time..!!",bbri
2026-05-01,"Kmrn akumulasi BBRI aja pelan2 , tp msh dump ini",bbri
2026-05-01,"BBRI dividends get 100 million per year, if combined with the previous one.... but still in the red But bro, youre already in a good spot... bismillah, hopefully I can have a balance like that too",bbri
2026-05-01,whats independent about it... bbca bbri,bbri
2026-05-01,"BBRI YTD has already dropped 53% Almost the same as during the COVID crash, which was 54% 29% more from the current price, and BBRI will match the COVID low Historically, BBRIs deepest drop was 72% Anyone wanna join me in scooping some up?",bbri
2026-05-01,"Buy BBRI shares, got 1000 lots at current price. Dividend 35 million in one year.",bbri
2026-05-01,They must be saving up at BBCA or maybe BBRI,bbri
2026-05-01,"If 25 million Indonesian retail investors launched a movement to save up for 2 Lots of BBRI, I guarantee foreign investors would be dizzy seven times over, especially if they dump again and retail scoops it up again. #Nabung2LotBBRI",bbri
2026-05-01,"$BBRI with its Bri Link agents can provide cheap funds to BRI, no wonder their NIM is high among other banks. This year their revenue will grow even bigger. Kopdes can make this bank turnaround.",bbri
2026-05-01,Bbri dari 3000 an dah naik ke 6000 terus sekarang balik ke 3000 Tinggal posisi buy mu dimana dan rakus atau nggak aja,bbri
2026-05-01,"Year to date IHSG vs saham net buy and net sell broker XL. Period from the beginning of the year to April 30, 2026. Top Net Buy Broker XL: BBCA BUMI BBRI PTRO BMRI DEWA BUVA BBNI INET CUAN Top Net Sell Broker XL: ADRO AADI ITMG PTBA TINS INKP EMAS BBTN RLCO PACK Note: 1. I",bbri
2026-05-01,"Top 6 horror films this week: 1. BBCA 5850 1. BBRI 2990 3. IHSG < 7000 4. Rupiah 17,360. 5. Brent Oil Price > USD 125 6. Campus offered to manage MBG",bbri
2026-05-01,"Beraeti BBRI 2700 this year is arriving, right, om Bena?",bbri
2026-05-01,Top 5 horror films this week: 1. BBCA 5850 1. BBRI 2990 3. IHSG < 7000 4. Rupiah 17.350. 5. Matamu Buram Anyone want to add more?,bbri
2026-05-01,Kasi dip lagi plis bbri 1000 ayok,bbri
2026-05-01,Sebelum beli mobil taruh 300 juta di bbri deviden 30 juta setahun,bbri
2026-05-01,Monday we can see BMRI BBRI BBNI price drop,bbri
2026-05-01,"Breakeven is also a dividend trap because of opportunity cost. Many people fall into the trap of holding BBRI long-term, even though buying other assets would yield more profit. Dividends shouldnt be the benchmark for buying stocks.",bbri
2026-05-01,"The imposition of a high mandatory dividend policy (payout ratio of 65-91%) has caused BUMN banking stocks (such as BBRI, BMRI, BBNI) to lose their growth stock characteristics and is now perceived by the market as defensive stocks with weakening underlying assets.",bbri
2026-05-01,Stock price predictions for big banks in 2026 1. BBCA under 4 thousand 2. BBRI under 2 thousand 3. BMRI under 3 thousand 4. BBNI under 3 thousand.,bbri
2026-05-01,Beli saham BBCA BBRI,bbri
2026-05-01,xxxjt my first loss on BBRI and BBC stocks,bbri
2026-05-01,"aamin, iyanih bbca aman bbri bang",bbri
2026-05-01,"not stocks, bonds, RDPU, BBRI, BBCA, everythings dropping lololol",bbri
2026-05-01,"Nah, thats it, like $BIPI $FUTR $TLKM $KETR havent been released yet, roughly why is that, bro?",tlkm
2026-05-01,Even though TLKM used to be stuck,tlkm
2026-05-01,"PT Telkom Indonesia has introduced the TLKM 30 transformation strategy in response to the rapid changes in the telecommunications industry driven by digitalization, AI, cloud, and the growing demand for digital services. For the full news story & other business information, read",tlkm
2026-05-01,GOTO 62 TLKM 3.080 BBCA 6.100 BUMI 8.000,tlkm
2026-05-01,Dr tlkm yg nyangkut kali,tlkm
2026-05-01,"dude, that shade though.. happy bday mr BT, stay healthy always.. former GoTo board member whose shares were bought by Telkomsel, a subsidiary of TLKM which is a state-owned company in the red plate category back in 20-21.. who was the SOE minister at that time? *just asking...",tlkm
2026-05-01,"Serok ajaa, fundamentalnya masih oke. Investor unvr & hmsp be like",unvr
2026-05-02,"The gist is compounding. Cash rather than putting it in the bank, its still better to spend it on investment assets... I prefer dividend stocks, rather than cash... No matter how much it falls, it always bounces back up. Ive experienced it with ptba and sido... Now bbri...",bbri
2026-05-02,Banyak yg jualan aset buat nyerok BBRI di harga becak . Itu yg bagi yg paham..,bbri
2026-05-02,"inget ya kode sahamnya BBRI, ingat ta teman-teman BBRI",bbri
2026-05-02,"This number could be a price retracement for the $BBRI stock (PT Bank Rakyat Indonesia Tbk): 2,855, 2,753",bbri
2026-05-02,"Bro, Im not sharing job openings with you . Right now, Im enjoying life on a BBRI salary of Rp 1 million a day.. cause I got 11,000 lots of BBRI shares, been saving up for 10 years paying in installments to buy BBRI shares. !! Not like you, your hobby is just flexing",bbri
2026-05-02,BBCA & BBRI #ihsg #bbca #bbri,bbri
2026-05-02,"Got the dividend and then dropped to the 3800s, just like $BBRI?",bbri
2026-05-02,"Its been more than a year now since Danantara was established by Prabowo and there hasnt been any significant movement yet they say they want to buy Indonesian stocks but up to this point, no visible data has emerged For this year alone, Danantara has received",bbri
2026-05-02,"BBRI. 100M, 1 year only 11M. SBN. 3rd. interest 5-6% per year. Deposit. 2.5-5% per year. Open an eatery. Gets hassled by the parking guy. Open a fruit shop. Confused if they rot and dont sell. Bet on Leicester City in EPL 2015-16. 5,000 to 1",bbri
2026-05-02,"Naruh 3.1 billion in BBRI, guaranteed by 2027 youll get paid by BBRI, 1 million a day . Thats a fact, bro.",bbri
2026-05-02,"IHSG Ambrool is so-so: portfolio: mature CUAN: multiBAGGER: +11870.90%, +861.68%, +452.50%: Accumulation: ABMM ADES ADMR ADRO ANTM APLN ARTO ASII ASRI BBCA BBRI BNII BREN BLTA BUMI BYAN CLEO CPIN DSSA ELSA EXCL GOTO GPSO HERO IMAS INDY JSMR KAEF KEJU KIJA LAJU MAPI MIDI MTEL MYOR",bbri
2026-05-02,"BBRI: PROFITS RISE, STOCK FALLS, AND LESSONS ON MARKET EXPECTATIONS BBRI reminds us of one simple thing: good profits dont always move in lockstep with stock prices. In the first quarter of 2026, BRI recorded net profits of around Rp15.5 trillion, up 13.7 percent from the same",bbri
2026-05-02,"The important thing is Im ready to absorb it all—BBRI heading toward its BVPS price, ready to buy, ready to pawn the car, house, land, and if needed, even the neighbors land is ready to be hocked to absorb the spillover of foreign outflow.",bbri
2026-05-02,"Just DCA, no need to overthink it. Why wanna DCA but got a traders brain tho. Chill out, insyaallah BBRI will definitely still be around for the next 30 years, so just go for it.",bbri
2026-05-02,"The feeling that its dropping isnt just BBCA, but why is it always BBCA thats talked about? Even though the other big 4 are dropping too, BBRI has already sunk way before that. Why?",bbri
2026-05-02,Damage report 2026: IHSG -20% (terburuk di dunia) Rupiah Rp17.390 (ATL) BBCA -40% (Sejak Awal Tahun) BBRI -40% (Sejak Awal Tahun) Asing sell Rp42.8T Inflasi 4.76% MSCI ancam downgrade Semua bermula 28 Feb.,bbri
2026-05-02,"Still a 2nd semester student. Whatever steps are taken will become lessons. Hold BBRI, wait until when? Want to Stop Loss? Okay! Just dont let it rise later. As a know-it-all person. Hold BBRI. BUMI, prepare a selling scenario to profit at what price. SUPA, learn stop",bbri
2026-05-02,"I bought BBRI stock too, and its lacking rn, damn",bbri
2026-05-02,"$BBRI Interim Dividend: 137/share Final Dividend: 209/share $BMRI Interim Dividend: 100/share Final Dividend: 377/share $BBNI Final Dividend: 349/share $BBCA Interim Dividend: 55/share Final Dividend: 281/share Based on yesterdays closing price, the",bbri
2026-05-02,"It seems like foreigners already know about this, thats why so many are getting out of BBCA and BBRI",bbri
2026-05-02,"Instead of you giving me, Id rather use my salary from BBRI to buy back BBRI shares, bro . That 100 thousand gets me 33 shares of BBRI at Rp 3000 per share..!!;",bbri
2026-05-02,"Big Bank Indonesia Analysis – Monthly Timeframe (May 2026) Hey fellow traders! While its the weekend, lets take a peek at the charts first—MUs playing tomorrow too Were facing an intriguing situation in the banking sector. All four big banks (BBCA, BBNI, BBRI,",bbri
2026-05-02,"They dont need to buy shares, bro, suddenly they swallow up BBRI with a 52.65% ownership stake",bbri
2026-05-02,Mksh BBRI & BBCA,bbri
2026-05-02,ikut bantuin beli 1 lot $BBRI,bbri
2026-05-02,"Buy what? I originally asked for job openings, bro.. then you flexing 1 million a day.. from bbri, you cant provide the job opening but youre flexing 1 million a day.. yeah, Im just asking for 100k so hopefully it can be my capital to get rich like you..",bbri
2026-05-02,"Invest 100 JT in BBRI, get 11 jt per year. Just wow",bbri
2026-05-02,"Prabowo Government Assignment to State-Owned Banks Period October 2024 – May 2026 · Source: Kontan, Tempo, Detik, OJK Total Risk Exposure ~Rp 290 T Potential Actual Losses Rp 12–30 T if NPL 5–10% is realized BBRI Profit Declines (H1-2025) −11.5% Provisioning Expenses +25.8%",bbri
2026-05-02,"Anyway, BBRI under 2800 & BMRI under 3800, Ill buy",bbri
2026-05-02,"hahahahaha open porto dong because if youre really holding BBRI, it shouldnt be this bad with MBG, the long-term impact will affect dividends and banking stability, especially for state-owned banks.",bbri
2026-05-02,"For example, if I say that BBRI is a good stock, better to buy BBRI. Then someone buys BBRI because they followed my advice to buy BBRI, and ends up taking a loss, theres no crime in me suggesting to buy BBRI stock.",bbri
2026-05-02,"Still at 1 million, actually thats a good time to add lots when it drops like this. As long as BBRis fundamentals are solid, it should be safe in the long term.",bbri
2026-05-02,"Guys, anyone got any advice to share? Theres this guy named Gibran whos still a second-semester college student and just starting to learn about saving in stocks—Rp400 thousand per month—with plans to do regular DCA for 3 years until he wants to get married down the line.",bbri
2026-05-02,"If DCA starts now (maybe 4 months), you should be happy that the price is dropping, right? So later, when it hits 36 months, youll get a low average price. Even though theres no guarantee itll rise in the next 3 years. For BBRI, even though the current price is closer to 0",bbri
2026-05-02,"Yeah, the data is correct. According to IDX Channel & several media outlets (Kompas, etc.), foreign investors net sold Rp17.72T in the regular market throughout April 2026. The JCI fell ~1.3% and closed at 6,956.80 as of April 30. Big cap banks (BBRI, BBCA, BMRI) were the main",bbri
2026-05-02,"$BBRI scoping down ngomongin invetasi berharap dividen yield. beli bbrp harga sekarang bisa dapet yield 8-10% per tahun. anggap taruh lah 100jt, in 10-13 years, 100jt itu akan jadi duit gratis kalo dividen konsisten di 8-10%. jadi kalo mau beli bbri ya sekarang, 2000an.",bbri
2026-05-02,"Fokus Pasar: Investor mencermati pengumuman indeks MSCI (12 Mei) dan jadwal pembagian dividen saham-saham blue chip seperti $ASII. Kondisi Saham: Perbankan besar ($BBRI, $BBCA ) masih tertekan, sementara saham komoditas (emas & energi) cenderung bertahan.",bbri
2026-05-02,"Buying BBRI stock could be a good idea, sis, while its on discount.",bbri
2026-05-02,"wadoh ini yang bikin saham BBRI merosot, kepercayaan masyarakat menurun, investor asing kabur. bajingan!",bbri
2026-05-02,"Take it easy, Gibran. Remember the original goal: DCA (Dollar Cost Averaging) is meant for the long term (3 years). In fact, when the price drops like this, your Rp400 thousand gets you more BBRI shares. BBRI is a blue chip with strong fundamentals, not some pump-and-dump",bbri
2026-05-02,berita buruk bagi Holder BBRI dan BMRI kwk,bbri
2026-05-02,"The answer: CONSISTENT DIVIDEND REINVESTMENT for 5-10 years in dividend aristocrat stocks (TLKM, BBCA, BBRI, BMRI, UNVR). Compounding from dividend reinvestment can double the portfolio in 10-15 years, without adding new money. #LQ45",bbri
2026-05-02,"Rincian Beberapa Emiten Penyumbang Dividen Terbesar Mari kita lihat lebih detail beberapa emiten yang berkontribusi signifikan pada total dividen Rp 1,62 triliun. Setelah cetak laba tahun fiskal 2025 yang fantastis, BBRI siap membagikan dividen final yang menarik.",bbri
2026-05-02,"BBRI emng lagi turun, tapi justru itu yang dilihat investor jadi peluang Fundamentalnya masih kuat, jaringan sampe pelosok, nasabah besar, dan bisnis utamanya tetap jalan. Jadi bukan soal panik, tapi siapa yang bisa lihat value jangka panjang.",bbri
2026-05-02,"Saham dividen aristokrat favorit kamu apa? BBRI, BMRI, TLKM, atau yang lain? Drop di komen, saya bakal balas one-by-one",bbri
2026-05-02,"Investor Baru: Bagaimana Mulai di Periode Ini Mulai dari Rp 1-2 juta sudah cukup. Pilih 3-5 saham dividen aristokrat: TLKM, BBCA, BBRI, BMRI, UNVR. Pastikan punya saham sebelum cum date untuk dapat dividen.",bbri
2026-05-02,"Details of Some Major Dividend-Contributing Issuers Lets take a closer look at some issuers that make significant contributions: BBRI (Bank Rakyat Indonesia), BMRI (Bank Mandiri), BBCA (Bank Central Asia), TLKM (Telkom), UNVR (Unilever), PTBA (Bukit Asam).",bbri
2026-05-02,"PT Indofood CBP Sukses Makmur Tbk (ICBP) recorded consolidated net sales performance of Rp21.72 trillion in the first quarter of 2026. This figure reflects an 8 percent growth compared to the same period in the previous year, which was recorded at Rp20.19 trillion",icbp
2026-05-02,"PT Indofood CBP Sukses Makmur Tbk (ICBP) recorded positive performance in the first three months of this year amid turbulent economic conditions, both domestically and globally. The instant noodle and snack producer owned by tycoon Anthoni Salim recorded net sales for the first",icbp
2026-05-02,"Indofood CBP Sukses Makmur ICBP recorded a net profit of 2.57 trillion rupiah in Q1 of this year. Profit declined 3% compared to last year. However, ICBP booked solid sales growth early this year. ICBPs consolidated net sales rose 8% to 21.72 trillion rupiah, compared to last",icbp
2026-05-02,$TLKM 1 last breath?,tlkm
2026-05-02,Just remembered back then I had TLKM shares that tanked hard during COVID,tlkm
2026-05-02,"Check out this news, bro https://idntimes.com/business/economy/dasco-sebut-danantara-sudah-beli-sebagian-saham-gojek-00-3m8tp-rdwp4zHesaid,DanantaradirectlypurchasedGojekshares,notthroughState-OwnedEnterprises(BUMN).Boughtagain,nottheoneviaTLKM.",tlkm
2026-05-02,"Since the beginning, GOTOs entry into the STOCK EXCHANGE was funded by the Indonesian Government, right? This is the work of Luhuts nephews, Luhur and Erik Thohir (Minister of BUMN), that nephew whos now the Boss at DANANTARA PT Telkom Indonesia (Persero) Tbk (TLKM) through",tlkm
2026-05-02,"Its funny too, the government already has its shares via TLKM, so why bother adding more.",tlkm
2026-05-02,Its not just buying.. this is the stuck stock transaction of the bosses whose avg is over 200 and its gonna be bought by Danantara. Just check the history of TLKM buying Gotos stock at what price and from whom..,tlkm
2026-05-02,"Maybe it got in on the ground floor because it got dragged in when Tohir and the gang were still forming up, and in between through TLKM",tlkm
2026-05-02,"anyway tlkm is pretty much like that. demand for 5g fiber optic data keeps rising, customer arpu is steadily increasing, long-term fundamentals are solid, but foreigners often net sell hundreds of billions per session, stock drops 10-20% along with the market. even though digital",tlkm
2026-05-02,Is the TLKM that bought GOTO yesterday considered part of Danantara?,tlkm
2026-05-02,"So if the stock price drops, we can protest that jerk nDAS COntol / Danantara. TLKM keeps getting hit with random demos over the $GOTO stock purchase",tlkm
2026-05-02,"The answer: CONSISTENT DIVIDEND REINVESTMENT for 5-10 years in dividend aristocrat stocks (TLKM, BBCA, BBRI, BMRI, UNVR). Compounding from dividend reinvestment can double the portfolio in 10-15 years, without adding new money. #LQ45",tlkm
2026-05-02,"Saham dividen aristokrat favorit kamu apa? BBRI, BMRI, TLKM, atau yang lain? Drop di komen, saya bakal balas one-by-one",tlkm
2026-05-02,"Investor Baru: Bagaimana Mulai di Periode Ini Mulai dari Rp 1-2 juta sudah cukup. Pilih 3-5 saham dividen aristokrat: TLKM, BBCA, BBRI, BMRI, UNVR. Pastikan punya saham sebelum cum date untuk dapat dividen.",tlkm
2026-05-02,"Details of Some Major Dividend-Contributing Issuers Lets take a closer look at some issuers that make significant contributions: BBRI (Bank Rakyat Indonesia), BMRI (Bank Mandiri), BBCA (Bank Central Asia), TLKM (Telkom), UNVR (Unilever), PTBA (Bukit Asam).",tlkm
2026-05-02,"Jawabannya: REINVESTASI DIVIDEN konsisten 5-10 tahun di emiten dividen aristokrat (TLKM, BBCA, BBRI, BMRI, UNVR). Compounding dari dividend reinvestment bisa double portofolio dalam 10-15 tahun, tanpa setor uang baru. #LQ45",bmri
2026-05-02,"Ngiri blum punya bmri, bank sebelah gini",bmri
2026-05-02,berita buruk bagi Holder BBRI dan BMRI kwk,bmri
2026-05-02,"Saham dividen aristokrat favorit kamu apa? BBRI, BMRI, TLKM, atau yang lain? Drop di komen, saya bakal balas one-by-one",bmri
2026-05-02,"Investor Baru: Bagaimana Mulai di Periode Ini Mulai dari Rp 1-2 juta sudah cukup. Pilih 3-5 saham dividen aristokrat: TLKM, BBCA, BBRI, BMRI, UNVR. Pastikan punya saham sebelum cum date untuk dapat dividen.",bmri
2026-05-02,"Rincian Beberapa Emiten Penyumbang Dividen Terbesar Mari kita lihat lebih detail beberapa emiten yang berkontribusi signifikan: BBRI (Bank Rakyat Indonesia), BMRI (Bank Mandiri), BBCA (Bank Central Asia), TLKM (Telkom), UNVR (Unilever), PTBA (Bukit Asam).",bmri
2026-05-02,"Analisis Big Bank Indonesia – Timeframe Monthly (Mei 2026) Halo rekan-rekan trader! Mumpung weekend liatin chart dulu, MU juga baru main besok Kita lagi dihadapkan situasi menarik di sektor perbankan. Keempat big bank (BBCA, BBNI, BBRI, BMRI) sedang nunjukin karakter",bmri
2026-05-02,Dividen bmri gede bgt....,bmri
2026-05-02,"Diskon gede, belanja makin pede! Nikmati diskon hingga Rp1 juta* dengan Mandiri Kartu Kredit di Shopee 5.5 Mega Elektronik Sale! Berlaku hingga 6 Mei 2026. Yuk, manfaatkan promonya sebelum kehabisan! *Info lengkap: http://bmri.id/Shopee55BankMandiriberizindan",bmri
2026-05-02,"BMRI: DIVIDEN RP44 TRILIUN, YIELD 8,5%, DAN HURDLE RATE YANG NAIK Bank Mandiri membagikan Rp44,47 triliun sebagai dividen, 79% dari laba bersih 2025, disertai rencana buyback hingga Rp1,17 triliun. Headline-nya rapi: rekor dividen, fundamental kuat, pemegang saham senang. Tetapi",bmri
2026-05-02,"emang susah jadi orang miskin all in BMRI setiap tahun cuma dapet dividen 300jutaan, kagak bisa foya2. cuma bisa liburan ke luar negri 2x setahun, nasib2 jadi orang kismin.",bmri
2026-05-02,baru punya BJBR & BMRI. enaknya nambah apa lagi ya?,bmri
2026-05-02,"Pokoknya BBRI under 2800 & BMRI under 3800, aku beli",bmri
2026-05-02,mudahan mudahan ada gejolak lagi biar dapet BMRI diharga murah plus dapet deviden hehe,bmri
2026-05-02,"Saya ada BMRI, Momen bagi dividen, saya manfaatkan cicil beli agar dapat 2 manfaat sekaligus, 1. Menambah nominal dividen yang di dapat 2. Avg down dimana avg price saya akan berubah",bmri
2026-05-02,"Jadwal dividen $BMRI udah keluar Cum date 8 mei dividen final 376 Total seluruh dividen 476 Jika baru ambil senin di harga 4390 Maka yield nya 8.5% Mantap gede bnget Gak bisa di tolak, Saya cicil beli lagi",bmri
2026-05-02,"@ikaagussetiawan Hai Sahabat ikaagussetiawan, mohon maaf atas ketidaknyamannya. Apabila terdapat ketidaksesuaian data Sahabat, maka perihal tsb kami sarankan untuk melakukan pengkinian data terlebih dahulu dengan mengisi formulir melalui link http://bmri.id/pengkiniandata.Kemudian",bmri
2026-05-02,$BBRI Deviden interim: 137/lembar Deviden final : 209/lembar $BMRI Deviden interim: 100/lembar Deviden final : 377/lembar $BBNI Deviden final : 349/lembar $BBCA Deviden interim: 55/lembar Deviden final : 281/lembar Atas harga penutupan kemarin maka yield nya :,bmri
2026-05-02,"angka ini mungkin jadi retracement untuk harga saham $BMRI (PT Bank Mandiri Tbk): 4,360, 4,285",bmri
2026-05-03,"Stock Exchange At the end of 2025, IDX once hit a new ATH. But lately, the online world is abuzz with the stock markets drastic decline. Even the shares of Big Banks, considered strong, have collapsed: BBCA, BBRI, BMRI, etc. Why? Once again, this is just my personal",bbri
2026-05-03,"BBRIs profit drops -5.3% to Rp57.1T. BBCAs profit +4.9% to Rp57.5T but price still plummeting. NVIDIA also dipped 10% early in 2026. US stocks carry the same risks, correction could happen anytime... #DYOR #PasarModal",bbri
2026-05-03,Wheres Holder BBRIs voice at? Hows the status of this MBG KOPDES credit?,bbri
2026-05-03,"bbri 1500 bmri 2000, lets Go!!!",bbri
2026-05-03,"Thats why Indonesian retail investors are getting fried by foreigners . If only these 25 million Indonesian retail investors saved up 5 lots of BBRI, BMRI, BBNI and locked them without selling for 10 years. I guarantee IHSG would go to the moon, the rupiah would stabilize, and",bbri
2026-05-03,"The S&P keeps hitting new ATHs, will the IHSG catch fire or turn green on Monday? Especially big bank stocks like BBCA or BBRI",bbri
2026-05-03,"Isnt BBRI one of the drivers of the JCI..?? All this time, 75% of BBRIs free float has been controlled by foreigners; this is the moment for foreigners to dump BBRI so we scoop it up and invest long-term—foreigners will lose trillions of rupiah in dividends from BBRI. And",bbri
2026-05-03,"Bro, I wanna ask, what would happen if 25 million retail investors (local) save up 2 lots of BBRI each, and hold them without selling for 10 years..?? Would BBRI shoot to the moon, and the 50 million lot dividend that’s been controlled by foreigners all this time finally come",bbri
2026-05-03,"BBRI, I suggest accumulating at Rp 3270 per share. But its still safe, the dividend is still above 10%.. tomorrow if its at 2990 or 3000. Scoop up more. Consider it saving for old age.",bbri
2026-05-03,Invest d saham kak.. BBRI lagi diskon.. dividen yieldnya nya 11%,bbri
2026-05-03,"Bro, BBRI at the current price has a dividend yield of 11%. That means the dividend money from 25 million lots will keep circulating domestically. If foreigners dump again, well scoop it up again for investment, not trading—automatically, IHSG to the moon. If the free float",bbri
2026-05-03,Pesan Purbaya pada gen Z jangan lupa nyerok BBRI sekarang sudah harga becak. Dan bila dapat jangan di jual jadikan investasi jangka panjang dengan yeild 11% setahun...,bbri
2026-05-03,serok bbca or bbri?,bbri
2026-05-03,"Whats good is that Prabowo instructed all civil servants, both military and civilian, to be required to have an RDN and required to scoop up 5 lots of BBRI, 5 lots of BMRI, 5 lots of BBNI. And the key is, dont sell them for 10 years. I guarantee the JCI will go to the moon.",bbri
2026-05-03,Buy BBRI stock and you will be paid by BBRI Rp 600 million/year..!!,bbri
2026-05-03,"(1) Dear President of Indonesia, I have a crazy idea for Indonesias economy: first, instruct all ASN (civilian and military) to be required to have an RDN. And instruct them to be required to buy 5 lots of BBRI, 5 lots of BBNI, 5 lots of BMRI, and they can sell 10 years from",bbri
2026-05-03,"I suggest to the 25 million retail (local) investors, lets save up for BBRI at least 2 lots and lock it for 10 years. I guarantee BBRI will do a stock split in the next 5 years. IHSG to the moon.",bbri
2026-05-03,Save up with BBRI: 5 lots.,bbri
2026-05-03,"5 million civil servants times 5 lots of BBRI thats 25 million lots, thats billions of shares that are locked up, the law of the market applies—scarce goods, prices rise. Not to mention retail investors also doing long-term investments, so retail becomes the controller because",bbri
2026-05-03,Im still stuck again at BBRI,bbri
2026-05-03,"Waa....damn...whys it getting stuck like this, bro?",bbri
2026-05-03,"Haha, I just bought BBRI at 3,000 yesterday",bbri
2026-05-03,"For example, this one—in the end, its orientation is profit-oriented too. Prabowo just wants the optics. In reality, there are many ways to make peoples credit at 5% still highly profitable for $bmri $bbri Also, Danantara will not let Prabowo kill their golden goose.",bbri
2026-05-03,"Keep an eye on BBCA, BMRI, BBRI while holding tight, the problem is our market is so dependent on the yapping from him whose comments often blunder",bbri
2026-05-03,"I retired at 40, 1000 LOT BBCA, 1000 LOT BBRI, 1 BTC, 100,000 $KAS, 2M DEPOSIT, plus 1 simple house in my hometown while gardening. Btw Im still single, and Ive decided not to get married.",bbri
2026-05-03,"Now the banks Im only paying attention to are just 2 banks, om Bbri and bmri",bbri
2026-05-03,"Bbri div 200, turunnya 400.. bmri juga akan sama",bbri
2026-05-03,"BREN is a magical wizard, market cap 590 T. Amazingly, the total equity (assets) is even larger than BBRIs dividends in a year .",bbri
2026-05-03,"If Brother Prabowo instructs all civil servants (civilian and military) to be required to have an RDN and required to scoop up 5 lots of BBRI, 5 lots of BBNI, 5 lots of BMRI. Dont sell until 10 years. Brother guarantees IHSG to the moon .",bbri
2026-05-03,5% flower... then Ill wait for tomorrow at 2500,bbri
2026-05-03,"Bro, I want to ask what would happen to the IHSG if civil servants and military personnel (ASN) were required to have an RDN account and were mandated to buy BBRI, BBNI, BMRI in 5 lots. And then forced to sell 10 years from now..!",bbri
2026-05-03,BBRI 1K ini mah wkkwkwk,bbri
2026-05-03,"If its above 3% inflation, yeah, you can get an average of 6-7% from SBNs.. or buy BBRI stock thats on discount right now, and in a year it could rise 20% plus an 11% dividend yield",bbri
2026-05-03,"Bbri cutloss then keep entering conglomerate stocks, seems like it might even cover the losses",bbri
2026-05-03,Kalo bbri saat ini masih madesu ya pak,bbri
2026-05-03,BBRI is crying bloody tears right now..,bbri
2026-05-03,Bbri d.dan w,bbri
2026-05-03,"Great for scooping up, bro. Imagine if 25 million Indonesian retail investors saved up 10 lots of BBRI and held them for 10 years. I guarantee the JCI would go to the moon—its a rare gem, especially since at the current price you can snag an 11% dividend.",bbri
2026-05-03,"Masih lama. Justru momen saat ini digunakan untuk avg down, BBRi nya di hold saja toh setiap tahun dapat uang fresh dari dividen bisa gunakan untuk di investasikan kembali agar tidak kena pph final, kalau tujuannya jangka panjang sebaiknya Bumi nya yg di buang.",bbri
2026-05-03,"Kerink bang. Already got chopped by bbri and bbca. Was almost done, but got chopped even more. Wokwokwok",bbri
2026-05-03,Sudah waktunya serok banyak BBCA atau BBRI,bbri
2026-05-03,"bbri aja kurang mau dp mc laren, sial",bbri
2026-05-03,"Anyway, BMRI 3000-3500, BBRI 2000-2500, hrs grab a bunch. Dont look at the IHSG tho",bbri
2026-05-03,"I really want BigBanks to take off, bro, cause the last few years its been stuck in neutral, just hang in there, bro, plus the latest BBRI news got my head spinning with a thousand thoughts, nobody knows whats up either",bbri
2026-05-03,"Public Credit Exposure is overweight on $BBRI, so actually its not too material for $BMRI, which is essentially wholesale lending. Even that, since 2020 theres already been KUR at 6%, so 5% isnt something thats totally out of mind.",bbri
2026-05-03,"Kuliah semester 2 udah melek investasi itu keren banget! BBRI itu blue chip, bukan saham gorengan. Turun belasan persen buat rencana 3 tahun itu hal biasa. Selama pake uang dingin, mending lanjut nabung rutin biar pas lulus nanti tabungan nikah kamu udah gemuk karena efek",bbri
2026-05-03,"I hope the stocks $BBRI, $BBNI, $BMRI are not affected by Prabowos blunder $IHSG",bbri
2026-05-03,"Those 50 people got rich because of retail FOMO—those who dared to buy their stocks at PE 300, PBV 50× and up . Meanwhile, their companies total assets are below BBRIs total dividends .",bbri
2026-05-03,"Bbri 1000, bbtn 750 bmri 2000",bbri
2026-05-03,Pek bbri dan bbni pek..kamsia pek,bbri
2026-05-03,"I want the one from ICBP Noodle Division, bro",icbp
2026-05-03,Icbp 3d .. Desain by haji erick tanaka,icbp
2026-05-03,Gw udh report ke cs tlkm tp msh sm aj emg bapuk jing,tlkm
2026-05-03,"Bukan hanya harga saham Bank, semua saham juga turun, termasuk misal TLKM (yg gak dipaksa beayai MBG) Bahkan IHSG juga turun. Menyimpukan harga saham Bank turun karena dipaksa beayai MBG & koperasi itu sungguh ter la lu",tlkm
2026-05-03,"The GOTO shares were already bought by TLKM before Danantara was formed. Back in the day when Tohir brother and the gang were around. Because TLKM entered Danantara automatically, and Danantara has ownership in GOTO. Its not him adding to the load.",tlkm
2026-05-03,"PT Telkom Indonesia (Persero) Tbk (stock code: TLKM) has announced a plan for share repurchase or buyback valued at a maximum of Rp 1 trillion, including transaction costs and other related expenses.",tlkm
2026-05-03,"The answer: BBCA is suitable for long-term CORE HOLDING — quality blue chip, lowest NPL, ROE 22%. But P/E 22x premium. For income (yield 5-7%), blend with BBRI/BMRI/TLKM. Monthly DCA remains the best strategy for beginners. #KeuanganIndonesia",tlkm
2026-05-03,"Guys, ada dosen yang cerita punya saham BMRI dan katanya tahun ini dividen dari BMRI aja tembus Rp112 juta. Coba kita hitung kasar biar kebayang scale-nya Dari screenshot: ada kempilikan saham Balance: 3.055 lot 1 lot = 100 lembar = total saham: 305.500 lembar Average",bmri
2026-05-03,"Jawabannya: BBCA cocok untuk CORE HOLDING jangka panjang — quality blue chip, NPL terendah, ROE 22%. Tapi P/E 22x premium. Untuk income (yield 5-7%), blend dengan BBRI/BMRI/TLKM. DCA bulanan tetap strategy terbaik untuk pemula. #KeuanganIndonesia",bmri
2026-05-03,"Bursa efek Ahir rahun 2025 ISH sempet Bikin ATH baru. Tapi Belakangan jagad maya geger dengan kondisi bursa efek yg turun drastis. Bahkan saham² Big Bank yg dianggap kuatpun ikut runtuh: BBCA, BBRI,BMRI, dll. Kenapa? Sekali lagi ini opini pribadi.",bmri
2026-05-03,"Semoga saham $BBRI, $BBNI, $BMRI tidak terpengaruh oleh cocotnya Prabowo $IHSG",bmri
2026-05-03,"Yeah, $CPIN and $UNVR, right",unvr
2026-05-04,Important BBRI Stock Signal #saham #infosaham #investasi,bbri
2026-05-04,Latest Valuation of BBRI Stock #saham #infosaham #investasi,bbri
2026-05-04,"CONDITIONS FOR $IHSG TO RETURN TO ATH (10,000): 1. BIG BANKS MUST RECOVER $BBCA $BBRI $BMRI 2. CONGLOMERATE STOCKS MUST RISE 3. FOREIGN INFLOW NO.3 ALONE IS ALREADY DIFFICULT",bbri
2026-05-04,"This ear bank group thats a bit different HAHAHA Impostors, yeah, theyre on their own wavelength, foreign, and then they buy BBNI, who knows if they like it for some reason or because BBNIs slice in their portfolio is still small compared to BBCA, BBRI, BMRI, so theres",bbri
2026-05-04,"IHSG Technical View May 4, 2026 Last week, the IHSG closed down 2.03%, accompanied by foreign net selling of ~IDR 1.65 trillion. The stocks most heavily sold by foreigners were BBCA, BBRI, BMRI, ANTM, and GOTO.",bbri
2026-05-04,Klo bbri cap ?,bbri
2026-05-04,"Average BELI blackrock di BBRI 2717/share, value 8.2 Trillion, held for 16 years Will BBRIs price be brought to 2700/share? If BBRIs price this year is 375/share, with annual EPS 408/share and DPR 92%, then next year BRI will distribute a dividend of 3750/share, yield almost",bbri
2026-05-04,"even carried away in a dream, bro, wbsa unsus then flying to 1660, bbri to 4600, lead also green, the red ones just bbca but that was just my dream",bbri
2026-05-04,Feeling the Important Difference in BBRI Stock #saham #infosaham #investasi,bbri
2026-05-04,"MAY 4, 2026 BIG BANK STOCKS $BBCA $BBRI $BMRI HAVE ALREADY STARTED SEEING THIN FOREIGN BUYING.. HOPING 1 WEEK CONSISTENT ACCUMULATION IS ENOUGH",bbri
2026-05-04,"Heres my dream, though.. Ive been regularly saving up in BBRI since last year.. still floating loss, pretty decent actually. But as long as I keep getting dividends, I figure those are the real profit, while the FL is just on paper stuff that can change anytime.. Anyway, every",bbri
2026-05-04,Ayo ah angkat YU $bbri nya.,bbri
2026-05-04,BBRI.,bbri
2026-05-04,"The answer is BBCA, BBRI, BREN, DSSA. They dominate the market cap. And theyre dropping.",bbri
2026-05-04,So it makes sense why bbri 3000,bbri
2026-05-04,"BBRI -12%, BBRI - 20%, BMRI -11% What kind of market is this",bbri
2026-05-04,"How can you save money when the situation is tough, plus saving money these days is a loss anyway because inflation is higher than the savings interest rate. Investors right now arent worried but are pulling out and taking their funds abroad, thats whats happening with BBCA",bbri
2026-05-04,"If the big bank stock drops even more, I hope so Wait for BBRIs dividend yield to hit 15%, the others to 12%",bbri
2026-05-04,"dear antek-antek aseng, please buy BBRI, please??!! signed nyangkuters",bbri
2026-05-04,So why did the IHSG crash? Is it because the IHSG crashed that BBRI and ADRO canceled their dividends?,bbri
2026-05-04,"2. Historical 10-Bagger Pattern Study Analyze 10 stocks that achieved 10x returns in the last 5-7 years (e.g., NVDA, TSLA, BBRI during its growth era). Identify common patterns: market cap size at purchase, industry stage, financial condition, and early signals that retail",bbri
2026-05-04,Is Sero BBRI correct at 3000-3020?,bbri
2026-05-04,"Sun dividend, just a small portion but the yield is pretty decent, see you next year, hopefully it distributes a jumbo dividend again. Just waiting for BBRI BMRI",bbri
2026-05-04,"BBRI and BMRI are perfect for retirement, offering severance of 10-11%.. With 2 billion, you can get annual returns from them averaging Rp 200 million",bbri
2026-05-04,"The KUR BBRI 2026 interest rate is 6%, which means it must be lowered to 5%. President Prabowo Subianto in May 2026 reaffirmed the commitment to launch the Peoples Business Credit (KUR) program with a maximum interest rate of 5% per year. This program is targeted to assist",bbri
2026-05-04,Sp 5/5 : 1. mina pnlf inds pnin bank bbri bbni aali film srtg taxi prda ptba panr hajj dsfi admr grph mrat jpfa scma fwct. 2. drma sola netv bren. 3. bata aces smmt pack aces.,bbri
2026-05-04,"Forget Onitsuka Tiger, its time to buy BBRI",bbri
2026-05-04,"Bbri 100,000 lots, can get it or not, bich ych Hey seniors, ask you guys https://vt.tiktok.com/ZS9Qf5Xt8/",bbri
2026-05-04,"There is selling pressure from foreigners in large banking stocks. However, domestic buying power remains strong, as seen from the price increases in BBRI & BBCA this morning. This situation often becomes a transitional phase (distribution or accumulation). Possible Scenarios :",bbri
2026-05-04,"Buka tabungan Brimo lalu buka tabungan emas Pegadaian, beli emas lewat Brimo masuk ke tabungan emas Pegadaian lalu di Pegadaian tabungan emasnya digadaikan jadi dapat duit cash lagi buat beli BBRI dapat deviden beli emas lagi",bbri
2026-05-04,"Its getting harder to predict now. If you want big dividends, you can check the list. For example, the big ones. PTBA, banks like BBRI. If you want swing trading, thats high risk high return. Today it can soar, tomorrow it can crash. For low risk, money market mutual funds.",bbri
2026-05-04,"Bank Rakyat Indonesia (BBRI) has once again recorded solid financial performance with significant profit growth. This achievement is driven by consistent credit expansion, particularly in the MSME segment, which remains the companys primary focus. In addition, maintained asset",bbri
2026-05-04,"Good News for Shareholders of BBCA, BBRI, BMRI, and BBNI. Company profits all rose in 2016, time to average down. Read here guys. https://teguhhidayat.com/2026/05/prospek-saham-bbca-bbri-bmri-bbni.html?m=1",bbri
2026-05-04,"5m is enough, to buy BBRI shares, then live off the dividends ...",bbri
2026-05-04,"$BBRI in DANGER !! Hit 3010 today Now at the last support with the most brutal bargaining down to 2930 If negotiation fails, say hello to 2750",bbri
2026-05-04,"The answer: BULLISH LONG-TERM for big bank stocks (BBCA, BMRI, BBRI) + fintech. KEK = signal that Indonesia is competing with Singapore/Hong Kong. For retail: NOT directly getting individual incentives, but deeper market = portfolio benefit. Lap... #KeuanganIndonesia",bbri
2026-05-04,"ICBP is still thin from volume, just follow koko haji Erik Tanaka, wait for the setup to reverse back.",icbp
2026-05-04,"Dampak ke 4 Instrumen Investasi Populer Dampak 1: Saham IHSG Saham yang RUGI saat rupiah lemah: Saham yang impor bahan baku banyak (consumer goods, manufaktur). Saham consumer dengan target market kelas menengah (UNVR, ICBP) — daya beli turun karena inflasi.",icbp
2026-05-04,Infonya lewat TLKM,tlkm
2026-05-04,Telkom (TLKM) Plans Rp 1 Trillion Share Buyback #saham #infosaham #investasi,tlkm
2026-05-04,"IHSG +0.17% to 6,968.523 in the I session on Monday (4/5/2026). Non-Primary Consumer Goods Sector +1.19%. Primary Consumer Goods Sector +1.05%. Technology Sector -1.35%, Transportation and Logistics Sector -1.24%. IHSG-driving stocks TLKM +1.78% contributing 5.22 points. BBCA",tlkm
2026-05-04,"Before Danantara existed, TLKM had already bought into GOTO and suffered heavy losses. Now that TLKM has joined Danantara, it means that indirectly, Danantara has also entered GOTO through TLKM.",tlkm
2026-05-04,"$TLKM still hasnt released its Q4 2025 financials. When it does, itll definitely add fuel to the Indonesia in the dark fire hahahah. And that probably would mark the bottom.",tlkm
2026-05-04,"I already bought it for TKLK first before Danantar was born After all, the narrative is that Danantar bought it Even though its true that TKLK belongs to Danantar",tlkm
2026-05-04,TLKM itu,tlkm
2026-05-04,"Whys this TLKM going along for the ride, huh? lololol",tlkm
2026-05-04,TLKM already bought it before Danantara existed so itd be a lie if Danantara already bought it once even though TLKM owns Danantara,tlkm
2026-05-04,"TLKM if it breaks below 2,900 today, Ill fully TP and add to the GOCAP queue at 50",tlkm
2026-05-04,"I miss the SBY era when it wasnt just airlines with tons of competition and price wars. But cellular operators were in price wars too. Now theyre colluding, and customers are the ones losing out, like whats happening now with the MK lawsuit over expiring data quotas and 28-day",tlkm
2026-05-04,TLKM keep,tlkm
2026-05-04,4 MEI 2026 SAHAM BIG BANK $BBCA $BBRI $BMRI SUDAH MULAI ADA PEMBELIAN ASING WALAU TIPIS.. BERHARAP 1 MINGGU KONSISTEN AKUMULASI UDAH CUKUP,bmri
2026-05-04,"Bank Mandiri (BMRI) siap bagi dividen Rp376,95/saham! Ini kabar gembira buat investor yang nunggu passive income. Simulasi: 1.000 lembar = Rp376.950,- (before tax) 4 Mei 2026 #BMRI #Dividen #BankMandiri #Saham #Investasi #PasarModal",bmri
2026-05-04,"@akusanali Halo Sahabat akusanali, kami informasikan untuk operasional kantor cabang Bank Mandiri setiap hari Senin - Jumat (kecuali hari libur nasional) jam 08:00 - 15:00 waktu setempat. Perihal operasional kantor cabang Bank Mandiri dapat diakses melalui http://bmri.id/infocabang",bmri
2026-05-04,"Jawabannya: BULLISH JANGKA PANJANG untuk saham bank besar (BBCA, BMRI, BBRI) + fintech. KEK = sinyal Indonesia compete dengan Singapore/Hongkong. Untuk retail: TIDAK langsung dapat insentif individu, tapi pasar lebih dalam = portfolio benefit. Lap... #KeuanganIndonesia",bmri
2026-05-04,"Penat hilang, hati pun senang! Nikmati promo Rp100 ribu* pakai Mandiri Virtual Account untuk transaksi di Traveloka! Berlaku hingga 8 Mei 2026! Yuk, manfaatkan promonya buat short escape atau healing impian! *Info: http://bmri.id/VATravelokaBankMandiriberizindan",bmri
2026-05-04,bmri kak buruan ex date senin,bmri
2026-05-04,BBRI dan BMRI cocok buat hari tua dapat pesangon 10-11%.. punya 2 milyar dapat cuan pertahun dari mereka rata rata Rp 200 juta,bmri
2026-05-04,kan naik kaan bank bumn yg rada laen ini HAHAHA impostor ya beda sendiri asing terus beli bbni entah mereka suka karena apa atau karena porsi bbni di porto mereka memang masih kecil dibanding bbca bbri bmri jadi masih leluasa nambah,bmri
2026-05-04,"SYARAT $IHSG KEMBALI ATH (10,000) : 1. BIG BANKS HARUS RECOVERY $BBCA $BBRI $BMRI 2. SAHAM KONGLO HARUS NAIK 3. ASING INFLOW NO.3 AJA UDAH SULIT",bmri
2026-05-04,Ujian Kembali Dihadapi Saham BMRI #saham #infosaham #investasi,bmri
2026-05-04,Kini saatnya wujudkan aset impian Anda. Mandiri Lelang Festival 2026 resmi hadir dengan berbagai pilihan properti & aset impian yang bisa Anda miliki. Segera temukan aset pilihan Anda. Periode: 1 Mei – 30 Juni 2026 Info: http://bmri.id/mandirilelangfestival2026BankMandiriberizindandiawasi,bmri
2026-05-04,"Dividen matahari, lot dikit aja tapi lumayan yieldnya, see you tahun depan semoga bagi dividen jumbo lagi. Tinggal nunggu bbri bmri",bmri
2026-05-04,"BBRI -12%, BBRI - 20%, BMRI -11% pasar macam apa ini",bmri
2026-05-04,"Kabar Baik Untuk Pemegang Saham BBCA, BBRI, BMRI, dan BBNI. Laba perusahaan naik semua di 2016, saatnya average down. Baca disini guys. https://teguhhidayat.com/2026/05/prospek-saham-bbca-bbri-bmri-bbni.html?m=1",bmri
2026-05-04,jemput aku bmri!!!!,bmri
2026-05-04,"IHSG Technical View 4 Mei 2026 IHSG minggu lalu ditutup turun 2.03%, disertai dengan net sell asing ~1.65 Tn. Saham yang paling banyak dijual asing adalah BBCA, BBRI, BMRI, ANTM, dan GOTO.",bmri
2026-05-04,"𝐔𝐩𝐝𝐚𝐭𝐞 𝐒𝐜𝐫𝐞𝐞𝐧𝐢𝐧𝐠 𝐖𝐚𝐭𝐜𝐡𝐥𝐢𝐬𝐭 𝐒𝐚𝐡𝐚𝐦 𝐈𝐧𝐝𝐨𝐧𝐞𝐬𝐢𝐚 : 𝐇𝐚𝐫𝐢 𝐒𝐞𝐧𝐢𝐧 𝟎𝟒 𝐌𝐞𝐢 𝟐𝟎𝟐𝟔 (𝐂𝐥𝐨𝐬𝐢𝐧𝐠). I = BBNI, PTBA, UNTR, INDF, ITMG. II = PANI, ISAT, MDKA. III = JPFA, ESSA, TINS, AALI, HRTA, AKRA, TINS, EMAS.",isat
2026-05-04,"Di sisi lain, AI mulai jadi mesin baru: Layanan AI Neocloud menyumbang pendapatan sebesar USD 16 juta pada 1Q26, didorong kolaborasi dengan NVIDIA dan Google. Sumber: MNC Sekuritas Retail Research Disclaimer On #MNCSekuritas #MotionTrade #InvestasiLiteStyle #ISAT #Saham",isat
2026-05-04,Bisa naik sampai berapa dan apakah sinyal perlawanan naik ini bisa melanjutkan lagi tren naik harga saham $ISAT yang sudah berjalan dari tahun lalu? Pembahasan selengkapnya di sini,isat
2026-05-04,ISAT : Bisa naik sampai berapa? | Elliott Wave Analysis Harga saham #ISAT terlihat mulai bergerak naik pada perdagangan di awal minggu ini setelah tertekan turun di beberapa minggu sebelumnya,isat
2026-05-04,"The JCI opened higher at 7,023.96 on Monday (4/5). This gain was in line with rises in a number of big-cap stocks, including TPIA, BREN, UNVR, and up to AMMN. According to IDX data, the JCI opened up 0.97% or 67.61 points toward the level of 7,023.96. In early trading",unvr
2026-05-05,BBRI Shares Surge Due to This #saham #infosaham #investasi,bbri
2026-05-05,BBRI Shares Sell Like Hotcakes #saham #infosaham #investasi,bbri
2026-05-05,BBRI Stock Could It Be Climbing Up to Here #saham #infosaham #investasi,bbri
2026-05-05,"IHSG +0.83% to 7,029.856 in the I Session on Tuesday (5/5/2026). Basic Materials Sector +1.33%, Financials +1.32%, Transportation and Logistics +1.14% Meanwhile, Industrials -0.62%, Health Care -0.48%. Banking issuers and Prajogo conglomerates were recorded as the main drivers of",bbri
2026-05-05,BBRI Stock: Different Directions #saham #infosaham #investasi,bbri
2026-05-05,Bbri Designed by haji erick tanaka,bbri
2026-05-05,"IHSG ENTERING “SELECTIVE” PHASE — NOT EUPHORIA Inflation: 2.4% Money Supply (M2): 9.74% (ideal zone) What it means: Liquidity is sufficient, but NOT flooding Market is healthy, but not all stocks are rising Impact on stocks: BENEFITED • Banks (BBCA, BBRI, BMRI)",bbri
2026-05-05,"Jual Saham BBRI hingga BRPT Milik Prajogo Rp 2,5 T https://finance.detik.com/bursa-dan-valas/d-8475123/asing-borong-saham-bbri-hingga-brpt-milik-prajogo-rp-2-5-t??utm_campaign=detikcomsocmed&utm_medium=oa&utm_source=twitter&utm_content=detikfinance",bbri
2026-05-05,Asing Borong BBRI! Harga Terbang & Fundamental Makin Solid,bbri
2026-05-05,modus: Berkebun CUAN: posit1F: matang CUAN: averaging down + TUNAI PORTOFOLIO terjaga aman: 03 -03-2026 s.d. 05/05/2026: ADES ANTM APLN ASII BBRI BNII ELSA EXCL GOTO INDY KEJU KIJA LAJU ROTI TLKM WIKA ADRO,bbri
2026-05-05,"Update Screening Watchlist Saham Indonesia : Trading Day, 05 May 2026 (Closing). I = BBNI, ITMG, ARCI, INDF, UNTR. II = ADRO, ARCI, ISAT, PTBA. III = BBRI, SRTG, ELSA, AKRA.",bbri
2026-05-05,"PT Bank Rakyat Indonesia (BBRI) states that revenue from its subsidiaries has become one of the key supports for the companys performance in the first quarter of 2026. Recorded, BRIs consolidated profit in the first quarter of 2026 reached 15.5 trillion rupiah, or an increase",bbri
2026-05-05,"BBRI stock is in the spotlight right now ahead of the April 2026 AGMS! Even though foreign investors are selling off a lot, management is optimistic about distributing a final dividend of Rp2064 per share thanks to strong financial performance. Dont forget to check the technical",bbri
2026-05-05,"Henky seems like an influence PP whos being kept by the conglomerate to hypnotize retail investors..!! Its already an open secret that this Mr. PP uses Andani tactics in the Indian stock exchange. BRPT gets a 1 trillion LBA, the influencer rushes to buy BRPT, thats a profit",bbri
2026-05-05,Serok BBRI,bbri
2026-05-05,Trims bbri,bbri
2026-05-05,"Cbre, pgeo, bbri,",bbri
2026-05-05,"Foreign investors are starting to enter and buy shares of Indonesias largest bank, BBRI, with a net buy of 244 billion.. hopefully this becomes the turning point for IHSG heading toward an uptrend.",bbri
2026-05-05,BBRI 1.500..,bbri
2026-05-05,"sp 6/5 : 1. ssia smra cent bmri bbni brpt tpia pipa totl hmsp ades raja lucy ptro indy cbre cdia btps bbri unvr aces cuan tool. 2. bipi, 3, kota pans bdmn dooh. + ppre.",bbri
2026-05-05,"Bro, the foreigners hold 50% of BBRI for investment, 50% for trading. Even if foreigners dump BBRI shares, the 50% BBRI stock isnt affected. Now, when it drops close to the original purchase price, foreigners start scooping it back up. Remember, bro, the 50% that foreigners hold",bbri
2026-05-05,"If you had Rp100 million and invested in Indonesias most popular stocks in 2023, heres what theyd be worth now: BBCA → Rp67 million (-33%) BBRI → Rp65 million (-35%) BMRI → Rp85 million (-15%) TLKM → Rp67 million (-33%) GOTO → Rp39 million (-61%) Average: down from",bbri
2026-05-05,all in bbri. kayake hampir dapet sejuta lembar kan ya. hidup menikmati deviden 20jt+ sebulan sambil kerja secukupnya,bbri
2026-05-05,"Asing udah mulai beli BBRI lagi, apakah sudah mulai bergairah?",bbri
2026-05-05,05 Mei 2026 Big Bank sudah mulai hijau nih $BBCA $BBRI $BBNI $BMRI,bbri
2026-05-05,"$BBRI is solid, its fibo 0.7 level pulled from the COVID-19 crash. At 3,030. Now its already climbed to 3,170. Praise be to God, hopefully this stock has already hit bottom.",bbri
2026-05-05,"Bro, is this on discount now or still gonna keep dropping?",bbri
2026-05-05,"Ide bagus 25 juta ritel Indonesia beli BBRI Rp 3000/ lembar, hold sampai 20 tahun.ane jamin asing juga keteteran . Apalagi rata rata dari 25 juta investor ritel pegang 100 lot BBRI. Ane jamin 5 tahun mendatang BBRI stok plit 1:5 buat goda ritel supaya jual",bbri
2026-05-05,"How are you all, retail cuties? Sell or Hold before May 12th comes up? #BBRI #Stockbit",bbri
2026-05-05,"Praise be to God, bro, BBRIs at Rp 3125.80/ after accumulation!!",bbri
2026-05-05,Top 5 Net Foreign Buys in the First Trading Session on Tuesday: PT Bank Rakyat Indonesia (Persero) Tbk (BBRI) – Rp259.27 billion PT Barito Pacific Tbk (BRPT) – Rp169.31 billion PT DMS Propertindo Tbk (KOTA) – Rp59.52 billion PT Bank Negara Indonesia (Persero) Tbk (BBNI) –,bbri
2026-05-05,"BBCA is back to around 6k and BBRI has also been around 3k since yesterday and today the trend looks like its rising, is the banking sector getting healthy again or is it just a momentary hallucination? (While praying that the old man doesnt blunder by shouting unnecessary",bbri
2026-05-05,"If the debt is in IDR, buying SPY VOO QQQ with it feels great, man But if its BBCA BBRI, whoa, thats a whole different story lololol",bbri
2026-05-05,"Turns out the banking has a flow, if it lasts till afternoon we can stay like this, thatd be great (didnt expect it when I saw BBRI spamming running trades)",bbri
2026-05-05,Udah bantu ngangkat dgn beli $BBRI 1 Lot aku tadi kang dede,bbri
2026-05-05,"Bank Rakyat Indonesia (BBRI) expands the reach of financial services through the BRILink Agent network. By the end of March 2026, the number of BRILink agents will exceed 1.18 million agents spread across 66,450 villages, reaching more than 80% of the total villages in Indonesia.",bbri
2026-05-05,"Hold on tight till it covers the loss, bbri",bbri
2026-05-05,"Damn, the price was supposed to drop but it went up instead... such a pain.",bbri
2026-05-05,"Look at BBRIs position now Why is it rising like this, foreigners not pouring in .... Why when its red, foreigners join in the pouring instead... @marvelle_danny help answer it...",bbri
2026-05-05,$Bbri finally rebounds,bbri
2026-05-05,session 1 foreign net buy sell balanced foreigners entering bbni bbri but still dumping bbca bmri and of course the champion being dumped is goto haha,bbri
2026-05-05,"Gain intraday 5/5 : smmt 5.6%, bren 4.5%, pack 4.2%, inds 3.7%, bbri 3.3%, sola 3%, bbni 2.3%, film 2%, aces 2%.",bbri
2026-05-05,Why this time BBRI rises with volume But Im sad instead ych......,bbri
2026-05-05,"Investors aggressively scooped up shares of PT Bank Rakyat Indonesia (Persero) Tbk (BBRI) with a net buy of Rp259.27 billion in the first session of trading on the Indonesia Stock Exchange, Tuesday (5/5/2026). This move drove BBRIs share price up 3.62% to Rp3,150 per share,",bbri
2026-05-05,$BBRI opened today and immediately rose 4%,bbri
2026-05-05,WBSA 3lot is struggling with my shortcomings in BBRI,bbri
2026-05-05,"If BBRI drops below 1000, but its performance is better than in 2025, Ill scoop up a ton of BBRI. Pretty nice knowing the dividends solid. Wkkwkwkw",bbri
2026-05-05,"Only $BRPT here, the non-banking one bold enough to show up in the top 4 today the Big Four accompanying king $BBCA $BBRI and $BMRI",bbri
2026-05-05,"Keep watching the group, later BBRI gets sold at 3200, like lppf with capital of 800 sold at 1000",bbri
2026-05-05,"ICBP is very ok, GTSI ok. But underline this. 2 years wont guarantee anything if a crisis happens because this number could take even longer, becoming 3-5 years more to recover because its tied to revenue. I also have something stuck, just 1, but the difference is I didnt",icbp
2026-05-05,Speaking of $ICBP.. baca ini Kak,icbp
2026-05-05,Q1 2025 vs Q1 2026 ICBP (consumer): Revenue: 20.2T → 21.7T (+7%) Operating profit: 5.1T → 4.6T Net profit: stable (~3T) Why did operating profit decrease? Because 2025 had one-off income 2026 returns to normal Core business? Still healthy.,icbp
2026-05-05,"Laba Indofood (INDF) Down, ICBP Up: Latest Stock Recommendations and Analysis",icbp
2026-05-05,"haha, this just adds more lol, especially ICBP, just pay it off monthly with whatever money you have, 300-500k is fine, its a good company anyway",icbp
2026-05-05,"Shm! Hey guys, if you were in my position with a -18-50% loss like this, would you sell or what? Btw Im a beginner and bought $ICBP $GTSI originally planning to save up on stocks but ended up with continuous losses. Can this be held for the long term (2-5 years)? ?? Pliss give",icbp
2026-05-05,modus: Berkebun CUAN: posit1F: matang CUAN: averaging down + TUNAI PORTOFOLIO terjaga aman: 03 -03-2026 s.d. 05/05/2026: ADES ANTM APLN ASII BBRI BNII ELSA EXCL GOTO INDY KEJU KIJA LAJU ROTI TLKM WIKA ADRO,tlkm
2026-05-05,"Do you guys believe it?? They shouldve said we didnt buy GOTO shares but through Telkom Cause Telkom used to invest in GOTO back then And now TLKM is under Danantara So Telkoms stuff basically becomes our Danantara stuff If theyve already bought it, doesnt that mean",tlkm
2026-05-05,actually Danantara is already at GOTO Through TLKM which got stuck ...wkwkwkwkwkw,tlkm
2026-05-05,"They have goods from Tlkm that were bought from ytta. This issue is being stirred up again because big whale wants to exit, but theres no liquidity provided. Feels so good that Danantara will enter Goto again.",tlkm
2026-05-05,"ini bener bang, udh lama juga tlkm nyangkut di goto",tlkm
2026-05-05,"If you had Rp100 million and invested in Indonesias most popular stocks in 2023, heres what theyd be worth now: BBCA → Rp67 million (-33%) BBRI → Rp65 million (-35%) BMRI → Rp85 million (-15%) TLKM → Rp67 million (-33%) GOTO → Rp39 million (-61%) Average: down from",tlkm
2026-05-05,"I only trust TLKM for big caps, and GMFI instead of its GIAA, both GMFI (owned by GIAA) and CASS (Emtek group) are small profitable companies, but due to their liquidity constraints on ADTV, people get lazy trading there",tlkm
2026-05-05,"𝐔𝐩𝐝𝐚𝐭𝐞 𝐒𝐜𝐫𝐞𝐞𝐧𝐢𝐧𝐠 𝐖𝐚𝐭𝐜𝐡𝐥𝐢𝐬𝐭 𝐒𝐚𝐡𝐚𝐦 𝐈𝐧𝐝𝐨𝐧𝐞𝐬𝐢𝐚 : 𝐇𝐚𝐫𝐢 𝐒𝐞𝐥𝐚𝐬𝐚, 𝟎𝟓 𝐌𝐞𝐢 𝟐𝟎𝟐𝟔 (𝐂𝐥𝐨𝐬𝐢𝐧𝐠). I = BBNI, ITMG, ARCI, INDF, UNTR. II = ADRO, ARCI, ISAT, PTBA. III = BBRI, SRTG, ELSA, AKRA.",isat
2026-05-05,"sp 6/5 : 1. ssia smra cent bmri bbni brpt tpia pipa totl hmsp ades raja lucy ptro indy cbre cdia btps bbri unvr aces cuan tool. 2. bipi, 3, kota pans bdmn dooh. + ppre.",unvr
2026-05-05,"Without the filter, ROE dropped to $unvr this year, a whole 1 company Imagine every year its profit is 1.3x its equity, like splitting in two every year",unvr
2026-05-06,"JAKARTA – The Composite Stock Price Index (IHSG) rose 0.83% or 57.90 points to 7,029.86 in the first trading session on Tuesday (5/5), after briefly touching the lowest level at 6,921.6. Read more: https://idnfin.id/a63514",bbri
2026-05-06,BBRI Stock Turns the Tide After 13 Days of Market #saham #infosaham #investasi,bbri
2026-05-06,Major banks resume buyback actions. BBCA: Rp5 trillion BMRI: Rp1.17 trillion BBNI: Rp905 billion This step is often interpreted as a signal of managements confidence in the stocks valuation. Will BBRI follow suit? #BBCA #BBRI #BMRI #BBNI #PinePick,bbri
2026-05-06,BBRI: Has the downtrend finished? | Elliott Wave Analysis The #BBRI stock price appears to have started moving upward in yesterdays trading after continuing to be pressured downward in the previous few weeks,bbri
2026-05-06,"BBRI Stock Being Accumulated, While Its Cheap, Price Could Reach This Level #saham #infosaham #investasi",bbri
2026-05-06,"multiBAGGER: total matang CUAN: plus at minus: portofolio: +1133,07%: 06 Mei 2026: ABMM ADES ADES ADMR ADRO AMRT AMRT ANTM ANTM APLN APLN ARTO ASII ASII ASRI BBCA BBCA BBRI BBRI BLTA BNII BNII BNII BREN BREN BREN BUMI BUMI",bbri
2026-05-06,"Yesterdays main driver: Financial sector acts as anchor → BBCA BBRI BMRI BBNI all green in unison Surprise of the day: BRPT ARA +25% — lands in top gainers with insane volume WBSA enters FCA, ARA also +10% but vol still huge, is there distribution potential already? Raw",bbri
2026-05-06,"Tomorrow itll go up, because the big bosses who get BBRI dividends in the hundreds of millions or billions will sweep up BBRI using their trading limit funds, paying on Friday, the BBRI dividend payout day, around Rp 15 trillion..!!",bbri
2026-05-06,Nunggu BBRI & BMRI,bbri
2026-05-06,"THS: multiBAGGER: NO Beggars: 5 taon, 10 taon, sejak AWAL Observasi: MAPI UNVR ASII ICBP BBCA BBRI IHSG CPIN adro AMRT pgeo DSSA BYAN BREN jsmr elsa antm arto indy : +3150,00% s.d. +15,05%: konsistensi: 4957,47% (CPIN sjak AWAL): 1384,54% (ICBP sjak AWAL): portofolio:",bbri
2026-05-06,"Bank Mandiri (BMRI) recorded a decline in its cost of credit, or CoC, from 0.71% in the first quarter of 2025 to 0.48% in the first quarter of 2026. Declines were also seen in Bank Rakyat Indonesia (BBRI) from 3.5% to 3.2%, as well as Bank Tabungan Negara (BBTN) from 1.1% to",bbri
2026-05-06,"How high can it rise, and could this upward resistance signal be a sign that the downward stock price trend for $BBRI, which has been ongoing since last year, has already ended? Full discussion here",bbri
2026-05-06,theres no $BBRI ya,bbri
2026-05-06,"IHSG +1.22%. Oversold already, reversal signal emerging. Still wait and see? What to watch out for today: $SSIA $RAJA $CUAN $CDIA $BBRI R: 7.150 | Pivot: 7.100 | S: 7.000 Dont end up understanding it too late.",bbri
2026-05-06,"For the best BBRI dividends, for BBCA service, for BMRI capital gains.",bbri
2026-05-06,"Thats right, the price of big state-owned bank BUMN stocks is already at a discount..!! Amazingly, retail investors are scared , even though the annual banking profits are shared among shareholders . BBRIs profits alone could buy BRENs assets (50 trillion)..",bbri
2026-05-06,"Dividend date 8 for ADRO & BBRI at the same time, ex-date for BMRI. After that, just cash out from this market for now, for example..",bbri
2026-05-06,"Oh, these pessimists dont even know theres a treasure trove in the portfolio where BBRIs price is now as cheap as a rickshaw. In the next 5-10 years, itll be Rp 6,000-8,500 per share.",bbri
2026-05-06,"$BBNI, yg nyusul $BBRI $BNGA $ADRO",bbri
2026-05-06,"Rekomendasi Saham Potensial — Rabu, 6 Mei 2026 BBRI – Hold/Trading Buy Entry: 3070 -3120 Target 2: 3450 Target 1: 3300 Stoploss: <2990 By Phintraco Sekuritas Investment Advisor Team - Disclaimer On -",bbri
2026-05-06,Tomorrow Ill buy if BBRI goes back to 6000,bbri
2026-05-06,"Thats way below the price when BlackRock scooped up BBRI, bro BBRI was snapped up by BlackRock 17 years ago at a price of Rp 2717 per share BBRI.!!",bbri
2026-05-06,waiting for ADRO and BBRI on the 8th turns out mutual funds have dividends too,bbri
2026-05-06,"Can it really go up to 20,000, bro?",bbri
2026-05-06,"Skrrg BBRI and other state-owned banks rarely have offline meetings. Most of the time, theyre online through KSEI. Only a handful of people know the location of the offline meetings. Because in the invitation, its just written Jakpus and Jaksel.",bbri
2026-05-06,"Thanks for the Akra 3%, time to take a break from playing the stock market first because there are big events coming up Will input into BBRI",bbri
2026-05-06,"Aku otodidak belajar dari yt sama tt kak, terus analisa teknikal mandiri. Kemaren ngejar dividen bbri juga sempet loss 30rban soalnya cuma 1 lot, nanti tanggal 8 dapet 16rb kayaknya dari bbri",bbri
2026-05-06,"Ada Sinyal buy $BBRI apakah sudah rebound dimulai? $BUMI menarik kemarin ada transaksi nego jumbo, AVG under 230 nampaknya masih aman",bbri
2026-05-06,"Continuing if you have 100 million, say if you hold $BBRI Lets assume 30 April 2021 - 30 April 2026 100 million = 246 lots Capital gain = - Rp. 26,318,383 Dividend = Rp. 33,533,268 Total gain / loss = Rp. 7,214,884 Maybe thats why Bleklok didnt sell after years..",bbri
2026-05-06,"THS: multiBAGGER: NO Beggars: 5 taon, 10 taon, sejak AWAL Observasi: MAPI UNVR ASII ICBP BBCA BBRI IHSG CPIN adro AMRT pgeo DSSA BYAN BREN jsmr elsa antm arto indy : +3150,00% s.d. +15,05%: konsistensi: 4957,47% (CPIN sjak AWAL): 1384,54% (ICBP sjak AWAL): portofolio:",icbp
2026-05-06,Icbp. 4 jam Profit 2 days avg.. Hopefully it brings blessings,icbp
2026-05-06,"Yeah, it did have it back then under $TLKM",tlkm
2026-05-06,"PT Telkom Indonesia (Persero) Tbk (TLKM) provides an explanation regarding the investigation process conducted by two United States authorities, namely the U.S. Securities and Exchange Commission (SEC) and the U.S. Department of Justice (DOJ). Read more",tlkm
2026-05-06,"Today Im a bit more free, but its still pretty likely I wont be able to update quickly yet, okay? BRPT still keep Bang BECA still keep BULL sold out PTRONK still keep GOCAP dont even ask TLKM Im averaging up MBMA sold out BEKASEOUL keep BIPI keep The other 4 are still",tlkm
2026-05-06,Telkoms ($TLKM) auditor is EY,tlkm
2026-05-06,"Jaga kesehatan, hidup lebih nyaman. Dapatkan hemat 10%* untuk layanan kesehatan di Siloam Hospitals pakai Mandiri Kartu Kredit! Berlaku hingga 31 Desember 2026. Yuk, manfaatkan promonya sekarang dan jaga kesehatanmu dengan lebih tenang! *Info: http://bmri.id/SiloamReguler26",bmri
2026-05-06,"Liburan makin dekat, deal-nya makin hemat! Nikmati diskon hingga Rp5 juta* dengan Mandiri Kartu Kredit di Traveloka 5.5 Epic Sale! Berlaku 4–8 Mei 2026. Yuk, manfaatkan promonya buat healing! *Info: http://bmri.id/Traveloka55BankMandiriberizindandiawasioleh",bmri
2026-05-06,Lihat chart terakhir aih bmri,bmri
2026-05-06,"Waktu yang tepat untuk belanja di Lazada! Nikmati diskon hingga Rp325 ribu* pakai Mandiri Kartu Kredit di Lazada! Berlaku hingga 8 Mei 2026. Yuk, checkout isi keranjangmu sekarang juga! *Info: http://bmri.id/lazada55BankMandiriberizindandiawasiolehOtoritas",bmri
2026-05-06,Bisa naik sampai berapa dan apakah sinyal perlawanan naik ini bisa menjadi sinyal dari sudah selesainya tren turun harga saham $BMRI yang sudah berjalan dari tahun lalu? Pembahasan selengkapnya di sini,bmri
2026-05-06,BMRI : Bisa naik sampai berapa? | Elliott Wave Analysis Harga saham #BMRI terlihat mulai bergerak naik pada perdagangan kemarin setelah tertekan turun di beberapa minggu sebelumnya,bmri
2026-05-06,"Upgrade smartwatch baru biar lari makin semangat! Dapatkan Huawei Watch GT Runner 2 dengan diskon hingga Rp350 ribu* pakai Mandiri Kartu Kredit di Shopee! Berlaku hingga 14 Mei 2026. Yuk, checkout sekarang sebelum promonya berakhir! *Info: http://bmri.id/shopeeGTRunner",bmri
2026-05-06,"tanggal 8 dividen ADRO & BBRI sekaligus ex date BMRI. setelah itu udahlah cash out dari pasar ini dulu, misalnya..",bmri
2026-05-06,"Aksi buyback kembali dilakukan sektor perbankan besar. BBCA: Rp5 triliun BMRI: Rp1,17 triliun BBNI: Rp905 miliar Langkah ini sering diartikan sebagai sinyal kepercayaan manajemen terhadap valuasi sahamnya. Apakah BBRI akan mengikuti? #BBCA #BBRI #BMRI #BBNI #PinePick",bmri
2026-05-06,"Sejumlah emiten mengumumkan jadwal pembagian dividen tunai tahun buku 2025, seperti BMRI, JPFA, hingga BJBR.",bmri
2026-05-06,"emiten Bank Mandiri (BMRI) mencatatkan cost of credit atau CoC turun dari 0,71% pada kuartal I-2025 menjadi 0,48% di kuartal I-2026. Penurunan juga terjadi di emiten Bank Rakyat Indonesia (BBRI) dari 3,5% menjadi 3,2%, serta Bank Tabungan Negara (BBTN) dari 1,1% menjadi 0,9%.",bmri
2026-05-06,"Untuk dividen BBRI yg terbaik, untuk pelayanan BBCA, untuk capital gain BMRI.",bmri
2026-05-06,"Dines di bmri, tapi enakan bca si wkwk",bmri
2026-05-06,Nunggu BBRI & BMRI,bmri
2026-05-06,"Hi Briders & Insan BRILiaN! Dividen cair lebih cepat? Bisa banget! Gak perlu nunggu lama, sekarang kamu bisa nikmati fasilitas BREW Dividen di aplikasi brights. Cek jadwal pencairan untuk saham-saham jagoan kamu seperti ASII, BMRI, hingga PGEO di slide berikutnya!",bmri
2026-05-06,"@ibnus Halo Sahabat @ibnus , mohon maaf atas ketidaknyamanannya. Apabila mesin CSM mengalami kendala, kami persilakan Sahabat bisa melakukan transaksi kembali melalui mesin terdekat lainnya. Informasi lokasi CS Machine dapat akses http://bmri.id/lokasicsmachine.Apabilaberkenan",bmri
2026-05-06,"@cccceeellll Halo Sahabat cccceeellll, informasi program magang Kriya Mandiri dapat diakses melalui http://bmri.id/careeratauwebsitehttp://magentaku.id.Mohonjagakerahasiaandatapribadi.ProsesrekrutmenBankMandirihanyadilakukanmelaluisaluranresmidantidak",bmri
2026-05-06,"Padahal 3 hari lagi cumdate, ini kenapa bmri masih loyo njir",bmri
2026-05-06,"𝐔𝐩𝐝𝐚𝐭𝐞 𝐒𝐜𝐫𝐞𝐞𝐧𝐢𝐧𝐠 𝐖𝐚𝐭𝐜𝐡𝐥𝐢𝐬𝐭 𝐒𝐚𝐡𝐚𝐦 𝐈𝐧𝐝𝐨𝐧𝐞𝐬𝐢𝐚 : 𝐇𝐚𝐫𝐢 𝐑𝐚𝐛𝐮, 𝟎𝟔 𝐌𝐞𝐢 𝟐𝟎𝟐𝟔 (𝐂𝐥𝐨𝐬𝐢𝐧𝐠). I = UNTR, INDF. II = ADRO, MEDC, ARCI, ISAT, BBNI, ITMG. III = UNVR, ENRG, ESSA, PSAB, AMRT, EMAS, JPFA, PTBA, SRTG, ELSA.",isat
2026-05-06,PT Indosat Ooredo Hutchison Tbk (ISAT) akan membagikan dividen tunai senilai IDR 3.58 triliun atau senilai IDR 111 per saham. *Disclaimer On,isat
2026-05-06,"PT Indosat Tbk, emiten telekomunikasi dan digital berkode saham ISAT, akan membagikan total dividen Rp3.579.840.016.227 atau Rp111 per saham untuk kinerja tahun 2025. #Indosat #Dividen2025 #DividenRp111PerSaham - http://Infodigital.co.idhttps://infodigital.co.id/indosat-bagikan-dividen-rp111-per-saham/",isat
2026-05-06,TA UNVR: - TA = 3 MAX - BzONE = day 2 prc naik --> buy signal - Ema20 -9%/bln - Ema5-Ema20 +40%/bln strong reversal,unvr
2026-05-06,"𝐔𝐩𝐝𝐚𝐭𝐞 𝐒𝐜𝐫𝐞𝐞𝐧𝐢𝐧𝐠 𝐖𝐚𝐭𝐜𝐡𝐥𝐢𝐬𝐭 𝐒𝐚𝐡𝐚𝐦 𝐈𝐧𝐝𝐨𝐧𝐞𝐬𝐢𝐚 : 𝐇𝐚𝐫𝐢 𝐑𝐚𝐛𝐮, 𝟎𝟔 𝐌𝐞𝐢 𝟐𝟎𝟐𝟔 (𝐂𝐥𝐨𝐬𝐢𝐧𝐠). I = UNTR, INDF. II = ADRO, MEDC, ARCI, ISAT, BBNI, ITMG. III = UNVR, ENRG, ESSA, PSAB, AMRT, EMAS, JPFA, PTBA, SRTG, ELSA.",unvr
2026-05-06,"Stock Picks 6 May 2026 UNVR Spec Buy with support at 1605, cut loss if breaks below 1570. If it doesnt break below 1605, potential rise to 1675-1710 short term. Disclaimer: http://bit.ly/disclaimer-cgsiid#cgsi#cgsid#stockpicks#sobatgenvest#akuinvestorsaham",unvr
2026-05-06,"IHSG closed up 0.5% today, May 6, 2026 Top Gainers LQ45: 1. UNVR (10.06%) 2. MBMA (6.50%) 3. ESSA (6.47%) Top Losers LQ45: 1. CUAN (-4.62%) 2. AMMN (-3.38%) 3. AADI (-2.85%) wow, MBMAs on a tweeting frenzy, huh—yesterday -8.89% hit by windfall tax sentiment, and today",unvr
2026-05-06,"Gain intraday 6/5 : unvr 8.4%, lucy 7.5%, tpia 7.2%, kota 5.9%, ades 4.9%, brpt 3.9%, ppre 3.6%, ptro 3.5%, bipi 3.2%, raja 1.8%, cdia 1.2%, totl 1.2%.",unvr
2026-05-06,"THS: multiBAGGER: NO Beggars: 5 taon, 10 taon, sejak AWAL Observasi: MAPI UNVR ASII ICBP BBCA BBRI IHSG CPIN adro AMRT pgeo DSSA BYAN BREN jsmr elsa antm arto indy : +3150,00% s.d. +15,05%: konsistensi: 4957,47% (CPIN sjak AWAL): 1384,54% (ICBP sjak AWAL): portofolio:",unvr
2026-05-06,sp 7/5 : 1. bank bjbr adhi mrat ikan asha ggrm unvr aali inov gpso mlpl rccc dkhh panr pack pgeo oasa best lpkr smra pwon cfin hrta adro tins hatm wmuu coin indf. 2. apln essa uvcr king. + : wins.,unvr
2026-05-06,"Ive got UNVR stock, down over 15%. Didnt CL it cuz the fundamentals are solid. Today its already green.",unvr
2026-05-06,Lagi ga bisa mantau market. Ada urusan offline yang makan waktu. Amanin dulu dah fp nya. Semoga ihsg udah bullish lagi. $CUAN $UNVR $OASA,unvr
2026-05-06,"Read here: https://money.kompas.com/read/2026/05/06/131654426/ihsg-sesi-i-ditutup-menguat-ditopang-saham-tpia-brpt-dan-unvr?utm_source=twitter&utm_medium=socialTheJCIclosedup0.65percentatthelevelof7,102inthefirsttradingsessiononWednesday(6/5/2026),drivenbythesurgeinBaritoGroupstocksandtheconsumersectorsuchasUNVR.Themajorityofsectorsmovedpositively,withthe",unvr
2026-05-07,"By chance, the data for 39 investor classifications in April 2026 has already been released, allowing for a comparison of data between the March and April 2026 periods. The stocks observed are 17 stocks in the MSCI Standard for the February 2026 period. AMMN AMRT ASII",bbri
2026-05-07,"I shouldve scooped up some yesterday, right?",bbri
2026-05-07,"ITS POSSIBLE TO SEE INDONESIAS GDP GROWTH AT 5.6%, WHICH IS QUITE HIGH GLOBALLY.. WHICH HAS LED TO FOREIGNERS ACCUMULATING THE MAJORITY OF BIG BANK STOCKS THIS WEEK.. $IHSG $BBCA $BBRI $BMRI $BBNI",bbri
2026-05-07,"Over Four Days, BBRI Stock Rises Nearly 10%, Foreign Investors Scramble",bbri
2026-05-07,"Update Saham BBRI Terbaru (7 Mei 2026) Harga penutupan: Rp3.160 (+Rp10 / +0,32%) Q1 2026 solid: • Laba bersih Rp15,5 T (+13,7% YoY) • Kredit +13,7% • NIM kuat ~7,9% • CASA tumbuh pesat Asing kembali borong saham. #BBRI #SahamIndonesia #Investasi",bbri
2026-05-07,"$BBRI and $BBCA are awesome from fibo 0.7, BBCA awesome from support, bro. Almost hitting fibo. So simple, right, stock analysis. Just draw fibo, thats it, No need for all that fancy mumbo jumbo .",bbri
2026-05-07,BBRI Stock Sells Like Hotcakes #saham #infosaham #investasi,bbri
2026-05-07,"For learning to draw fibo, buy at 0.7 This is what I read from his post, guys. Because by chance Im a swing trading type. Back then when I read about RATU stock or whatever, when drawing fibo at IPO. And it worked. I tried applying it to other stocks. AMRT, BRPT, BBRI, TPIA,",bbri
2026-05-07,"BBRI is starting to rise. Come on, lets go wild, light up ARA ARA.",bbri
2026-05-07,Multi-Day BBRI Stock Buying Action #saham #infosaham #investasi,bbri
2026-05-07,"Check the brokers for the big banks later, bro $BBRI $BBNI $BMRI $BBCA If foreigners net buy, that means theres a signal to enter, Their closing has been awesome, all four of them, these past few days",bbri
2026-05-07,"BBRI Stock Soars, Shareholders Get Ready #saham #infosaham #investasi",bbri
2026-05-07,"feeling bullish, right $BBCA $BBRI $BMRI, got us trapped , #IHSG",bbri
2026-05-07,"Update Screening Watchlist Saham Indonesia : Hari Kamis, 07 Mei 2026 (Closing). I = BBNI, INDF, UNTR, ITMG. II = ADRO, ARCI, ISAT, AKRA, JPFA. III = BBRI, INCO, MDKA, EXCL, AALI, BJBR, BJTM, SRTG, EMAS, PTBA.",bbri
2026-05-07,Akhirnya BBRI sisa BBCA nih masih,bbri
2026-05-07,"Surprisingly, BBCA, which rose 5% amid foreign net selling, only BBRI and BBNI saw foreign net buying, while BMRI was the hardest hit by foreign selling $bbca $bmri $bbni $bbri",bbri
2026-05-07,Viral stocks $bbca $bbri $goto What else?,bbri
2026-05-07,"SCENARIO FOR MSCI ANNOUNCEMENT ON MAY 12, 2026 1. Indonesias total weight in MSCI EM is estimated to decrease from 0.72% to 0.56%, or a reduction of approximately 0.155%. 2. The majority of big bank stocks such as BBCA, BBRI, BMRI, and BBNI will experience a slight",bbri
2026-05-07,"Thats why choose stocks with clear fundamentals and attractive dividend yields When BBRI is at 3000 and BMRI at 4440, those are very attractive prices. Not interested in waiting for the bottom because we dont know where it is If we knew, wed already have 5 units of houses",bbri
2026-05-07,Asing Borong Saham BBRI hingga BRPT Milik Prajogo Rp 2.5 T https://finance.detik.com/bursa-dan-valas/d-8475123/asing-borong-saham-bbri-hingga-brpt-milik-prajogo-rp-2-5-t?utm_source=twitter,bbri
2026-05-07,"#kafeinvestor #idx successfully broke through 1 crucial level 7141 FR61.8% and is now starting to be supported by #bbca >6200 and #bbri which is also already above 3250. today we will see the continuation signal, whether strong or not",bbri
2026-05-07,BBRI will return to 4000 and so will BBNI,bbri
2026-05-07,"That money used to buy BBRI at Rp 3000 per share yesterday could get how many billion shares, Om , the dividends for MBG",bbri
2026-05-07,If bbri crashes..lots of dogs barking..if bbri rises..the dogs all disappear,bbri
2026-05-07,"BBCA has appeared FVG as many as 2x times, bro The same goes with BBRI",bbri
2026-05-07,Not bad. At least the burden has lightened a bit. BBRI is above average. BBCA is still in the red.,bbri
2026-05-07,Target BBRI brpa pak kira2?,bbri
2026-05-07,"ADRO only went up at the start of the session earlier, now its tanking, while BBRIs been flying high from the beginning of the session right up to now",bbri
2026-05-07,"Asik BBRI kepot2 Hapcu buat yg serok kmrn , inget IHSG msh ada GapDown di bwh lg , Happy Cuan konsisten",bbri
2026-05-07,"Come on, who doesnt have a big bank Where Bris BBRI BBCA and Porto are all filled with conglomerate stocks?",bbri
2026-05-07,review XL for trading and reading cute retail comments. CC gets goods fast but price updates are slow. ipot for long-term stock investments. Selling is tough and waiting for H+1 can make you miss the draw. Been holding bbri since 2020 but you can set sell reminders.,bbri
2026-05-07,"Tomorrows volume is gonna spike big time, cause its the dividend payment schedule and usually a bunch of investors reinvest to buy more shares... 30-something trillion in dividends getting paid out tomorrow—if even half of that flows back in, that could push it up by how",bbri
2026-05-07,beli bbri disamperin sama disetrum kalo salah pake kantong bayar,bbri
2026-05-07,when yah BBRI ?,bbri
2026-05-07,"Wanna add this 5 publicly listed companies with the largest profits in Indonesia in 2025 1.BBCA = 57.54 T 2.BBRI = 56.65 T 3.BMRI = 56.29 T 4.ASII = 32.77 T 5.TLKM = 23.65 T Ugh, too lazy to talk about banks again ..wanna focus on finding stocks for the next Q/Semester.. How",bbri
2026-05-07,"Whats up with BBCA, BBRI, BRIS this time? Yesterday, all three of them have already hit their historical PBV lows. The downtrend dynamics have broken, but accumulation hasnt been much yet (V-shaped recovery). The markets revival from the crash indeed starts with the banking",bbri
2026-05-07,$BBRI brings up the FVG impact from BPS news,bbri
2026-05-07,"BBRI 1Q26 NGEGAS! Overall, Bank Rakyat Indonesias performance in 1Q26 appears strong and stable. Net profit grew to Rp15.5 trillion (+13.7% YoY), driven by credit growth and low funding costs.",bbri
2026-05-07,Entering the BBRI stock Selling pressure eases USD IDR also drops slightly,bbri
2026-05-07,"Supported by BBRI Shares, the JCI on Todays Midday Trading Session Settles in the Green Zone",bbri
2026-05-07,Is $BBRI a dividend trap?,bbri
2026-05-07,GM - HARI INI ARA KAN BBRI BMRI BBNI YA OM BANDAR!!!! -,bbri
2026-05-07,"Reminder for those holding ADRO, BBRI: tomorrow there is dividend distribution",bbri
2026-05-07,"Session II earlier still managed to get some even though it was because I forgot to close, no worries, learning again with 1 lot of small change Hopefully this month I can get 25% from the capital Tomorrows the dividend distribution for $BBRI",bbri
2026-05-07,$BBRI $BBCA update BBRI and BBCA rebounded so beautifully this week Still remember last week when big banks were narrated so badly like total trash!,bbri
2026-05-07,"Wake up guys, tomorrow payday from BRI straight to the account",bbri
2026-05-07,Icbp asik . Sdh ajak ych...,icbp
2026-05-07,Icbp.4 jam Dont even ask if its still possible to get in or not...,icbp
2026-05-07,Semoga ICBP sama KLBF naik ke high lagi,icbp
2026-05-07,ICBP aja yg breaked down 10 thn bisa terjadii,icbp
2026-05-07,https://katadata.co.id/finansial/bursa/69fc1e8288410/dugaan-manipulasi-transaksi-rp-5-triliun-di-tlkm-berpotensi-masuk-ranah-hukumdugaan:Rp5T:manipulasi:TLKM:2026:,tlkm
2026-05-07,Telkom (TLKM) Aggressively Expands in the AI Ecosystem #saham #infosaham #investasi,tlkm
2026-05-07,https://katadata.co.id/indepth/telaah/69fb152ed9e8f/anomali-transaksi-rp-5-t-telkom-di-tengah-sorotan-global-indikasi-manipulasiadaapa:TLKM:FCPA:anomali:2026:,tlkm
2026-05-07,Bang BECA full out td pagi 6.050 6.075 6.100 Bangbri never held Just GOTO and TLKM still keeping,tlkm
2026-05-07,"IHSG Opens Stronger at 7,178 Level, BREN to TLKM Stocks Lead the Gains https://bitvonline.com/ekonomi/66286/ihsg-dibuka-menguat-ke-level-7178-saham-bren-hingga-tlkm-pimpin-kenaikan/#IHSG#IHSGHariIni#SahamHariIni#BEI#BursaEfekIndonesia#InvestasiSaham#SahamIndonesia#BREN#TLKM#DSSA#TPIA#PasarModal#InvestorSaham#EkonomiIndonesia#bitvonline#kamis",tlkm
2026-05-07,"Wanna add this 5 publicly listed companies with the largest profits in Indonesia in 2025 1.BBCA = 57.54 T 2.BBRI = 56.65 T 3.BMRI = 56.29 T 4.ASII = 32.77 T 5.TLKM = 23.65 T Ugh, too lazy to talk about banks again ..wanna focus on finding stocks for the next Q/Semester.. How",tlkm
2026-05-07,"𝐔𝐩𝐝𝐚𝐭𝐞 𝐒𝐜𝐫𝐞𝐞𝐧𝐢𝐧𝐠 𝐖𝐚𝐭𝐜𝐡𝐥𝐢𝐬𝐭 𝐒𝐚𝐡𝐚𝐦 𝐈𝐧𝐝𝐨𝐧𝐞𝐬𝐢𝐚 : 𝐇𝐚𝐫𝐢 𝐊𝐚𝐦𝐢𝐬, 𝟎𝟕 𝐌𝐞𝐢 𝟐𝟎𝟐𝟔 (𝐂𝐥𝐨𝐬𝐢𝐧𝐠). I = BBNI, INDF, UNTR, ITMG. II = ADRO, ARCI, ISAT, AKRA, JPFA. III = BBRI, INCO, MDKA, EXCL, AALI, BJBR, BJTM, SRTG, EMAS, PTBA.",isat
2026-05-07,"UPDATE $ISAT bagi dividen IDR 3,57T (64,97% laba 2025), yield 5,2%! Rp111/saham, cum 13 Mei, bayar 5 Juni. Ooredoo Hutchison terima Rp2,34T, pemerintah Rp344,8M. #ISAT #Indosat #IHSG #Dividen #Telekomunikasi #SahamIndonesia Source: IDN Financials",isat
2026-05-07,"Indosat (ISAT) Bagikan Dividen Tunai Rp111 per Saham, Cek Jadwalnya! #ISAT #Indosat #Dividen #Saham",isat
2026-05-07,PT Indosat Tbk atau Indosat Ooredoo Hutchison (ISAT) akan bagikan dividen tunai Rp111 per saham untuk kinerja 2025 pada 5 Juni 2026. Ketahui jadwal dan yang berhak terima. #Indosat #DividenTunai #5Juni2026 - http://Infodigital.co.idhttps://infodigital.co.id/ini-jadwal-pembagian-dividen-indosat/,isat
2026-05-07,"IHSG opens surging +1.08% to 7,169 this morning — continuing from yesterdays close at 7,092 Big movers yesterday: UNVR +10%, TPIA +5%, DCII also in the green The ones that tanked: AMMN -3.4%, BBNI -2.3% Rupiah gaining more strength at Rp17,357/USD Sentiment: easing",unvr
2026-05-07,Saham UNVR Anjlok! Murah Banget atau Jebakan Investor?,unvr
2026-05-07,"$PBSA also surprisingly skyrocketed due to rumors of affiliation with the Sinarmas Group. Yeah, all of its big clients are indeed from the Sinarmas Group, with $UNVR sneaking in.",unvr
2026-05-07,"Even so, it must be acknowledged that UNVRs core business has begun to grow quite significantly from the previous downward trend, namely up 9.11%. So, is the $UNVR stock starting to look attractive? Check out the full review here:",unvr
2026-05-07,"Who was surprised that $UNVRs performance grew again in 2026? But that growth was once again due to asset sales. This time, UNVR pocketed a profit of Rp870 billion from selling Sariwangi to the Djarum Group.",unvr
2026-05-07,"Gain intraday 7/6 : 1.hrta 3.2%, pack 3%, tins 2.3%, ggrm 2%, unvr 2%, rccc 1.8%, mrat 1.4%, king 1.4%, panr 1%,",unvr
2026-05-07,"crazy, earning money at uni, straight up sign up for gym",unvr
2026-05-08,"BBRI Dividend Paid Today, Investors Reap Profits #saham #infosaham #investasi",bbri
2026-05-08,"Stock Picks 8 May 2026 BBRI Spec Buy with support at 3240, cut loss if breaks below 3170. If it doesnt break below 3240, potential rise to 3380-3450 short term. Disclaimer: http://bit.ly/disclaimer-cgsiid#cgsi#cgsid#stockpicks#sobatgenvest#akuinvestorsaham",bbri
2026-05-08,BBRI Stock Becomes the Favorite #saham #infosaham #investasi,bbri
2026-05-08,BBRI Stocks Potential to Upper Limit #saham #infosaham #investasi,bbri
2026-05-08,RMKE Records Surge in Revenue #saham #infosaham #investasi,bbri
2026-05-08,BIG AGENDA BEHIND MAY 12 MSCI RATING.. WHY ARE $BBCA $BBRI $BMRI STOCKS ALL GETTING NET BUYS FROM FOREIGNERS? WHAT DO YOU GUYS THINK?,bbri
2026-05-08,A RARE MOMENT $IHSG DROPS BUT BIG BANKS STRENGTHEN.. IS IT TIME ALREADY? $BBCA $BBRI,bbri
2026-05-08,"TOO MANY RETAIL TRADERS ARE STILL THINKING THIS YEAR WILL BE A CONGLOMERATE PLAY.. THE MORE PEOPLE BELIEVE IT, THE HARDER IT BECOMES TO HAPPEN. GOLD STOCKS ARE ALSO TOO HIGH TO COLLECT, LIKELY SELLING PRESSURE WILL OCCUR IN MY OPINION, BIG BANKS ARE MOST LIKELY TO REBOUND $BBCA",bbri
2026-05-08,"I own 1 lot of BBRI, got a dividend of 20k rupiah, pretty decent dividend from a big bank, huh",bbri
2026-05-08,"Stock BBRI Money-Making Strategy, While Its Cheap #saham #infosaham #investasi",bbri
2026-05-08,kecil bgt dividen bbri,bbri
2026-05-08,"Pagi MayFriends! Yuk join Tiger Insights pukul 08.15 WIB Live di Youtube Maybank Sekuritas “Rupiah Menguat, Katalis BBCA-BBRI? BRIS Lanjut Rally? Update Active Watchlist” #MaybankSekuritas #MaybankTradeID #MakinPahamSaham",bbri
2026-05-08,Tbtb dividen #bbri cair hari ini,bbri
2026-05-08,What Makes BBRI Stock So Appealing #saham #infosaham #investasi,bbri
2026-05-08,BBRI Stock Accumulation Moment #saham #infosaham #investasi,bbri
2026-05-08,Kok div bbri gw blm masuk,bbri
2026-05-08,Today its super nice getting snacks from the BBRI & ADRO dividends Thanks,bbri
2026-05-08,Ciyee yang udah dapet dividen BBRI,bbri
2026-05-08,"Finally, the dividend from BBRI has dropped too Slowly but surely learning to make money work for us.",bbri
2026-05-08,GOOD MORNING DIVIDEN BBRI !!!,bbri
2026-05-08,"JCI Strengthens to 7,117 Level This Afternoon, BBRI Stock Becomes Main Support",bbri
2026-05-08,Hebat si om dev bbri beli 1 mobil alphard,bbri
2026-05-08,"At the beginning of the month, get BBRi dividends, then at the end of the month, get more from BMRI, the notification weve been waiting for",bbri
2026-05-08,"Then, Malaysias Employees Provident Fund also began purchasing shares of $BMRI and $BBRI, respectively 2 million shares, with an estimated value of around Rp16 billion (for both stocks).",bbri
2026-05-08,BBRI Stock - Koinworks Fund Distribution Corruption,bbri
2026-05-08,"I just found out that today is BBRIs dividend day, Alhamdulillah",bbri
2026-05-08,"Straightforward. Install Stockbit. This is the easiest in my opinion. (Actually there are many. Theres Ajaib, IPOT, etc.) Then later just pick a stock. For example BBRI. Or just watch this.",bbri
2026-05-08,"Damn.. this BBRI dividend too, right?",bbri
2026-05-08,"$BBRI & $ADRO have already cashed out. Hoping my mutuals who went all-in can cash out with even bigger results than last cycle, yeah? Keep pushing to create and make content, even while youre dealing with all that drama. Dont forget to grab a coffee too—skipping it means",bbri
2026-05-08,"With the current price of 3260. Then 300 million = 920 lots. BBRI dividend per share = 346. So total dividend Rp31,832,000. If not reinvested, it will be subject to 10% tax.",bbri
2026-05-08,"Around a dozen dozen M, yeah, this is the capital . If we assume his monthly salary is about 51jt just from $BBRI dividends alone.",bbri
2026-05-08,TD Khan has received funding injection from BBRI,bbri
2026-05-08,"suddenly got a dividend transfer from BBRI, never bothered to check it",bbri
2026-05-08,"“try checking it out, the new BBRI is distributing dividends” turns out its super tiny when I checked “ yeah its fine, its called learning first”",bbri
2026-05-08,"Got a dividend from BBRI, 83k, pretty decent",bbri
2026-05-08,Bmri saja atau bbri,bbri
2026-05-08,why havent I entered from tomorrow yet?,bbri
2026-05-08,This years BBRI dividends are enough to buy the Xiaomi Redmi Buds 8 Lite.,bbri
2026-05-08,"If its dropping right now, 300 million might be down to around 280 if we add it in.... IHSG is blazing red",bbri
2026-05-08,"I just got an email about BBRI dividends a moment ago. Turns out, THERES NO DIVIDEND TAX.",bbri
2026-05-08,"Time to withdraw Cash out quick, by 9 oclock its already in the account Thank you BBRI, ADRO",bbri
2026-05-08,BBRI si dah +7% cuma BBCA aja yang masih -20%,bbri
2026-05-08,"multiBAGGER: NO Beggar: 08/05/2026: +1432,30%: ADES EXCL BBRI BNII INDY ADRO ELSA MYOR KAEF UNVR IMAS CPIN MAPI GPSO TLKM BBRI BBCA AMRT JSMR ASII TLKM APLN LAJU BLTA BYAN MIDI EXCL TAYS CLEO ROTI APLN KIJA",bbri
2026-05-08,"Alhamdulillah, udah masuk dividen BBRI",bbri
2026-05-08,"Man, right now BBRI stock is plummeting -19%.",bbri
2026-05-08,"Since I got to know stocks, I dont remember ever seeing BBRI stock empty in the offer section. It can definitely be bought every time the exchange opens. Minimum buy 1 Lot (100 shares), so for example if the price was at the peak first 6000, that means minimum buy 600k. If the",bbri
2026-05-08,"(previous post had the wrong year, should be 2026) update (1/2) $BBRI May 8, 2026 dividend has entered the account, but not yet reinvested want to add at 3100 to get 19 lots",bbri
2026-05-08,"Those who are confused about those who sell paper (stocks) on the IDX exchange , their wealth is calculated based on the rise in the value of the paper they own . $BREN which is only Rp 98 per share is priced by FOMO retail at Rp 10,000 per share . Meanwhile BBRI with",bbri
2026-05-08,"Should I enter or not, its dividends are solid tho.",bbri
2026-05-08,"Thank you for the allowance money, BBRI",bbri
2026-05-08,"https://suara.com/bisnis/2026/05/08/142215/bri-bagikan-dividen-rp521-triliun-bukti-laba-dan-fundamental-tetap-kuatRp52,1T:dividen:BBRI:2026:8Mei:Tunai:saham:",bbri
2026-05-08,ngemis di perempatan bang. target goal 1 lampu merah 1 BBRI. sehari 1 lot. gak sampe setaon itu. wkwkwkkwkwkwkkw,bbri
2026-05-08,"Buy again, got 1 lot",bbri
2026-05-08,"Is there anything that gives 20% yield per year? Or is it really better to go with something safe like BBRI, even if its just 10%?",bbri
2026-05-08,"Praise be to God, BBRI also helps put out the fire with splashes of dividends",bbri
2026-05-08,Lucky the Adro and BBRI dividends havent been reinvested by me yet,bbri
2026-05-08,"BBRI dividend distribution today, May 8, 2026. Anyone getting their dividend?",bbri
2026-05-08,"Not to mention last Januarys dividend... Definitely thriving already with 2,281 lots of BBRI.",bbri
2026-05-08,Why rush? BBRIs upward corrective impulse is still bearish. Dont FOMO.,bbri
2026-05-08,"BBRI dividends are coming in, time to treat myself to some cilok.",bbri
2026-05-08,"Among big cap stocks, BBCA has become the bank with the largest year-to-date price correction and foreign outflow. Meanwhile, the weakening of BMRI and BBRI has been relatively more limited, as it is still supported by a dividend yield above 10%, which serves as a downside buffer",bbri
2026-05-08,"This year I just bought BBRI, only 2 lots but its pretty decent getting the dividends, yknow. OMG",bbri
2026-05-08,"Forgot that today is the $BBRI dividend payment, but instead its floating loss that much 🫩",bbri
2026-05-08,Porto fire Saved only by BBRI dividends,bbri
2026-05-08,"Agak kaget baru beli bbri april, mei dah dapet dividen. Kirain bakal dapetnya tahun depan",bbri
2026-05-08,Today gweh got from bbri some adro sksk,bbri
2026-05-08,"From the big cap Himbara group, BBRI and BMRI are currently the most attractive because they are traded at valuations that are already cheap. In addition, the implementation of the DHE SDA policy starting June 1, 2026, has the potential to become a positive catalyst for the",bbri
2026-05-08,"Alhamdulillah, ada notifikasi yang menyenangkan dari $BBRI",bbri
2026-05-08,"If we buy $BBRI for 1 Billion today, then: - we would have around 306,748 shares - effective dividend yield of around 10.6–11.7% for next year in 2026 - realistic target of around (Rp360/share) ≈ Rp110.4 million in 2027 (2026 was at 346/share just yesterday) - Share price could",bbri
2026-05-08,"Mantap dapat dividen BBRI, lumayan buat jajan, biarpun masih minus ya sudah disyukuri saja dulu",bbri
2026-05-08,"BBRIs dividend is today, right?",bbri
2026-05-08,"Ive got a buddy stuck with BBRI at 6k, their stocks being schooled on aj4ib, so theyre still making a profit from dividends + schooling the stock",bbri
2026-05-08,"Praise God, the BBRI dividend has finally come in.",bbri
2026-05-08,Bbri 4 jam,bbri
2026-05-08,"$BBRI continues its positive trend for the 5th consecutive day, staying Green... Will it directly settle the Gap debt from April 20th? (white circle) One of the possibilities as usual, forming an Inv HnS... Honestly, usually after a Bullish run like this, therell be a bit",bbri
2026-05-08,"Praise be to God, BBRI dividend is paid out plus BBCA is up, finally I can treat myself to some lotek",bbri
2026-05-08,BBRIs dividends are pretty decent.,bbri
2026-05-08,"Turns out BBRI is paying out dividends today. Just found out when the notification came in. Seems like they just paid them out yesterday, and now theyre paying out again already.",bbri
2026-05-08,MAJOR BANK STOCK REVIVAL Bluechip is back?? $BBCA $BMRI $BBNI $BBRI $BRIS $BBTN,bbri
2026-05-08,Kinda shocked if BBRI and ADROs dividends both come in together like this,bbri
2026-05-08,"- Buy BBRI shares - 10% Dividend - Get 30 million/year, or 2.5 million/month - Equivalent to minimum wage salary in some regions",bbri
2026-05-08,Terima kasih bbri,bbri
2026-05-08,"According to the KSEI report, BPJS Ketenagakerjaan shares above 1% include: 1. PT Astra Agro Lestari Tbk. (AALI) 2. PT Astra International Tbk. (ASII) 3. PT Bank Negara Indonesia (Persero) Tbk. (BBNI) 4. PT Bank Rakyat Indonesia (Persero) Tbk. (BBRI) 5. PT Bank Tabungan",bbri
2026-05-08,"The BBRI dividend from Ajaib has already come into my account, but the one on Bareksa hasnt yet",bbri
2026-05-08,"I plan to extend my blue checkmark for the next 30 years using BBRI dividends So Elon Musk can get even richer Ill definitely be richer because of me, Elon Musk gets richer Everyone with a blue checkmark got scammed, signed up for the blue checkmark and then the monetization",bbri
2026-05-08,Success! Theyve started at BBRI and BBNI already.,bbri
2026-05-08,"Unfortunately, Im Muslim. Cant buy BBRI shares.",bbri
2026-05-08,"tbh there was money coming in, turns out it was BBRI dividends.",bbri
2026-05-08,Investors are choosing to accumulate shares of PT Bank Rakyat Indonesia Tbk (BBRI) and PT Bank Central Asia Tbk (BBCA) amid the decline in the Composite Stock Price Index (IHSG) during the first trading session. This strategy reflects confidence in the strong fundamentals of both,bbri
2026-05-08,Thanks BBRI even though its red,bbri
2026-05-08,"Everyone was going crazy sharing BBRI dividends, but I dont play in conventional stocks. The profit sharing must definitely involve riba schemes, its just the same as being a bank employee Not judging those who play these kinds of stocks, the important thing is its not just",bbri
2026-05-08,alhamdulillah dividen bbri masupp hehe mari kita jajan cilor,bbri
2026-05-08,"BBRI and ADRO dividends have come in, Pretty nice for buying sunflower seeds",bbri
2026-05-08,BBRI dividends are paid **twice a year**: interim (usually December/January) and final (March/May). Latest example: interim Rp137 (January 2026) + final Rp209 (May 2026). So the total annual amount is around Rp346 per share.,bbri
2026-05-08,"Org2 already got the BBRI dividend, why dont I have mine, huh?",bbri
2026-05-08,The Financial Sector (IDX-IC BEI) has around 105 latest issuers. Here is a partial list with sequence numbers: 1. BBCA – Bank Central Asia Tbk. 2. BBRI – Bank Rakyat Indonesia Tbk. 3. BMRI – Bank Mandiri Tbk. 4. BBNI – Bank Negara Indonesia Tbk. 5. BBTN – Bank Tabungan,bbri
2026-05-08,Beli BBRI lagi,bbri
2026-05-08,Who today got their BBRI dividend payment.,bbri
2026-05-08,Still stuck and got another $BBRI dividend,bbri
2026-05-08,"Not bad lah, even though its red :) $BBRI",bbri
2026-05-08,"Oh, turns out money just came in—BBRI just distributed dividends, lol.",bbri
2026-05-08,"Hey BBRI, your dividends are awesome for real",bbri
2026-05-08,"Alhamdulillah, the dividend has come in, yay! From the screenshot, you have **2,300 BBRI shares** (dividend per share Rp209, gross Rp480,700). Thats = **23 lots** (1 lot = 100 shares). The amount credited to the account, Rp438,900, is likely after tax.",bbri
2026-05-08,"Guys, this is truly the level of getting paid from dividends for real. From that story, its clear he owns BBRI shares: Pension fund account 1,228,500 shares Childs education fund account 47,500 shares Total ownership: 1,228,500 + 47,500 = 1,276,000 shares Or equivalent",bbri
2026-05-08,"Guys, this is the BBRI dividend that came in: Rp47,672,900 Dividend per share: Rp209 That means we can roughly calculate how many shares he owns. Number of shares Rp47,672,900 ÷ Rp209 = 228,100 shares = around 2,281 lots If we assume he bought at Rp3,350 Total capital",bbri
2026-05-08,"BRI is gonna pay dividends, huh? No wonder its up, all the dividend hunters eyes are green with envy .. , Yesterday I scooped up at 2990 BBRI, today 3300/share, 10%",bbri
2026-05-08,Lumayan bbri,bbri
2026-05-08,Uang duka dari bbri,bbri
2026-05-08,"A bit shocked seeing my RDN balance just now, I already knew Id get the BBRI dividend today but... turns out its adding the ADRO dividend too. Feels like they already distributed dividends at the end of last year, and now theyre distributing again? Well, thats just great,",bbri
2026-05-08,"Thanks ya $BBRI $ADRO, jajan ciloknya wkmwkw",bbri
2026-05-08,dividen BBRI gede juga,bbri
2026-05-08,Blessed Friday bbri masooook,bbri
2026-05-08,gajian para holder BBRI yg kesabarannya luar biasa wkwk,bbri
2026-05-08,Dividen BBRI buat beli kambing qurban dan laser. Alhamdulillah dunia akhirat balance.,bbri
2026-05-08,"$BBRI successfully negotiated with the big shots and market players at the crucial support level Successfully bounced to 3260-3310 Their words: “bro, its bad if it breaks through this, itd be embarrassing for the red plate, right?” : “its safe bro, well help pump",bbri
2026-05-08,"Early in the morning, already given pocket money. Thank u $BBRI",bbri
2026-05-08,"PT Bank Rakyat Indonesia Tbk (BBRI) has distributed a final dividend for the 2025 fiscal year amounting to Rp 209 per share, which will be disbursed on May 8, 2026.",bbri
2026-05-08,Turns out today theres a cute lil payday from BBRI,bbri
2026-05-08,"God bestowed upon us the IDX, S&P500, SSE with their diverse issuers that are better and higher quality, bro, yet you choose BBRI",bbri
2026-05-08,Some of my office mates are stuck with BBRI but get dividends of nearly 40 million/year.,bbri
2026-05-08,BPJS aja punya 2% BBRI..,bbri
2026-05-08,"Rumor has it that the policy will start being trialed in June 2026. So, which stocks will be affected? Check out the details here: https://mikirduit.com/sistem-larangan-odol-siap-uji-coba-pada-1-juni-2026-ini-deretan-saham-yang-berpotensi-terdampak/$SMGR$INTP$ICBP",icbp
2026-05-08,The Primary Consumer Sector (IDX-IC BEI) has around 85 latest issuers. Here is a partial list with sequence numbers: 1. HMSP – Hanjaya Mandala Sampoerna Tbk. 2. ICBP – Indofood CBP Sukses Makmur Tbk. 3. UNVR – Unilever Indonesia Tbk. 4. CPIN – Charoen Pokphand Indonesia Tbk.,icbp
2026-05-08,Yesterday I bought a lot of big banks..icbp smgr klbf what else.. The ones that got stuck are still plenty pwon smra... But if left alone since I know theyre all below..,icbp
2026-05-08,"multiBAGGER: NO Beggar: 08/05/2026: +1432,30%: ADES EXCL BBRI BNII INDY ADRO ELSA MYOR KAEF UNVR IMAS CPIN MAPI GPSO TLKM BBRI BBCA AMRT JSMR ASII TLKM APLN LAJU BLTA BYAN MIDI EXCL TAYS CLEO ROTI APLN KIJA",tlkm
2026-05-08,Sinyal tlkm knp siii,tlkm
2026-05-08,"It means that today foreigners are dumping conglomerate stocks . Only the big banks and TLKM are holding up, aka not getting dumped by foreigners",tlkm
2026-05-08,"Damn, today when you opened it, TLKM is crazy, there are people who keep accommodating and lending a hand.",tlkm
2026-05-08,The Infrastructure Sector (IDX-IC BEI) has around 65 latest issuers. Heres a partial list with sequence numbers: 1. TLKM – Telkom Indonesia (Persero) Tbk. 2. BREN – Barito Renewables Energy Tbk. 3. JSMR – Jasa Marga (Persero) Tbk. 4. ADHI – Adhi Karya (Persero) Tbk. 5. CMNP,tlkm
2026-05-08,"BNBR tektokin fighting the current, might die TLKM averaging up, perfect timing at 2,900 MBMA re-entry again BIPI collecting a bit GOCAP still the same, havent bought or sold",tlkm
2026-05-08,Current Position: GOCAP TLKM MEDCUY and BXXX 4 items that I usually mentioned yesterday are already out of stock,tlkm
2026-05-08,Telkom $TLKM has begun consolidating its subsidiaries. The entities within Mitratel Dayamitra $MTEL have undergone a merger.,tlkm
2026-05-08,Deviden BMRI tanggal 28 woyyy,bmri
2026-05-08,"Kaget bangun tidur cek BMRI merah, dan semua emiten pada merah. Ada gebrakan apalagi dari gov kita iniiiii yasalam",bmri
2026-05-08,Bentar lagi BMRI menyusul. Semoga kembali ke ATH akhir tahun ini ya allah,bmri
2026-05-08,Klo diliat porsinya dibanding yg netsell bbca bmri beda 10xlipat lebih kecil akumnnya pak mungkin yg akumm di mineral cuma trading,bmri
2026-05-08,Ok all in BMRI sama BBRI. Makasih mas atong,bmri
2026-05-08,Bmri saja atau bbri,bmri
2026-05-08,"Yeay, kalender dividen Mei keluar! Siapkan dirimu untuk terima cuan dari dividen dengan cek jadwal selengkapnya di postingan berikut. #PhillipSekuritasIndonesia #dividen #BMRI #JPFA",bmri
2026-05-08,"Kalau ngikutin penjelasan dia ini, harusnya bersyukur ga jadi take deviden BMRI. Sebagai orang awam, rasa takut itu ada wkwkwk.",bmri
2026-05-08,"Di akhir sesi memutuskan keluar dari BMRI, benar-benar keluar di 16.02 ga kuat kalau nanti after ex-date jatuhnya dalam banget tambah lagi, IHSG merah dan saham yang ga stabil heheheh",bmri
2026-05-08,Dividen BMRI masokkk,bmri
2026-05-08,"Lalu, Employees Provident Fund milik Malaysia juga mulai beli saham $BMRI dan $BBRI masing-masing 2 juta lembar dengan perkiraan nilai sekitar Rp16 miliar (untuk kedua saham tersebut)",bmri
2026-05-08,"Dari kelompok big caps Himbara, BBRI dan BMRI saat ini menjadi yang paling menarik karena diperdagangkan pada valuasi yang sudah murah. Selain itu, implementasi kebijakan DHE SDA per 1 Juni 2026 berpotensi menjadi katalis positif terhadap pertumbuhan likuiditas banks.",bmri
2026-05-08,"Di antara saham big caps, BBCA menjadi bank dengan koreksi harga dan foreign outflow terbesar secara YTD. Sementara itu, pelemahan BMRI dan BBRI relatif lebih terbatas karena masih ditopang dividend yield di atas 10% yang menjadi downside buffer di tengah volatilitas pasar.",bmri
2026-05-08,Saham BMRI Jadi Bulan-bulanan #saham #infosaham #investasi,bmri
2026-05-08,APA AGENDA BESAR DIBALIK TGL 12 MEI MSCI RATING.. KENAPA SAHAM $BBCA $BBRI $BMRI KOMPAK DI NET BUY ASING? MENURUT KALIAN GIMANA?,bmri
2026-05-08,bahas dividen bmri juga dong min,bmri
2026-05-08,"awal bulan dapat dividen bbri ntar akhir bulan dapet lagi dr bmri, notif yg dirunggu”",bmri
2026-05-08,"@scotzelda Hai Sahabat scotzelda, perihal dari lowongan tersebut mohon kesediaannya dapat membuka website http://bmri.id/careerdaninstagram@lifeatmandiri.KamipersilakanSahabatmengakseslamantersebutuntukmelihatposisipekerjaanyangtersediasertainformasilebih",bmri
2026-05-08,Cum date BMRI ga bsa rally k 4800an apa,bmri
2026-05-08,"ISAT Bagi Dividen Rp 111/Saham, COCO Caplok Momogi Saat IHSG Menguat https://finance.detik.com/bursa-dan-valas/d-8479682/isat-bagi-dividen-rp-111-saham-coco-caplok-momogi-saat-ihsg-menguat?utm_campaign=detikcomsocmed&utm_medium=oa&utm_source=twitter&utm_content=detikfinance",isat
2026-05-08,"Stock Picks 8 May 2026 UNVR Spec Buy with support at 1795, cut loss if breaks below 1755. If it doesnt break below 1795, potential to rise to 1875-1915 short term. Disclaimer: http://bit.ly/disclaimer-cgsiid#cgsi#cgsid#stockpicks#sobatgenvest#akuinvestorsaham",unvr
2026-05-08,"multiBAGGER: NO Beggar: 08/05/2026: +1432,30%: ADES EXCL BBRI BNII INDY ADRO ELSA MYOR KAEF UNVR IMAS CPIN MAPI GPSO TLKM BBRI BBCA AMRT JSMR ASII TLKM APLN LAJU BLTA BYAN MIDI EXCL TAYS CLEO ROTI APLN KIJA",unvr
2026-05-08,The Primary Consumer Sector (IDX-IC BEI) has around 85 latest issuers. Here is a partial list with sequence numbers: 1. HMSP – Hanjaya Mandala Sampoerna Tbk. 2. ICBP – Indofood CBP Sukses Makmur Tbk. 3. UNVR – Unilever Indonesia Tbk. 4. CPIN – Charoen Pokphand Indonesia Tbk.,unvr
2026-05-09,"JAKARTA – The Composite Stock Price Index (IHSG) weakened by 0.08% or 5.85 points to the level of 7,168.47 in the first trading session on Friday (8/5) today. Read more: https://idnfin.id/a63615",bbri
2026-05-09,@grok 23 lot bbri berapa duit?,bbri
2026-05-09,"1/ List pertama adalah bandar kelas dunia. Jika mereka masuk (Net Buy) dalam jumlah besar, biasanya IHSG atau saham Blue Chip (seperti BBCA, BBRI, ASII) akan naik. Mereka mewakili dana pensiun asing, hedge funds, dan bank investasi global.",bbri
2026-05-09,"The high-margin product is KUR, with interest rates of 5-6% but theres a pretty substantial interest subsidy from the government. Thats why BBRI gets such thick profits, yeah, because of that. Different from BBTN, their subsidized KPR doesnt have any interest subsidy from",bbri
2026-05-09,"Yesterday I missed the train because the event ran overtime. So I had to take the expensive train because of that. Luckily the BBRI stock dividend came in, so it could be used as a sponsor. At a time when my portfolio is still burning red, at least theres an oasis of life from",bbri
2026-05-09,There are unmeasurable risks from rice fields planting rice. Better off with BBRI.,bbri
2026-05-09,"I want to write a long post so that my blue checkmark doesnt go to waste, Ive already paid for 30 years using BBRI dividends, you know.... Sell in May and Go Away: this is a classic idiom in the world of stock investing that means: sell stocks in May and go away (exit the",bbri
2026-05-09,First dividend from shares.. Sugar rush when windfall hits Tq God Tq BBRI,bbri
2026-05-09,BBRI usually gives 2x dividends in a year,bbri
2026-05-09,Saham bbri 100 lot,bbri
2026-05-09,bro masih milih bbri,bbri
2026-05-09,"Ive been saving up PTBA since 2021, avg 2850 Exited yesterday at 3150... Later if it drops to 2500 well buy back in gradually Theres nothing wrong with holding stocks, especially ones that pay regular dividends. And as long as its cold money. No need to",bbri
2026-05-09,Serok BBRI sesuai anjuran Mas purboyo,bbri
2026-05-09,"A. BBRI, gains in the long term are more solid.",bbri
2026-05-09,"The safest option for withdrawing funds from IDX, whether BBCA, BBRI, or others, is to put it into SPPG.",bbri
2026-05-09,Turns out I still have BBRI and BMRI. Found out because I got a BBRI dividend email.,bbri
2026-05-09,"Devisit . That BPJS gets dividends from blue chip stocks, why wasnt it announced . BPJS owns 1.9% of BBRI. 1.5% of BMRI. 1.8% of BBNI. 4% of ASII. BPJS owns 18 issuers with ownership above 1%. Bro",bbri
2026-05-09,"Menurut saya, kalau dilihat dari segi MOAT, bisnisnya BBRI dengan segmen UMKM/Mikro yang sulit banget dikalahin. Jaringan fisiknya juga luas, akses nya makin mudah, seperti BRI Link. Ini sebanding dengan masih banyak warga Indonesia yang masih takut dengan transaksi online",bbri
2026-05-09,"Yesterday there was some money coming in, turns out it was dividends from BBRI Pretty decent for buying coffee",bbri
2026-05-09,"Its easy, bro. If you have assets, move them to BBRI shares.!! Why do conglomerates rarely get taxed?? The answer is that conglomerate assets are stored in securities, which arent subject to progressive taxes.",bbri
2026-05-09,"If BBRI is at Rp 3000/share, dividend 11%. BBRI is better, bro .",bbri
2026-05-09,Bbri ya,bbri
2026-05-09,"Haha, come on, man Gonna scoop up some BBRI",bbri
2026-05-09,"300 million Rice field land vs BBRI Rice field 25 hectares BBRI 1000 shares Rice field planted with rice, 4 tons gross per year BBRI dividend yield per year 37 million net, if bought wet unhulled rice can get 5 tons Which one is the most profitable cc:thread",bbri
2026-05-09,sawah bapak > bbri saya,bbri
2026-05-09,Saya beli saham BBRI,bbri
2026-05-09,"For example, if youre faced with 2 choices A. BBRI B. BMRI Which one would you choose?",bbri
2026-05-09,got dividends from BBRI to treat myself to some bakso,bbri
2026-05-09,"My prediction is it wont go down bro, demographic and geographic advantages plus natural resources. Foreigners would lose out by ditching Indonesia. MSCI is just a gang of foreign pickpockets . BlackRock holds 1.9% of BBRI. Thats the dividends not enjoyed by the Indonesian",bbri
2026-05-09,Gaji X all in $BBRI sabi kali ya?,bbri
2026-05-09,Lets aim to have at least 100k shares of $BBRI before next years cum date. Accumulate at prices around 2900-3400. So we can enjoy the 9-10% dividend next year.,bbri
2026-05-09,"This investor is chill, but if I buy BBRI at the peak, yeah, the floating loss right now would be pretty hefty.",bbri
2026-05-09,"Ndue, konco PNS entuk dividen BBRI 20 jt. Menyala tenanan",bbri
2026-05-09,"Gurih, I bought INTC when it dropped to $19. I bought it in installments Then up to 31. Now its bagged multiple times Got myself a new Ninja motorcycle just from INTC alone. Since we profit from capital gains plus the USD rise. On IHSG, nationalism gets paid with sugarcane",bbri
2026-05-09,kamu katanya mau booking satu bioskop dan bagi bagiin tiket ke siapapun yang dateng pakai duit dr dividen BBRI ya?,bbri
2026-05-09,omg in threads someone said they got condolence money from bbri,bbri
2026-05-09,"BBRI Dividend Already Paid Out Cant believe it—after weeks of waiting, it finally arrived On 5/8, the BBRI dividend worth 209/share was distributed to shareholders When I checked my RDN balance, turns out the money was already in Initially it was around 900k then",bbri
2026-05-09,Alleged Manipulation of Rp 5 Trillion Transactions at TLKM Potentially Entering Legal Realm https://katadata.co.id/finansial/bursa/69fc1e8288410/dugaan-manipulasi-transaksi-rp-5-triliun-di-tlkm-berpotensi-masuk-ranah-hukumvia@KATADATAcoid,tlkm
2026-05-09,"TLKM in the spotlight. Around 140 transactions lacking economic substance were discovered during the 2014-2021 period, valued at US$324 million, which are now under investigation by the SEC and DOJ, necessitating the restatement of the 2023-2024 consolidated financial",tlkm
2026-05-09,Tautan ke berita asli:,tlkm
2026-05-09,Tlkm?,tlkm
2026-05-09,"Behind Telkoms forward transformation, whats being built isnt just growth, but also a business approach that allows it to move more focused and agile. According to Arthur Angelo Syailendra, Financial & Risk Director, the streamlining strategy in TLKM 30 becomes one of the",tlkm
2026-05-09,The weakness of the commissioners & audit committee > must be interpreted as Decom & the Board of Directors both being corrupt Rp 5 Trillion Transaction Manipulation at TLKM Potentially Entering the Legal Realm https://katadata.co.id/finansial/bursa/69fc1e8288410/dugaan-manipulasi-transaksi-rp-5-triliun-di-tlkm-berpotensi-masuk-ranah-hukumvia@KATADATAcoid,tlkm
2026-05-09,"TLKM mulai konsolidasi entitas anak, merger lini bisnis di bawah Mitratel (MTEL) https://msn.com/id-id/ekonomi/ekonomi/tlkm-mulai-konsolidasi-entitas-anak-merger-lini-bisnis-di-bawah-mitratel-mtel/ar-AA22F8qE?ocid=msedgdhp&pc=U531&cvid=69fe95be66f540759181c36a0bf39da9&ei=45",tlkm
2026-05-10,"Secrets of BBRI, BMRI, BBNI, to BBTN #saham #infosaham #investasi",bbri
2026-05-10,BBRI Stock Relentlessly Pursued #saham #infosaham #investasi,bbri
2026-05-10,"The JCI has already dropped nearly 20% since January. BBCA, BBRI, BMRI — all in sync, deep red. This isnt your average panic. Theres a story here.",bbri
2026-05-10,"Strong Signal for BBRI Stock, Price Could Reach This Level #saham #infosaham #investasi",bbri
2026-05-10,"Totally agree, Im all in on BBRI for dividend stocks",bbri
2026-05-10,telat keluar bbri,bbri
2026-05-10,"There are 4 big banks in the IHSG, each with investors who also promote them BBRI - Prof. Gema BBCA - Timothy Ronald BMRI - Ko Andry BBNI ?",bbri
2026-05-10,"At the current price, BBRIs down 10% bro . If you look at the situation, BBRIs safe because BBCA and BMRI are heavily guaranteeing loans with conglomerate shares, but right now those conglomerate shares are in freefall . Meaning BBCA and BMRI are gonna correct!!",bbri
2026-05-10,Its dividend yield is slightly higher than $BBRI and slightly lower than $BMRI $BJTM is pretty decent,bbri
2026-05-10,"Got 800 million, whats the best stress-free way to use it, bro? Cause at the current price, the risk-reward ratio is already pretty stress-free. Not to mention if BBRIs price bounces back to its all-time high, where the money could turn into 1.6 billion.",bbri
2026-05-10,Berarti kalau baru mau masuk dan ga harus nunggu 5 tahun lagi beli BBRI atau BBCA aja ya bang,bbri
2026-05-10,"My suspicions were right about BBRI, and right now Im telling you all, the organic people earning UMR salaries under 30 million. Get out of THIS stock, no need to act all rich by not doing CL. Because the Hilirisasi policy has made investors switch to energy issuers instead of",bbri
2026-05-10,bbri /bca,bbri
2026-05-10,Beli BBRI pakai sistem DCA !!,bbri
2026-05-10,"100,000 BBRI shares are better with a per-share price (dividend) of Rp 350-400/share. If the shares are turned back into shares again in 10 years, youll have over 200,000 BBRI shares, bro .",bbri
2026-05-10,hidup dri bbri lumayan oke,bbri
2026-05-10,BBRI bro dividend a year 10-11%..,bbri
2026-05-10,"If I had 10 million shares of BBRI, I’d live in Alahan Panjang..!!",bbri
2026-05-10,BBRI passed 3000 yesterday and I totally blanked out,bbri
2026-05-10,"5M bring dead? Not gonna be bothered? Maybe just stick to BBRI dividends at 9-10% per year If 5M is still needed for business/puttering around in the village, maybe a deposit is better",bbri
2026-05-10,Is it time to scoop up some BBRI yet?,bbri
2026-05-10,"Wkwkwk dulu tuh ada wejangan, Nabung aja terus di BBCA, BBRI.. fundamentalnya bagus. Pasti growth terus tiap tahunnya. Dapet dividen juga lagi..",bbri
2026-05-10,"BBRI stock, bro, while its cheap as chips",bbri
2026-05-10,"Aman gmn? BBRI ngasih pinjem ke umkm sedangkan daya beli turun, NPL bisa naik kalo umkm gaada yg beli",bbri
2026-05-10,"BBRI & BBCA have already plummeted badly, Even the conglomerates dont want to buy at this price? haha what a mess! ola olela ola olela As a result of @jokowi s actions in promoting his son Gibran, Prabowo got trapped in the devils coalition",bbri
2026-05-10,"Guys, the dividends for Indonesias 4 big banks have been announced with their respective yields: BBCA = 4.16 % BBRI = 8.8 % BMRI = 9.05 % BBNI = 7.8% Lets simulate putting 100 million into each one which means the dividends received: BBCA = 4,160,000 BBRI = 8,800,000 BMRI =",bbri
2026-05-10,Did I buy BBRI at the peak and still holding it till now,bbri
2026-05-10,"mostly its stocks that have dividends, like BBRI BBCA ITMG, thats why I didnt cut my losses",bbri
2026-05-10,Focus on AMRT and ICBP only.,icbp
2026-05-10,Ini bukti nyata bahwa konsistensi investasi + dividend investing itu powerful. Dari nol sampai 12M di BMRI cuma buat dividen doang. Anak muda pada harusnya nonton ini daripada flexing doang. Gas terus Bang Radit!,bmri
2026-05-10,Har bmri bashtra,bmri
2026-05-10,kalo porto kalian lagi merah dan minus tenang abang ini minus 1 miliar 1 miliar kalo di taro di BMRI aja bisa dapet 6juta perbulan dari dividen atau setara 72 juta setahun orang orang kok bisa minus 1 milir anjir ini duitnya yang kebanyakan atau udah siap mental?,bmri
2026-05-10,ada 4 big bank di IHSG masing-masing dengan investor yg sekaligus mempromosikannya BBRI - prof. Gema BBCA - Timothy Ronald BMRI - ko Andry BBNI ?,bmri
2026-05-10,Kan naruhnya di BBCA dan BMRI kak big caps & yield gede,bmri
2026-05-10,"IHSG udah turun hampir 20% sejak Januari. BBCA, BBRI, BMRI — semua kompak merah. Ini bukan panik biasa. Ini ada ceritanya.",bmri
2026-05-10,Beli bmri lah kak,bmri
2026-05-10,"BMRI bisa di pegang 7 turunan. Yg lain contoh adro batu bara habis, habis juga dividen nya plus capital gain jadi longsor",bmri
2026-05-10,kur bri terus buat beli saham bmri dividen yield nya aja udah gg,bmri
2026-05-10,Kalo tadi kita bahas dividen bank dengan bmri 800 juta bisa dapat dividen 6 jt perbulan sekarang kita ambil saham dengan yield paling besar yang di saham indonesia : LPPF = 15.9 % ADRO = 14.7 % ITMG = 15.1 % TPMA = 13.6 % PTBA = 12.1 % BSSR = 11.7 % berarti kalo mau ada,bmri
2026-05-10,kata orang BMRI ? coba dong testi nya yg udh lama nangkring disana,bmri
2026-05-10,"Rahasia BBRI, BMRI, BBNI, hingga BBTN #saham #infosaham #investasi",bmri
2026-05-10,"ITMG dan 4 big bank (pilih salah satu, saat ini BMRI juara dari segi yield deviden)",bmri
2026-05-10,Bmri juara,bmri
2026-05-10,"Kalo saya yaa, beli saham BMRI aja misal 3 juta itu ya kira-kira dapet 4 lot sebulan, mumpung lagi murah. Reksadana itu utk jangka panjang jadi ga cocok kalo nanti diambil lagi pas akhir tahun, better saham bank.",bmri
2026-05-10,Punya 800jt dipendem di saham BMRI untuk dapat income tambahan cuma 6jt per bulan... Ini akan saya pertimbangkan nanti kalau sudah punya kekayaan liquid 10M,bmri
2026-05-10,"Enak dibayanginnya tapi tetap inget yaa, dividen itu nggak selalu fix segitu tiap tahun. Tergantung laba perusahaan & keputusan RUPS juga Tapi kalau bisa punya portofolio BMRI 800 juta mah passive income 6 juta udah kayak side quest selesai",bmri
2026-05-10,Yield devidennya sedikit lebih besar diatas $BBRI dan sedikit lebih kecil dibawah $BMRI $BJTM cukup oke,bmri
2026-05-10,BMRI emang lagi juara yield-nya. Kalau dividennya stabil tiap tahun 800jt di BMRI buat dapetin 6jt/bulan masuk akal.,bmri
2026-05-10,"Kalo di harga sekarang BBRI 10% bro . Bila dilihat situasi BBRI aman sebab BBCA BMRI banyak menjamin kredit pakai saham konglo, sekarang saham konglo terjun bebas . Artinya BBCA, BMRI bakal koreksi!!",bmri
2026-05-10,"Minggu, 10 Mei 2026. Update edukasi $ISAT: • Dividen: Rp111/saham • Yield: ~4,96% • Cum Date: 13 Mei 2026 • Ex Date: 18 Mei 2026 Level support/resistance & tren cek thread. Disclaimer: Bukan ajakan beli. Investasi berisiko. #DYOR #WalzzsTrade 1/2",isat
2026-05-10,"ADA DIVIDEN MINGGU DEPAN! (11–15 Mei 2026) Beberapa emiten siap bagikan dividen: SSMS → Rp83.99 MSJA → Rp15 NICL → Rp6 ISAT → Rp111 BRIS → Rp32.81 Mau tahu detail Cum Date, Ex Date, dll? Simak thread ini Tips: Beli saham paling lambat di Cum Date biar dapat dividen.",isat
2026-05-11,"Foreign outflow hasnt stopped yet. But whats interesting is that some stocks are starting to show strength even though theyre still under pressure from foreign selling. Usually, the next market leader emerges when the majority are still scared. If the MSCI issue starts",bbri
2026-05-11,"Big banks are getting hammered by foreign outflows. But thats exactly what makes the market start to look intriguing to watch. Historically, the panic phase often marks the start of a major rotation. #BBCA #BMRI #BBRI #IHSG",bbri
2026-05-11,POPULAR NEWS: Jewelry Gold Price Update to BBRI Shares in High Demand #saham #infosaham #investasi,bbri
2026-05-11,"BBRI today at Rp3,220>Down but not without reason to watch out for. Dividend of Rp209 per share just entered investors RDN And after the payment date, foreigners started accumulating again Smart money isnt running. Theyre buying.",bbri
2026-05-11,"If the big banks finally stop being pressured by foreigners, IHSG could change its mood very quickly. Because all this time, the market cap of the index has been too dependent on that. #BMRI #BBCA #BBNI #BBRI",bbri
2026-05-11,"But to be honest about the risks too. In the short term, BBRI remains volatile. Securities recommend selling on high in the 3,310–3,390 area. Critical support is at 3,200 — if it breaks, watch out. The IHSG, still under pressure, could drag BBRI down with it before it finally",bbri
2026-05-11,From a global analyst perspective — JP Morgan has already re-rated BBRI to Overweight. This means theyre confident BBRI will outperform the market. Catalyst: expectations of a BI Rate cut that will improve net interest margins and boost demand for MSME credit.,bbri
2026-05-11,"Stock Recommendation BBRI: Sell on High Sell at 3310-3390 short term. Cutloss below 3200-3230. BIPI: Spec Buy Buy at 208-214, cutloss below 208. Target near at 222-232.",bbri
2026-05-11,"BBRIs current dividend yield is 10.60%. For context: average bank deposit 4–5%, government bonds around 6–7%. BBRIs dividend is twice as large as instruments considered safe. And this is a blue-chip stock—not junk stock.",bbri
2026-05-11,Fair Value Price Analysis BBRI -> JULY 2026 YouTube version BY creator #analisissaham #BBRI,bbri
2026-05-11,"Read here: https://money.kompas.com/read/2026/05/11/113115426/bbri-diborong-asing-bmri-dan-bbca-malah-dilepas-besar-besaran?utm_source=twitter&utm_medium=socialForeigninvestorscontinuetocarryoutnetsellingactionsamountingtoRp2.4trillioninthelastweek,bringingthetotaloutflowoffundssincethebeginningof2026toRp49trillion.PressureonbigcapbankingstockshascausedtheJCI",bbri
2026-05-11,"Why were foreigners scooping up BBRI before the MSCI rebalancing announcement? Do they, as front runners, have confidence that BBRI wont be downweighted by MSCI?",bbri
2026-05-11,"Definitely the coins BBCA, BBRI, and BMRI",bbri
2026-05-11,[09:17:44] $ADES - SELL Rp. 2.505.002.500 (1.183 lots @ Rp21.175) [09:18:49] $BBRI - SELL Rp. 1.000.675.000 (3.079 lots @ Rp3.250) [09:18:50] $BMRI - SELL Rp. 1.231.090.000 (2.863 lots @ Rp4.300) DYOR!,bbri
2026-05-11,Can owning 1 lot of BBRI shares already enable firing its employees?,bbri
2026-05-11,"Gweh lek dpt 10M Maka: 5M taruh di RDPU yield 7%, tiap bulan dpt 26jt Life cost gak sampe 10jt pernah bulan, sisa 16jt beli emas batang 5M taruh di BBRI, tiap tahun dpt 550jt. Lsg balik beli saham tambang Foya2 ga ada dlm prinsip hidup gweh, ben ga diincar pajak",bbri
2026-05-11,"Without me chasing your dividends, you still came as planned, now $BMRI -8% Starting to wait, similar to $BBRI.",bbri
2026-05-11,"Damn, IHSG is tanking duuuh ,, my stocks are dropping hard, thanks to BBCA BBRI",bbri
2026-05-11,"The JCI is red today, many stocks are under pressure, but theres one name that always pops up on securities recommendation lists in times like these: $BBRI",bbri
2026-05-11,"Foreign investors are still consistently net selling BBCA and BMRI, starting to sell small amounts again on BBRI and BBNI, which they had net bought yesterday.",bbri
2026-05-11,[10:04:05] $BBRI - SELL Rp. 2.433.354.000 (7.557 lots @ Rp3.220) [10:04:37] $BMRI - BUY Rp. 1.027.200.000 (2.400 lots @ Rp4.280) [10:04:55] $BRPT - SELL Rp. 1.010.000.000 (5.000 lots @ Rp2.020) DYOR!,bbri
2026-05-11,"makro indonesia gak ada yang gerak gais, malah pada ngejual. IHSG merosot BBRI malah ikutan jangan sok kaya mau nyelamatin negara, prajogo pangestu saja gak berani beli saham domestik, lo retail yang bergaji UMR malah gambling di saham indo? GOBLOK namanya! Akibat ulah JOKOWI",bbri
2026-05-11,"Indonesias debt reaches Rp9,920T as of March 2026, pushing up SBN yields & squeezing bank margins like BBRI. Despite this, BBRI is now trading at a PE of 7.4x with a dividend yield of 12.8%, while analyst consensus remains Buy. https://pluang.onelink.me/jTjO/PluangxTwitterBio#breaking",bbri
2026-05-11,BBRI ANJING,bbri
2026-05-11,The conclusion is simple: BBRI isnt a stock for quick gains this week. But if you want to park your capital while earning 10%+ dividends amid uncertain market conditions — This is one of the most sensible options available on the exchange today. Follow for daily,bbri
2026-05-11,"damn, bmris price is more expensive than bbris",bbri
2026-05-11,"$BBRI serves as proof that from a Technical standpoint, NOT ALL gaps must be fully covered immediately and within a short time frame; and NOT ALL reversals must reach the neckline. There are still many other variables that also determine the direction; and",bbri
2026-05-11,"Investor asing lagi OUTFLOW tapi ini list yang NET BUY 4–8 Mei 2026. 1. PT Bank Rakyat Indonesia Tbk (BBRI) Rp776,23 miliar 2. PT Timah Tbk (TINS) Rp139,75 miliar 3. PT Telkom Indonesia Tbk (TLKM) Rp110,59 miliar 4. PT Sumber Alfaria Trijaya Tbk (AMRT) Rp83,5 miliar",bbri
2026-05-11,Holding $BTC is like winning BBCA Holding $ETH is like winning BMRI Holding $BNB is like winning PTBA Holding $SOL is like winning BBRI,bbri
2026-05-11,"Got 1 trillion in cash, 1000 shares of BBRI, BBCA, ATAM, GOOGLE, APPLE, 3-story boarding houses with 12 rooms each, a laundry spot, billiards, and cafe",bbri
2026-05-11,"2M, dont buy BBRI, bro Pay for community service with dividend money",bbri
2026-05-11,"ADRO, PTBA, BMRI, BBRI",bbri
2026-05-11,Sp 12/5 : 1. gpra gjtl asii port hatm cbre pack ketr tyre icbp ssms staa obat gpso. 2. cent aali esip king mbss grph. + : mina.,icbp
2026-05-11,"Icbp, menarik.",icbp
2026-05-11,"With such variations in the difference between accrual-based reporting and cash flow, TLKM was still able to generate free cash flow (FCF) of Rp302 per share every year over the past 5 years. From this figure, Rp178-Rp212 per share was distributed as dividends for 2023-2024.",tlkm
2026-05-11,"Stock Picks May 11, 2026 TLKM Spec Buy with support at 2910, cut loss if breaks below 2860. If it doesnt break below 2910, potential to rise to 3010-3060 short term. Disclaimer: http://bit.ly/disclaimer-cgsiid#cgsi#cgsid#stockpicks#sobatgenvest#akuinvestorsaham",tlkm
2026-05-11,"I cant reveal more details about our analysis for TLKM. The point is, always stay neutral when analyzing. Even though I like some stocks, Ive never fallen in love with a stock. Just fall in love with the wife, thats all. Every stock always has its positive and negative",tlkm
2026-05-11,"Investor asing lagi OUTFLOW tapi ini list yang NET BUY 4–8 Mei 2026. 1. PT Bank Rakyat Indonesia Tbk (BBRI) Rp776,23 miliar 2. PT Timah Tbk (TINS) Rp139,75 miliar 3. PT Telkom Indonesia Tbk (TLKM) Rp110,59 miliar 4. PT Sumber Alfaria Trijaya Tbk (AMRT) Rp83,5 miliar",tlkm
2026-05-11,The narrative position of potential-risks toward a stock will fluctuate according to the companys developments. Whether from internal business developments and/or something from outside. The evaluation from the United States stock regulator for TLKM includes external,tlkm
2026-05-11,BEI conducted in-depth monitoring of the alleged fraud in the financial reports of Issuer Telkom Indonesia (TLKM) for the period from 2014 to 2021. This is because there were approximately 140 transactions worth 5 trillion rupiah that were allegedly lacking economic substance,tlkm
2026-05-11,"We at @bolasalju have uploaded an analysis for TLKM from early April. One of the data quotes is in the image. To add to the discussion, even with some notes, I see a few other things that are positive. Especially from its cash flow report. Heres the explanation",tlkm
2026-05-11,"All consolidated financial statements of TLKM—except the cash flow statement—are prepared based on the accrual method. The SECs concern that highlights those 140 transactions, in our estimation, is not about the cash report, but other reports. Well wait for developments on",tlkm
2026-05-11,"Update Screening Watchlist Saham Indonesia: Monday, May 11, 2026 (Closing). I = ADRO, BBNI. II = PTBA, SRTG, ITMG. III = INCO, ASII, MDKA, TLKM, JPFA, AMRT, AALI, MIDI, ISAT.",tlkm
2026-05-11,"Asing masih konsisten net sell BBCA bmri, mulai jual kecil lagi bbri bbni yg kemarin sempat net buy .",bmri
2026-05-11,Financial freedom punya 12 M taro bmri setaun dpt 1.2 m tiap bln dpt 100 jt & tiap bln ke luar negri fix,bmri
2026-05-11,"jangankan investor luar yg dananya puluhan miliar, i used to be blue chip holder for years especially BBCA, BMRI dulunya konsisten diangka 10k up before negara diacak2, perlahan pindah ke sgx sejak 2024 akhir bcs of bad feelings and boom 2025 awal ihsg terjun bebas till now.",bmri
2026-05-11,Bmri bobotnya di porto i 40% matanee,bmri
2026-05-11,"Kalau big banks akhirnya berhenti ditekan asing, IHSG bisa berubah mood sangat cepat. Karena selama ini market cap index terlalu bergantung ke sana. #BMRI #BBCA #BBNI #BBRI",bmri
2026-05-11,"𝐔𝐩𝐝𝐚𝐭𝐞 𝐒𝐜𝐫𝐞𝐞𝐧𝐢𝐧𝐠 𝐖𝐚𝐭𝐜𝐡𝐥𝐢𝐬𝐭 𝐒𝐚𝐡𝐚𝐦 𝐈𝐧𝐝𝐨𝐧𝐞𝐬𝐢𝐚 : 𝐇𝐚𝐫𝐢 𝐒𝐞𝐧𝐢𝐧, 𝟏𝟏 𝐌𝐞𝐢 𝟐𝟎𝟐𝟔 (𝐂𝐥𝐨𝐬𝐢𝐧𝐠). I = ADRO, BBNI. II = PTBA, SRTG, ITMG. III = INCO, ASII, MDKA, TLKM, JPFA, AMRT, AALI, MIDI, ISAT.",isat
2026-05-11,"ISAT akan membagikan dividen tunai Rp 111/saham, cum date 13 Mei dan pembayaran 5 Juni 2026.",isat
2026-05-11,"If you buy stocks of healthy companies, it should be safe, right? cc: BBCA UNVR BMRI",unvr
2026-05-11,"8. PT Indosat Tbk (ISAT) Rp55,78 miliar 9. PT Mitra Adiperkasa Tbk (MAPI) Rp43,84 miliar 10. PT Unilever Indonesia Tbk (UNVR) Rp41,73 miliar",unvr
2026-05-12,"BBRI Stock Faces Scrutiny, This Emerges #saham #infosaham #investasi",bbri
2026-05-12,"Banking stocks like BBCA, BBRI, etc.",bbri
2026-05-12,"IHSG Technical View 13 May 2026 The IHSG closed down 0.68% yesterday, accompanied by net selling from foreigners of ~799 Billion. The stocks most heavily sold by foreigners were ANTM, BMRI, CUAN, DSSA, and BBRI.",bbri
2026-05-12,"BBRI, bro, my big bro... that time when it was glowing red, I picked it up. Hehe...",bbri
2026-05-12,"IHSG Technical View May 12, 2026 The IHSG closed down 0.92% yesterday, accompanied by foreign net selling of ~Rp659 billion. The stocks most heavily sold by foreigners were BMRI, DSSA, BRPT, BBRI, and TPIA.",bbri
2026-05-12,"Damn, Im so done investing in the IHSG, keeps getting fried all the time. Long-term investing isnt guaranteed to profit either, take BBRI for example. Might as well hold till I die to finally see some gains.",bbri
2026-05-12,Im still thinking about those who bought BBCA and BBRI at ATH Many of them intended it for old age or retirement.,bbri
2026-05-12,"In 2021, a 100jt investment in BBRI shares using RUPIAH grew to 162jt. This is just the dividend calculation, not yet including capital gains.",bbri
2026-05-12,Did you skip high school or vocational school?,bbri
2026-05-12,What does BBRI mean? Is there an explanation?,bbri
2026-05-12,"Sy mending bbri aja deh, tp believe masing2 ya , ini bs lower lg kok denger2 dr 2980",bbri
2026-05-12,Episode 1 Buy BBRI 5-15M/month until you have 1000 lots for retirement Today bought around 15 lots Want to max out 5M money but cant Next well go all in again full throttle Buy price 3220 Lets see next year what the dividend will be,bbri
2026-05-12,"LOWONGAN KERJA — Industrial Relation Staff ICBP – Dairy Bekasi, Cikarang Minimal S1 (Hukum/HR atau bidang terkait) Pengalaman minimal 2 tahun Status: Karyawan Tetap",icbp
2026-05-12,"Who came up with the idea for the EXCL and TLKM results to come out at the same time maybe the point is cuz both are one-off depre to cover up each others mess like that, divide et impera focus on the market",tlkm
2026-05-12,"Telkom (TLKM) Dividend After Profit Announcement, Plus Action Plan #saham #infosaham #investasi",tlkm
2026-05-12,Stocks in the spotlight of the market: $BREN $DSSA $AMMN $CUAN $BBCA $BMRI $TLKM Will Indonesia remain strong in the eyes of global investors? #IHSG #MSCI #Saham #BursaEfekIndonesia #IDX #BBCA #BMRI #TLKM #Investasi #StockMarket,tlkm
2026-05-12,"Telkom Posts Profit of Rp17.8 Trillion in 2025, TLKM 30 Transformation Drives 35.7 Percent Shareholder Return",tlkm
2026-05-12,"JAKARTA – The Composite Stock Price Index (IHSG) fell 1.43% or 98.49 points to 6,807.13 in the first trading session on Tuesday (12/5). Read more: https://idnfin.id/a63720",tlkm
2026-05-12,Telkom Records 35.7% TSR Amid TLKMs Transformation 30,tlkm
2026-05-12,"valid! having a user org tlkm, not even at manager level, taking early retirement and getting that much. if you have a child in school, the remaining school fees until retirement age will still be covered (terms and conditions apply) for example, early retirement at age 50, until",tlkm
2026-05-12,"Enjoy the investigation lol Being in cahoots with BEI and the domestic authorities is possible. Hey, can it be in cahoots with SEC & DOJ too?",tlkm
2026-05-12,PT Telkom Indonesia (Persero) Tbk (TLKM) will spend capital (capital expenditure/capex) for expansion of Rp27.5 trillion in 2025. #Telkom #Capex #Tahun2025 #Rp27Triliun - http://Infodigital.co.idhttps://infodigital.co.id/2025-telkom-belanjakan-capex-rp27-triliun/,tlkm
2026-05-12,"Suspected financial reporting fraud at TELKOM (TLKM) 2014 - 2021, on the radar of the SEC & DOJ of the United States. Around 140 transactions with a value of Rp 5T are suspected of lacking economic substance. The Indonesia Stock Exchange is also conducting in-depth monitoring",tlkm
2026-05-12,Engga. Tp kl ngikutin brita tlkm selama tahun2 kmrn emang aneh,tlkm
2026-05-12,TLKM.,tlkm
2026-05-12,PT Telkom Indonesia (Persero) Tbk (TLKM) successfully recorded an adjusted net profit (normalized net income) of Rp22.7 trillion with a normalized net income margin of 15.4% in 2025. #Telkom #Tahun2025 #LabaBersih #Rp22Triliun - http://Infodigital.co.idhttps://infodigital.co.id/2025-laba-bersih-telkom-tembus-rp22-triliun/,tlkm
2026-05-12,"Nah, if its this, Im not really sure. But up to now, $TLKM hasnt released Form 20-F yet (this is like an annual report if were in Indo), theyve even released NT 20-F. Theyre asking for an extension of the filing time to the SEC. *20-F for non-US (like TSMC) 10-K for US",tlkm
2026-05-12,PT Telkom Indonesia (Persero) Tbk (TLKM) closed the 2025 fiscal year performance with results that reflect the continued creation of value for shareholders. This step aligns with the acceleration of the execution of the companys transformation agenda. Telkom recorded revenue of,tlkm
2026-05-12,"This is a ritual dance to ward off foreigners TLKM - The Last Dance To manage a full TP at 2,900 2,920 2,940 and scoop up more at the lows again",tlkm
2026-05-12,Is TLKM no longer a blue chip? Losing to ISAT? Because of GOTO? And the cost of buying quota is so expensive on our own in NKRI!,tlkm
2026-05-12,"I wanna TP TLKM, yeah, full lot",tlkm
2026-05-12,Finallyyy able to chillllll BRPT empty PTRONK still have TLKM re-entry RATU have BAVU have BIPI have MINA still on bid havent hit yet MDKA clean (failed to rally so I didnt keep it) WXXX have BEMRI CL MBMA have And there are about 3-4 more items Everything split securities,tlkm
2026-05-12,TLKM is getting crossed out hahahahaha Who are youuu? Ive already run out yaa,tlkm
2026-05-12,"$TLKM is being investigated by U.S. authorities. “SEC & DOJ” If its SEC, they usually focus on: Accounting, disclosure, financial statements & investor protection. Digging into revenue recognition, internal controls on financial statements, etc. The problem is with",tlkm
2026-05-12,* FLASH NOTES TLKM FY25 Results: NPAT and revenue declined -20.5%/-2.2% YoY* * Key Takeaways:* TLKM recorded a significant decline in net profit of -20.5% YoY to Rp17.8 trillion. This decline was driven by ARPU normalization and an increase in depreciation costs. * Key,tlkm
2026-05-12,"https://katadata.co.id/finansial/bursa/6a02b4b1d3cfb/rapor-merah-kinerja-bumn-telkom-tlkm-laba-anjlok-20-jadi-rp-17-8-triliunThatredreport,@TelkomIndonesiabutstilltrillionsinprofit....safe....",tlkm
2026-05-12,"Whats the point of this? Redeem 100 per sheet for 47M 200 gets 95M 300 gets 142M The projects are plenty but man, I dunno which one to work on Theres Varuna, theres one in Nongsa, theres one with the same talk",tlkm
2026-05-12,BEI Speaks Out on Alleged Fraud in Telkom (TLKM) Financial Reports,tlkm
2026-05-12,"ARPU di bisnis telekomunikasi biasanya dihitung setiap bulan: total pendapatan dibagi rata-rata jumlah pelanggan aktif periode itu. Laporan keuangan biasanya tampilkan versi kuartalan/tahunan. Menurut riset MNCS soal FY25 TLKM, penurunan ARPU ini adalah normalisasi alias sudah",tlkm
2026-05-12,"So, that stock is also listed in the US, right? Now, if it gets hit with a case (assuming the accusation is valid) like that, whats the impact on the issuer?",tlkm
2026-05-12,TLKM is facing an investigation from the SEC (US capital market regulator) over allegations of fraud in financial reporting for the 2014-2021 period. Around 140 transactions worth Rp 5 trillion are suspected of lacking economic substance: Kontan In addition to being listed on the,tlkm
2026-05-12,pernah ngaudit TLKM bun?,tlkm
2026-05-12,"IHSG Technical View 13 Mei 2026 IHSG kemarin ditutup turun 0.68%, disertai dengan net sell asing ~799 Miliar. Saham yang paling banyak dijual asing adalah ANTM, BMRI, CUAN, DSSA, dan BBRI.",bmri
2026-05-12,"BMRI perlu cl ga? Masuk di harga berapa? Investor: ada perubahan fundamental? Makin solid apa menurun? Kalo solid, nambah klo turun ya cl dong Trader: gas di support, RRR menarik sekali, cl under 4k turun dibawah 4k jadi dotop. Jdi perlu cl? Perlu tp cl inves sm trade beda cara",bmri
2026-05-12,8 Mei $ADRO 13 Mei $BNGA 25 Mei $BMRI Hiburanku di kala market gak jelas,bmri
2026-05-12,Dari 4 bank itu.. yang paling banyak kasih debt dalam USD.. BMRI..,bmri
2026-05-12,"klo profile resiko orang beda beda bang, klo yang tipikal cari aman (low risk) mendingan inves di saham2 bluechip aja, itu BMRI kan udah tepat, nyicil beli setiap kali ada rezeki klo mau highrisk dikit silahkan trading, untuk trading ini butuh ilmu dan pengalaman yang cukup, klo",bmri
2026-05-12,Ambil BMRI itu langkah awal yg bagus bang,bmri
2026-05-12,Kebetulan saya udah mulai ada uang gaji yang hisa disisihkan bang (sebelumnya buat cicilan). Saya ambil BMRI 2 lot hari ini karena lagi turun.,bmri
2026-05-12,Saham yang menjadi sorotan pasar: $BREN $DSSA $AMMN $CUAN $BBCA $BMRI $TLKM Akankah Indonesia tetap kuat di mata investor global? #IHSG #MSCI #Saham #BursaEfekIndonesia #IDX #BBCA #BMRI #TLKM #Investasi #StockMarket,bmri
2026-05-12,yep di bmri ratenya 17.560,bmri
2026-05-12,Sc punya 12 M BMRI dari mana dah,bmri
2026-05-12,Pernah cerita kah dia pegang bmri?,bmri
2026-05-12,"IHSG Technical View 12 Mei 2026 IHSG kemarin ditutup turun 0.92%, disertai dengan net sell asing ~659 Miliar. Saham yang paling banyak dijual asing adalah BMRI, DSSA, BRPT, BBRI, dan TPIA.",bmri
2026-05-12,"IHSG ditutup merah -0,92% ke 6.905 naik sedikit setelah sentimen windfall tax ditunda. Ingat ya ditunda bukan dibatalkan jadi dropnya IHSG ini hanya tinggal tunggu waktu saja. BMRI jadi biang kerok pelemahan IHSG kemaren karena waktunya ex-date (udah gk dapat dividen klo beli),",bmri
2026-05-12,Bayangin punya saham BMRI senilai 12 milyar...itu duit darimana coba...kalo gak punya privilege mana mampu naruh duit segede gtu....boro2 12M. 100 juta aja ngos2an....,bmri
2026-05-12,"𝐔𝐩𝐝𝐚𝐭𝐞 𝐒𝐜𝐫𝐞𝐞𝐧𝐢𝐧𝐠 𝐖𝐚𝐭𝐜𝐡𝐥𝐢𝐬𝐭 𝐒𝐚𝐡𝐚𝐦 𝐈𝐧𝐝𝐨𝐧𝐞𝐬𝐢𝐚 : 𝐇𝐚𝐫𝐢 𝐒𝐞𝐥𝐚𝐬𝐚, 𝟏𝟐 𝐌𝐞𝐢 𝟐𝟎𝟐𝟔 (𝐂𝐥𝐨𝐬𝐢𝐧𝐠). I = ADRO, BBNI, INDF. II = INCO, ADMR, AKRA, PTBA, SRTG. III = ISAT, ARCI, MIDI, EXCL, TAPG, ELSA, ITMG, AALI.",isat
2026-05-12,"Jadwal Deviden Minggu ini. 1. PT. Bank Syariah Indonesia (BRIS) - Deviden Rp 32,81 - Cum Date 13 Mei 2026 - Ex Date 18 Mei 2026 - Payment Date 5 Juni 2026 - Harga Saham Terakhir 1.835 2. PT, Indosat Tbk (ISAT) - Deviden Rp 111 - Cum Date 13 Mei 2026 - Ex Date 18 Mei 2026 -",isat
2026-05-13,"BBRI Stock Reverses Course, Heres What Triggered It #saham #infosaham #investasi",bbri
2026-05-13,BBRI Stock Hit by Storm #saham #infosaham #investasi,bbri
2026-05-13,"Market konsolidasi, tapi bank besar mulai aktif BBRI transaksi mulai meningkat Pantauan Ajaib @ajaib_investasi #saham flow mulai beda, walau harga belum gerak jauh. #aplikasiajaib",bbri
2026-05-13,CAN WE GO ALL IN YET? $IHSG $BBCA $BBRI $BMRI,bbri
2026-05-13,"Slamat libur panjaaang: 13 Mei 2026: posit1F: +5,87%: +2,99 kali lipat: portofolio: ADRO AMRT APLN ARTO ASRI BBRI BLTA BNII BREN BUMI BYAN CLEO CPIN DSSA ELSA EXCL GOTO GPSO HERO IMAS INDY KAEF KEJU LAJU MAPI MIDI MYOR PGEO TAYS TLKM UNVR matang CUAN: multiBAGGER: blta:",bbri
2026-05-13,"Stocks exiting: AMMN, BREN, TPIA, DSSA, CUAN, AMRT. However, AMRT enters MSCI Small Cap. Effective: May 29, 2026. Stocks still holding in Standard Index: ASII, BBCA, BBNI, BBRI, BMRI, BRMS, BRPT, CPIN, GOTO, TLKM, UNTR. #MSCI #sahamindonesia #StockGains",bbri
2026-05-13,"Dont know, but BMRI 3440, BBRI 2180 used to buying at low prices but it just keeps getting cheaper wkk",bbri
2026-05-13,"Solid, bro Start paying off BBRi & BMRI",bbri
2026-05-13,BBRI remains defensive data from Ajaib shows stable flow @ajaib_investasi #saham hasnt shown a major direction yet #aplikasiajaib,bbri
2026-05-13,"Rekomendasi Saham Potensial — Rabu, 13 Mei 2026 BBRI – Trading Buy Entry: ≥3170 Target 2: 3440 Target 1: 3300 Stoploss: <3100 By Phintraco Sekuritas Investment Advisor Team - Disclaimer On -",bbri
2026-05-13,ngaruh ke saham bbri ga ya? kan kalo ga salah PNM anak usahanya bank BRI kak wkwk,bbri
2026-05-13,brarti bca bbri bmri kosong jg semua dong,bbri
2026-05-13,"Thats why if you wanna borrow from BRI, use BBRI shares as collateral. Now thats solid.. wont end up in this kind of mess",bbri
2026-05-13,"list trial investor stock 2026 - rupiah 17503/usd - IHGS down 20% this year alone - BBCA, BBRI back to COVID prices - Chinese investors fleeing due to extortionate regulations - Indonesias debt 10,000 trillion - MBG 1.2T per day - MSCI banning Indonesian stocks - Prabowos work",bbri
2026-05-13,Theres some thats stuck in BBCA and BBRI,bbri
2026-05-13,"Stock Picks 13 May 2026 BBRI Spec Buy with support 3160, cut loss if breaks below 3100. If it doesnt break below 3160, potential rise to 3280-3340 short term. Disclaimer: http://bit.ly/disclaimer-cgsiid#cgsi#cgsid#stockpicks#sobatgenvest#akuinvestorsaham",bbri
2026-05-13,Bbri??,bbri
2026-05-13,"The MSCI global index rebalancing action in May 2026 briefly shook the sentiment of Indonesias capital market, particularly for large bank stocks. However, the four largest state-owned and private banks, BBCA, BBRI, BMRI, and BBNI, generally showed fairly strong resilience,",bbri
2026-05-13,Dan bbni mereka masih dikit ga kaya BBCA bbri bmri,bbri
2026-05-13,"2006 5,6jt utk beli saham BBRI msh harga 500 rupiah bisa dapat 112 lot. Sempat split stock sampe 1:10 berarti dari harga 50 jadi skrg 3100 Dijual skrg 347 juta, msh dpt dividen tiap tahun Yg namanya invest itu jangka panjang sekali & hrs sabar calm di tengah kondisi riskan",bbri
2026-05-13,"Imagine if all the money from those gambling bosses, whose value could reach tens of trillions, was used to buy BBRI shares, when we could all profit together instead.",bbri
2026-05-13,"BBRIs director is logging out of social media right now, got a headache.. Told to handle ultra-micro credit thats obviously super risky, thats why the interest is huge.. But then told to lower it..",bbri
2026-05-13,"Yeah, I think so, just recently, cause I was super shocked too—only got it yesterday after the BBRI dividend payment.",bbri
2026-05-13,"ICBP Bukukan Laba Rp9,22 Triliun, Tumbuh 30 Persen",icbp
2026-05-13,Fergie Boys apa Galacticos Version? Crossing apa FreeKick? TLKM apa BUMI?,tlkm
2026-05-13,"Slamat libur panjaaang: 13 Mei 2026: posit1F: +5,87%: +2,99 kali lipat: portofolio: ADRO AMRT APLN ARTO ASRI BBRI BLTA BNII BREN BUMI BYAN CLEO CPIN DSSA ELSA EXCL GOTO GPSO HERO IMAS INDY KAEF KEJU LAJU MAPI MIDI MYOR PGEO TAYS TLKM UNVR matang CUAN: multiBAGGER: blta:",tlkm
2026-05-13,"Current Porto: GOTO BRPT PTRONK BIPI RATU TLKM BAVU MINA WXXX And there are 4 other items. Dont ask about the ones that arent there, if theyre not there, it means theyre really not there",tlkm
2026-05-13,"@ajaib_investasi Post-MSCI, the markets still quiet but flows are starting to shift TLKM hasnt moved much yet, but slow accumulation is starting to show #saham price is still flat, but traces of big players are starting to emerge. #aplikasiajaib",tlkm
2026-05-13,"Stocks exiting: AMMN, BREN, TPIA, DSSA, CUAN, AMRT. However, AMRT enters MSCI Small Cap. Effective: May 29, 2026. Stocks still holding in Standard Index: ASII, BBCA, BBNI, BBRI, BMRI, BRMS, BRPT, CPIN, GOTO, TLKM, UNTR. #MSCI #sahamindonesia #StockGains",tlkm
2026-05-13,Kok ada TLKM ?? Khan dia tetap,tlkm
2026-05-13,"The higher their position & joining the early retirement program, yeah, they can get around that amount. The early retirement program is indeed the ones who take it get more benefits, because the company itself wants to become a leaner company, so many are being told to retire",tlkm
2026-05-13,Tlkm gmn pak?,tlkm
2026-05-13,"Update kinerja emiten FY2025: TLKM laba Rp 17,81 T -20%",tlkm
2026-05-13,"TLKM tends to move sideways, still being monitored based on the flow in the Ajaib market, which hasnt given a clear direction yet #saham @ajaib_investasi #aplikasiajaib",tlkm
2026-05-13,"Weight reduction transaction For example, previously he had 1 million lots He wants to sell 100,000 lots",tlkm
2026-05-13,"Bener pak T, tapi untuk BMRI seperti menarik terhadap impact rebalancing akan ada inflow cukup besar, klo liat candle hari ini blm buat low baru/ masih same low dengan kemarin.",bmri
2026-05-13,Dan bbni mereka masih dikit ga kaya BBCA bbri bmri,bmri
2026-05-13,"Top-up paket data, bonusnya nyata! Dapatkan diskon hingga Rp100 ribu* untuk pembelian paket data Indosat melalui fitur Top-up di Livin’ by Mandiri! Yuk, langsung gas promnya! Berlaku hingga 31 Mei 2026. *Info: http://bmri.id/isatdiskonmeiBankMandiriberizindandiawasi",bmri
2026-05-13,Secara umum masih down trend S1: 4130 - 4000 S2: 3000 (Fibo 0.618) --> Potensi ke harga ini apabila break down 4000 (Terdapat pola double top lanjutan) Check out my #BMRI analysis on @TradingView :,bmri
2026-05-13,brarti bca bbri bmri kosong jg semua dong,bmri
2026-05-13,Mantab om Mulai cicil bbri & bmri,bmri
2026-05-13,"Anaknya pertengahan bulan gini pengen beli lipen tapi nggak termasuk budget ya kan, pure keinginan. Lha kok siang2 dapat notif deviden bmri. Ya senang sekali lah akuuuu jadi beli lipen wkwkwkwk",bmri
2026-05-13,"Saham yang keluar: AMMN, BREN, TPIA, DSSA, CUAN, AMRT. Namun, AMRT masuk ke MSCI Small Cap. Efektif: 29 Mei 2026. Saham yang masih bertahan di Standard Index: ASII, BBCA, BBNI, BBRI, BMRI, BRMS, BRPT, CPIN, GOTO, TLKM, UNTR. #MSCI #sahamindonesia #StockGains",bmri
2026-05-13,"Padahal BMRI bank nasional, mereka kasih utang dalam bentuk USD? Memangnya nasabah prioritas mereka orang mana ya?",bmri
2026-05-13,Ya to ap ko pta shid bhulny ke bmri ho,bmri
2026-05-13,"MSCI Index Review Indonesia — May 2026 Di tengah estimasi passive outflow Indonesia sekitar US$1.16 miliar, beberapa saham justru masuk radar karena berpotensi mengalami kenaikan bobot / flow positif dari rebalancing MSCI. Saham dengan potensi up weight: BMRI, BRMS, BUMI, ENRG,",bmri
2026-05-13,"Aksi rebalancing indeks global MSCI pada Mei 2026 sempat mengguncang sentimen pasar modal Indonesia, terutama bagi saham bank besar. Namun, empat bank pelat merah dan swasta terbesar, BBCA, BBRI, BMRI, dan BBNI. Secara umum menunjukkan ketahanan yang cukup kuat, khususnya BBCA",bmri
2026-05-13,"Tidak tau, tapi BMRI 3440, BBRI 2180 kebiasaan beli harga murah malah semakin murah wkk",bmri
2026-05-13,Tolong cariin tweet sy yg post kelebihan BMRI donk..,bmri
2026-05-13,Tgl 25 payment date BMRI,bmri
2026-05-13,Cek analisa saham ISAT di Telmi Finance! #Saham #Investment,isat
2026-05-13,"Saya lihat di pasar tradisional, harga barang impor dan kebutuhan pokok mulai naik pelan. Tapi ada juga saham dividen yang masih ‘bayar gaji’ tiap tahun. Beberapa saham yang akan membagikan deviden di Bulan Mei diantaranya ISAT, BRIS, BJTM, dan TOTL, • ISAT → Rp111 per saham",isat
2026-05-13,"Stock Picks 13 May 2026 UNVR Spec Buy with support 1765, cut loss if breaks below 1730. If it doesnt break below 1765, potential rise to 1835-1870 short term. Disclaimer: http://bit.ly/disclaimer-cgsiid#cgsi#cgsid#stockpicks#sobatgenvest#akuinvestorsaham",unvr
2026-05-13,"Slamat libur panjaaang: 13 Mei 2026: posit1F: +5,87%: +2,99 kali lipat: portofolio: ADRO AMRT APLN ARTO ASRI BBRI BLTA BNII BREN BUMI BYAN CLEO CPIN DSSA ELSA EXCL GOTO GPSO HERO IMAS INDY KAEF KEJU LAJU MAPI MIDI MYOR PGEO TAYS TLKM UNVR matang CUAN: multiBAGGER: blta:",unvr
2026-05-13,"So heres the thing..lets just write the positive stuff When these stocks were kicked out of MSCI: INKP price: Rp. 4,700 UNVR price: Rp. 1,015 ADRO price: Rp. 1,735 As of today: INKP price: Rp. 8,875 UNVR price: Rp. 1,785 ADRO price: Rp. 2,510 (This has also dropped again)",unvr
2026-05-14,The merger of Pegadaian and PNM (Mekaar) into BBRI is an attractive corporate action for shares.,bbri
2026-05-14,$BBRI SHOULD ALREADY BE PERFECT FROM THE CURRENT PRICE WITH THE 5-WAVE CORRECTION PATTERN,bbri
2026-05-14,Our advanced analysis titled The Synergistic Impact of BBRI was published on 29 Feb 2024 for further discussion on this synergy. Disclaimer: not investment advice.,bbri
2026-05-14,"The merger of Pegadaian and PNM into Bank Rakyat Indonesia (BBRI stock) at the end of 2021 is worth analyzing. This is an excerpt from the analysis About BBRI Synergy (Jan 5, 2024) to examine the advantages or disadvantages of this largest corporate action in the history of",bbri
2026-05-14,"So foreign investors just pulled out a MASSIVE amount of cash from the Indonesian market MSCI kicked out 18 Indonesian stocks from its index, and foreign investors panic-sold a net Rp 1.5 TRILLION in a single day State-owned stocks like BBRI, BMRI, BBCA, AMMN got",bbri
2026-05-14,"Having 10 million BBRI shares is better to retire early , in a year youd get billions of rupiah in dividends from BBRI",bbri
2026-05-14,"Even online loans can grow. Why fuss over ultramicro credit? BBRIs profit this year is 57 T, if theres NPL of 2-3 T because of KUR, thats not really a dangerous thing either. Super strict with the little people. With business owners, they roll out the red carpet nonstop.",bbri
2026-05-14,Kek bnr2 ga sadar kalo beli BBRI,bbri
2026-05-14,Kyk orang2 yg beli saham 2500 lot yg dibeli saham bbri,bbri
2026-05-14,"If theres that much money, Id probably prefer to look for info and properly uncover MBGs kitchen, it seems But back to each persons choice But buying BBRI or BMRI shares is also fine, yeah",bbri
2026-05-14,"I hope that in the future, you wont be sued for losses due to high NPLs and be prosecuted for harming the states finances.",bbri
2026-05-14,"saham bbri, bmri turun deh besok",bbri
2026-05-14,"Investments in the banking sector BBCA BBRI BMRI etc. are down 20%. Hahaha. BMRI was saved only because it just paid dividends, even though after that it fell into a dividend trap. Indeed, fundamental flow investing is like living at the North Pole—desolate, full of storms,",bbri
2026-05-14,"pengen di icbp ya allah gaji diatas umr, lingkungan oke, semua orang baik. minues overwork gapapa deh",icbp
2026-05-14,"Update Screening Watchlist Saham Indonesia : Hari Rabu, 13 Mei 2026 (Closing). I = AKRA, ADRO, BBNI, INDF. II = TINS, TAPG, JPFA, ITMG, EXCL, SRTG. III = TLKM, ISAT, DSNG, CPIN, ENRG, AKRA, ADMR, PTBA.",tlkm
2026-05-14,TLKM is starting to show signs of gradual accumulation through Inventory Analysis #AplikasiAjaib #AjaibTerminal,tlkm
2026-05-14,"On the day that email was sent (29 June 2020), TLKMs closing price was Rp 3180. Now, almost 6 years later, TLKMs last closing price is Rp 2960.",tlkm
2026-05-14,"Poor money, totally stuck lololol, collab with ET",tlkm
2026-05-14,"Check it out on LinkedIn, seems like a lot of people are opening it, the TLKM group has a notice every Wednesday for WFA lololol",tlkm
2026-05-14,"Sutanto Pranata, Ph.D. Unraveling TLKMs Revenue Growth and the Valuation Logic of Its Transformation #Sutanto_Pranata https://medium.com/p/3fd3b184f9aa?postPublishedType=initial",tlkm
2026-05-14,"Tim Tekni has reminded us about the system limitations, but NM said that, right? You must trust the Giant... This is what becomes a big question mark. WHY? If its related to $TLKM buying shares of $GOTO at that price, well, it seems like the TLKM side got duped... how",tlkm
2026-05-14,"damn, semiconductor P/E at 60x, insane makes me think of $UNVR back when it was at the top and we all know what happened later",unvr
2026-05-15,"Saham yang worth dipantau Senin: BBRI — masih di atas MA5 & MA20, akumulasi beli MEDC — sektor energi menarik di tengah tensi global UNVR — defensif, tahan tekanan BDMN — potensi rebound teknikal Bukan rekomendasi beli.",bbri
2026-05-15,Is BBRI Stock Still Attractive? #saham #infosaham #investasi,bbri
2026-05-15,"Indonesia juga cukup ketergantungan sama big caps sih ser sepertinya IHSG banyak ditopang bank jumbo kek BBCA, BBRI, BMRI dan saham komoditas seperti BYAN, ADRO, ANTM. Jadi kalo batubara, nikel, atau bank besar koreksi, IHSG bisa langsung merah walaupun saham lain aman.",bbri
2026-05-15,"BBRI 3000s BREN 3000s BDMN starting to move.. Whats next, huh?",bbri
2026-05-15,"Sepertinya langkah gw mulai beli saham BBRI udah benar, meski masih pending..",bbri
2026-05-15,"Im getting curious, is this just paying off slowly bit by bit or what at BBRI",bbri
2026-05-15,"Buat yang expert di saham bantu jawab dong. Murah gak sih saham banking? Kek BBRI hampir 3rb, BBCA hampir 6rb, BMRI hampir 4rb. Harga balik jaman covid, masa separah itu kondisi sekarang? Beli gak sih?",bbri
2026-05-15,"Weekly $BBRI, disini juga saya nyangkut. Haha",bbri
2026-05-15,Short idr Short BBRI Short idx Hahahhaa begitu bukan bli?,bbri
2026-05-15,"Emang bank harusnya nyalurin kredit, tapi post pandemi memang segmen mikro lagi susah. BTPS memilih menurunkan growth dan membeli obligasi. BBRI memutuskan tumbuh di korporasi.",bbri
2026-05-15,Kredit Ultra Mikro isnt managed by BBRI. Whats the connection?,bbri
2026-05-15,"Timothy bought BBCA at Rp 8000 per share.. now whats the BBCA price??. Lo Kheng Hong bought BBRI at Rp 3300 per share. The question is, whos got more losses and whos raking in more dividends??",bbri
2026-05-15,Sort bbri,bbri
2026-05-15,"Lesson 8: The sector you choose determines your fate during a crisis. January–May 2026. IDR weakens from Rp 16,700 to Rp 17,505. Its impact on stocks VARIES depending on the sector: IMPORTERS (lose from IDR weakness): - UNVR (Unilever) — imported raw materials (milk,",icbp
2026-05-15,"sir se post i9dim gisn sol user name, ina skerh iga account ino, smah agyono rayli gis rih , de alkmh ghlimo ortzdarm ati tlkm, flhknid he toch hh ardfli tlam",tlkm
2026-05-15,Mau nuntut orng vis trust me bro kah ? Ga sekalian tu panggil orng yang invest TLKM ke GOTO krn ad saudaranya disana jg. Itu COI nya lbh keliatan lo mana tlkm rugi 80%an fengan invest 5-6T. Lbh gede lg kerugiannya. Oops mn mungkin kena orngnya,tlkm
2026-05-15,"Saham yang worth dipantau Senin: BBRI — masih di atas MA5 & MA20, akumulasi beli MEDC — sektor energi menarik di tengah tensi global UNVR — defensif, tahan tekanan BDMN — potensi rebound teknikal Bukan rekomendasi beli.",unvr
2026-05-15,"Lesson 8: The sector you choose determines your fate during a crisis. January–May 2026. IDR weakens from Rp 16,700 to Rp 17,505. Its impact on stocks VARIES depending on the sector: IMPORTERS (lose from IDR weakness): - UNVR (Unilever) — imported raw materials (milk,",unvr
2026-05-15,yes mas kek UNVR kala itu,unvr
2026-05-15,Gw yakin warren buffet kl lahir di indo bakal nyangkut di UNVR,unvr
2026-05-16,"2. CKPN is the ratio of loan loss reserves that banks prepare to anticipate bad debts. Simply put: If a customer fails to pay, the bank has already prepared the cover for it. For CKPN, theres no best one; a higher ratio means more cautious. You can see that BBRI has",bbri
2026-05-16,Saham BBRI 1000 lot kak,bbri
2026-05-16,"Dear BRI Friend, Out of data right in the middle of your most exciting scroll? No worries, just top up your IM3 data in BRImo and enjoy discounts up to Rp33,000! Easy, and keeps your connection smooth anytime with BRImo. For more info, visit: http://bbri.id/kuotaim3#BRImo",bbri
2026-05-16,"Oh man, thanks for the correction, bro, 1. BBCA 2. BMRI 3. BBRI 4. BBNI",bbri
2026-05-16,"1. Beli emas 300jt 2. Beli saham BBCA,BMRI,BBNI,BBRI masing² 100 jt 3. Buat investasi leher keatas dan buka usaha kecil²an yg setidaknya cukup untuk kehidupan sehari² anggap aja 200 jt 4. 100 jt dana darurat Dapet dividen tinggal gas cicil² sahamnya lagi dan selalu bersyukur",bbri
2026-05-16,kalo untuk yg baru bgt mending masuk bbri ya om? bbca biarpun turun masih kemahalan :(((,bbri
2026-05-16,Sell assets to scoop up BBRI bro,bbri
2026-05-16,mau beli saham BBRI sekalian kak?,bbri
2026-05-16,bmri 1000 lot sama bbri 1000 lot,bbri
2026-05-16,"Im trying to compare the financial ratios of 4 major banks that were officially released for the Q126 period $BBRI $BMRI $BBCA $BBNI the goal is to get a simple picture of who actually has the best performance among these 4 banks, hope its useful (thread)",bbri
2026-05-16,"oh man, thanks for the correction, bro, 1. BBCA 2. BMRI 3. BBRI 4. BBNI",bbri
2026-05-16,"Why cant it go back to under 500 price, bro?",bbri
2026-05-16,My conclusion: ICBP is currently attractive for long-term investors with moderate risk tolerance. 34% discount + brand as strong as Indomie + solid cash flow = great opportunity. But there are still commodity risks & purchasing power concerns. So its not for everyone.,icbp
2026-05-16,"What the hell, dog People in ICBP are still importing wheat for noodles at Warmindo in the village",icbp
2026-05-16,"itb! this is the shape of a girl whos a digital pub rel, NpD, cursing to die, fuck, and shes mocking her boyfriend whos perverted and from the evidence its already concrete, be careful playing v*ctim theres a video but cant be sent",tlkm
2026-05-16,"Because of this, Im stuck at 7000 on UNVR And then COVID hit after that",unvr
2026-05-16,edit idolra lagi kaaa,unvr
2026-05-16,"Warren Buffett ga setolol itu buat beli UNVR di PE 60x kyk ritel Indo idiot, liat deteriorated business kyk UNVR siapa yg mau",unvr
2026-05-16,"No need to get mad. Im just saying Buffetts already old, back in the 2000s UNVR was still a top company at a cheap valuation, simple right? PE in the 2000s was still 14x. If youre still young you wont remember UNVR was ever this cheap. No need to get sensitive lah",unvr
2026-05-16,"Gue juga dulu kena jebakan yang sama bro, untung ga terlalu dalem. UNVR emang brutal pas covid, sampe sekarang masih ngambang. Next time lebih liat fundamental + chart lah, bukan cuma produk yang dipake.",unvr
2026-05-16,"This is a typical post from a kid under 30 who hasnt ever seen UNVRs glory days. Back at the start of the 2000s, the company with ROE 100%+, double-digit earnings growth every year, and always paying dividends was UNVR. Warren Buffett is 95 years old, not from your generation,",unvr
2026-05-17,"From what I know, BBRIs price is now as cheap as a rickshaw. Its suitable for long-term investment and can become financial freedom for old age.",bbri
2026-05-17,"BBRI got bought up by foreigners, bro . Except for the pom pom owned by Mr. PP",bbri
2026-05-17,"Just multiply it yourself, bro, BlackRock owns 2 billion BBRI shares, multiply that by the dividend of Rp 350 per year. How much does BlackRock get from BRIs profits?? You say its funny",bbri
2026-05-17,"Collecting BBRI using DCA since 2011, bro, buying 10 lots every month bit by bit. Increased when BBRI did a 1:5 stock split in 2017. Now still steadily buying no matter the price. Reinvesting the dividends back into BBRI. For retirement savings in my old age..!!",bbri
2026-05-17,Ada benarnya bila orang kecil main trading!! Tapi orang kecil nabung BBRI pakai sistem DCA. Itu akan menghasilkan finansial freedom.!!,bbri
2026-05-17,"Rather than BBRIs dividends being gobbled up by BlackRock, its better if the Indonesian people get them, bro",bbri
2026-05-17,https://indopremier.com/ipotnews/newsDetail.php?jdl=BBRI_Nilai_Perpanjangan_Dana_SAL_Rp200_Triliun_di_Himbara_Bakal_Perkuat_Likuiditas&news_id=214062&group_news=IPOTNEWS&news_date=&taging_subtype=BBRI&name=&search=y_general&q=bank%20rakyat%20indonesia&halaman=1klomaumemahamidanasalygkehimbaraitusepertiapa,bbri
2026-05-17,"May I ask about the report in the Elliott Wave section, in the BBRI chart section? Isnt that BBRI supposed to be Bank Central Asia? Typo, right?",bbri
2026-05-17,"Bmri, bbri, bbca tapi skrng masih riskan untuk masuk karena dollar melemah membuat investor pada cabut dari saham Indonesia. IHSG bakal melemah.",bbri
2026-05-17,"The Impact of a Weak Rupiah on You — Retail Investor. Domestic Stock Portfolio → Loss if Assets in Rupiah Importer Stocks (UNVR, ICBP, KLBF) → Margins Under Pressure Exporter Stocks (ADRO, PTBA, CPO Issuers) → Potential Benefits Gold (XAU) → Rises in Rupiah — Effective Hedge",icbp
2026-05-17,"Man, Im not a fiscal or monetary expert. But after reading the financial report of Indofood CBP (ICBP)—which sells noodles for all walks of life—it just makes me pat my chest in relief? Wait, no—Revenues up, but net profits down... ICBPs options are basically either raise",icbp
2026-05-17,"Back to the topic alone. I once read an investigative journalists review that this Chromebook case is the patgulipat behind the purchase of GOTO shares by TLKM. If in movie terms, its the spin-off series. https://facebook.com/share/p/1AkhNofgah/",tlkm
2026-05-17,Sinar Mas Group Beats Telkom (TLKM) #saham #infosaham #investasi,tlkm
2026-05-17,"Siap-siap IHSG, Pantau juga Saham TLKM hingga GGRM #saham #infosaham #investasi",tlkm
2026-05-17,"The Impact of a Weak Rupiah on You — Retail Investor. Domestic Stock Portfolio → Loss if Assets in Rupiah Importer Stocks (UNVR, ICBP, KLBF) → Margins Under Pressure Exporter Stocks (ADRO, PTBA, CPO Issuers) → Potential Benefits Gold (XAU) → Rises in Rupiah — Effective Hedge",unvr
2026-05-17,"Wings, MYOR, UNVR have already given info that in about 2-3 weeks itll go up 3-5%",unvr
2026-05-18,"BRI Buddy Preparing for your trip abroad is even more worry-free with BRI Money Changer. With easy services and competitive exchange rates, your overseas transaction needs become simpler. Check here http://bbri.id/brimoneychanger#BRIMoneyChanger#BRIcontact",bbri
2026-05-18,Bentar lg BBRI ke level 2rb,bbri
2026-05-18,GOOD NEWS NYA STOCKS OF BIG BANKS ARE ABSENT.. $BBCA $BBRI IS THIS THE START OF THE TRANSITION?,bbri
2026-05-18,Exit dri bbca and bbri rugi blessss. No hope for this country.,bbri
2026-05-18,$BBRI — BANK RAKYAT INDONESIA (PERSERO) Tbk 31-Mar-2026 [OPENED POSITION]: PERUSAHAAN PERSEROAN (PERSERO) PT DANA After: 0 (52.66%) Δ Shares: — Δ %: — DYOR!,bbri
2026-05-18,"BBRIs group is at the 2800 level, bro. This COVID point, and itll head there.",bbri
2026-05-18,"Yeah, village folks dont transact using $. USD breaks through 18K—potential to 20K, then on to 25K Yeah, village folks dont care about ISHG—heading to 5K * BBRI breaks the 3K egg Threat to 2500 At that time, itll really be a mess",bbri
2026-05-18,"[09:24:55] $BUMI - NG Rp. 13,440,000,000 (600,000 lots @ Rp224) [09:24:55] $BUMI - NG Rp. 13,440,000,000 (600,000 lots @ Rp224) [09:24:57] $BBRI - SELL Rp. 1,331,325,000 (4,365 lots @ Rp3,050) DYOR!",bbri
2026-05-18,"BBRIs gonna hit 2.9xx soon, right?",bbri
2026-05-18,[09:19:19] $ENRG - NG Rp. 1.455.150.000 (8.900 lots @ Rp1.635) [09:19:19] $ENRG - NG Rp. 1.455.150.000 (8.900 lots @ Rp1.635) [09:19:34] $BBRI - BUY Rp. 2.440.000.000 (8.000 lots @ Rp3.050) DYOR!,bbri
2026-05-18,[09:09:51] $BBRI - BUY Rp. 1.001.315.000 (3.283 lots @ Rp3.050) [09:09:51] $BBRI - BUY Rp. 1.001.315.000 (3.283 lots @ Rp3.050) [09:09:51] $BTPS - NG Rp. 9.970.000.000 (100.000 lots @ Rp997) DYOR!,bbri
2026-05-18,BBRI BBCA Cs Stock Trigger Drop https://investor.id/market/439442/pemicu-saham-bbri-bbca-cs-turunvia@InvestorID,bbri
2026-05-18,BBCA sama BBRI udh berdarah-darah gini,bbri
2026-05-18,"IHSG keok, saatnya serok BBRI 2800 gurih itu",bbri
2026-05-18,"For two days now, foreigners have been accumulating BBRI, while the ones dumping shares are the domestics.",bbri
2026-05-18,"Minat beli makin menyusut, tinggal satu broker yang masih simpan BBRI. Penjual makin agresif desak ke bawah, harga makin tertekan. Belum ada sinyal balik arah valid di grafik saham ini. Langkah aman: sabar dulu sebelum putuskan masuk BBRI #saham #aplikasiajaib @ajaib_investasi",bbri
2026-05-18,nyerok bbri aman gak bg?,bbri
2026-05-18,$IHSG $BBCA $BBRI pagi ini dibuka dengan -2% sampai -3%. Ditambah nilai $IDR yang semakin merosot ke 16.664. Sepertinya negara kita sedang tidak baik-baik saja.,bbri
2026-05-18,[09:25:36] $BBRI - BUY Rp. 1.114.758.000 (3.643 lots @ Rp3.060) [09:25:53] $AMMN - BUY Rp. 3.685.612.000 (11.446 lots @ Rp3.220) [09:25:53] $AMMN - BUY Rp. 1.273.510.000 (3.955 lots @ Rp3.220) DYOR!,bbri
2026-05-18,Orang yg serok BBRI dari 5000 BBCA 9000 NANGES,bbri
2026-05-18,"di keadaaan indonesia tidak baik2 saja. market sedang merah, test serok $BBRI , 3 lot. ‍",bbri
2026-05-18,"Bbri siap2 di wipeoff lg, Selama supirnya masih exit ya akan begini trs",bbri
2026-05-18,"BBRI Mwerah Mwerona, tp ak ttp serok tipisss",bbri
2026-05-18,"update $BBRI 18 Mei 2026 dividen sudah diinvestasikan kembali (td dapet di harga 3040 19 lot), sekarang total 303 lot FL 17jt",bbri
2026-05-18,BBRI often looks stronger when foreign broker accumulation starts consistently entering. Inventory quite helps for reading the short-term market direction #AplikasiAjaib,bbri
2026-05-18,"[09:12:03] $BBRI - BUY Rp. 1,268,190,000 (4,158 lots @ Rp3,050) [09:12:03] $BBRI - BUY Rp. 2,031,605,000 (6,661 lots @ Rp3,050) [09:12:03] $BBRI - BUY Rp. 1,268,190,000 (4,158 lots @ Rp3,050) DYOR!",bbri
2026-05-18,"Hanya XC yang bertahan beli, yang lain diam tak minat pegang BBRI. ZP & AK turun tajam, aksi jual mendominasi pergerakan saham ini. Harga koreksi -2,88% tren masih ke bawah. Jangan buru-buru masuk BBRI, tunggu ada perubahan arah yang jelas #saham #aplikasiajaib @ajaib_investasi",bbri
2026-05-18,"Abis MSCI, BBRI ada akumulasi meski pelan, pengen tau rincian alirannya? Langsung cek di @investasi_ajaib #saham #BBRI #AplikasiAjaib",bbri
2026-05-18,Long holiday directly makes IHSG crash. Our portfolios are getting redder :( A bit dangerous these couple of weeks. Theres an atmosphere of fear alongside the rupiahs plunge. BBCA and BBRI down 50% from ATH. Just like during the pandemic and the 2008 crash. If youve got,bbri
2026-05-18,Selain BBCA sm bbri kamu pegang apa lg kak?,bbri
2026-05-18,"Sejak ada pengumuman MSCI, BBRI diakumulasi diam2, cek rinciannya di @investasi_ajaib #saham #BBRI #AplikasiAjaib",bbri
2026-05-18,"Satu Hari Satu Emiten: $ICBP Makanan jutaan warga Indonesia, emang orang desa ga pakai dollar. Tapi buat Indomie pakai Gandum dan butuh Plastik.",icbp
2026-05-18,"kalau terus-menerus COGS tertekan, ICBP harus segera putar otak.",icbp
2026-05-18,"Stock Picks 18 Mei 2026 TLKM Spec Buy dengan support 2910, cut loss jika break di bawah 2860. Jika tidak break di bawah 2910, potensi naik ke 3010-3060 short term. Disclaimer: http://bit.ly/disclaimer-cgsiid#cgsi#cgsid#stockpicks#sobatgenvest#akuinvestorsaham",tlkm
2026-05-18,SAHAM HEDGING TERBAIK DIKALA $IHSG TURUN ITU SELALU $TLKM,tlkm
2026-05-18,Eiitsss tp yg ijo ada dong masa gada BIPI WXXX TLKM,tlkm
2026-05-18,"TLKM has already started shrinking its RR because it broke through at 3,000 during trading hours. The party is over.",tlkm
2026-05-18,"saya masih posisi merah di TLKM. Tapi, semoga konsisten naik. Hari ini TLKM terkonfirmasi. +4%. Semoga berlanjut.",tlkm
2026-05-18,"Hari ini yang cakep cuma tlkm sama ptba. Biar cuma avg down dikiiiittt lumayan lah ya wak, beda 1 perak itu rerata nilai juga",tlkm
2026-05-18,TLKM and PTBA are really good at that right-left play These 2 are the only ones giving hope,tlkm
2026-05-18,Tlkm dividen berapa deh? Lumayan ada yang ijo,tlkm
2026-05-18,TLKM diserok.,tlkm
2026-05-18,Its already running.. recommendation: TLKM and MAPI hehehe,tlkm
2026-05-18,Sp 19/5 : 1. drma asii rals oasa futr hope auto bbca bptr tlkm medc humi depo. 2. kaef halo dkhh bren. + : pwon.,tlkm
2026-05-18,"CC & YU are steadily building up positions, AK is starting to catch up by joining in to buy TLKM. Only ZP is selling but getting weaker, it doesnt affect this stocks price. TLKMs price is super stable (-0.34%). Selling pressure is thinning out, a clear sign this stock is about",tlkm
2026-05-18,"Not really. Someones portfolio in real verification. Not to mention the indications of Etos role, which then got tangled up with Telkoms funds to Goto for Rp 6T. My guess is the Nadiem deal to become minister was already sealed way before the presidential election. The",tlkm
2026-05-18,"Ada satu lagi yg harus dikritisi Eto sebagai menteri BUMN, sempat alihkan Rp 6T dana Tlkm, ke Goto",tlkm
2026-05-18,"Lingkaran pembeli makin luas, banyak pihak tertarik simpan TLKM. Penjual sisa satu makin kehilangan tenaga, tak bisa ganggu pergerakan saham ini. Gerakan harga TLKM aman & terjaga. Fase koreksi selesai, saatnya saham ini melaju kencang #saham #aplikasiajaib @ajaib_investasi",tlkm
2026-05-18,"$TLKM rebound, apakah kasus di US sudah selesai?",tlkm
2026-05-18,TLKM sering gue cek inventory brokernya dulu sebelum masuk. Dari situ biasanya keliatan apakah lagi ada akumulasi diam-diam atau belum #AplikasiAjaib,tlkm
2026-05-18,"bbca, tlkm, bipi, asii angkat ihsg",tlkm
2026-05-18,"Just watch out, tomorrows speech again—village folks dont play the stock market! The ones building this country arent just the president and ministers! There are multinational companies thatve been painstakingly built in Indonesia, UNVR, BBCA, INDF, CUAN, BRPT, ASII,",unvr
2026-05-19,BBRI & BBCA Financial Performance April 2026,bbri
2026-05-19,"#BankRiweuhInconvenience #BankRusakItu kalo bukan karena payroll kantor, gak akan mau pake $BBRI",bbri
2026-05-19,"April–May sees a dividend flood from 50+ issuers. The Rupiah to USD exchange is getting even more massive because it coincides with the paydates of big caps with high foreign ownership, like BMRI (yield 8.98%), BBRI, BBCA, up to ASII. Data as of May 13, 2026 shows their yields",bbri
2026-05-19,sangkuters bbri juga . avg-nya berapa kak?,bbri
2026-05-19,"This is just all in on BBRI, right? Or are there other brokers, sis?",bbri
2026-05-19,Dana Hasil Ekspor paling enak ditaruh di $BMRI sih dibanding $BBrI dan $BBNI kartu kredit Mandiri itu benefitnya bagus dan apalagi yg gambar wayang itu ultimate status symbol,bbri
2026-05-19,"Berkaca pada krisis 2008: THS -37%: BOTTOM Target Price: bbca, bbri, bren, dssa, antm, arto, excl, indy, laju: simak yang THS posit1F: mapi, elsa, adro, gpso, hero, midi, kaef: 28/01/2026 s.d. 19/05/2026:",bbri
2026-05-19,"Wah, this is good news for Himbara, so if theres a company that receives payments from its export activities, then the payment proceeds in the form of other currencies, for example USD, are required to be placed in BMRI, BBRI, BBNI, etc.",bbri
2026-05-19,Berapa harga wajar BBRI?,bbri
2026-05-19,bagus beli bbri deviden 10% mumpung murah,bbri
2026-05-19,"Rupiah memang cenderung melemah jangka panjang vs USD (rata-rata ~3-5% per tahun historis karena inflasi lebih tinggi). Tapi yield dividen saham Indonesia (seperti PTBA 11.66%, BMRI 11.55%, BBRI 11.31% di gambar) itu tinggi justru karena mencerminkan risiko mata uang + ekonomi",bbri
2026-05-19,"IHSG anjlok, Purbaya bilang serok bawah, dia udah parkir 576 juta di BBRI. dua kemungkinan: ini bakal jadi keputusan paling cuan tahun ini — atau pelajaran paling mahal. di saham, bedanya tipis banget.",bbri
2026-05-19,Im getting hit with a nearly ~30% drop in BBRI,bbri
2026-05-19,"Alhamdulillah, Ive finished elementary school, can finally understand financial multipliers—finally sold my property asset, and Ive sunk it all into a BBRI portfolio plus a bit of SBN..!! And now Im just waiting for the 11% annual dividend plus the 6% yield from the SBN.",bbri
2026-05-19,"Yes, bisa diliat harga BBRI, BBNI, BMRI, BRIS pada nyungsep secara ytd BBCA yg sering jadi proyeksi market indo juga turut nyungsep krn market outlook kedepan kurang bagus",bbri
2026-05-19,"How are you doing, BBCA holders from the 9000 batch, BBRI from the 6000 batch, GOTO from the 300 batch",bbri
2026-05-19,"If the bank was the only one yesterday with all foreign net buy, that means the one dumping foreign and the one scooping up foreign too $BBRI $BMRI $BBCA",bbri
2026-05-19,Gaskan biar bs beli murah bca bbri,bbri
2026-05-19,"Beli BBRI emnag harus di Senin sih, entah kenapa kalo Senin turun terus",bbri
2026-05-19,"Hey BEI, Investor jangan panik? kalo gitu bapak moyanglo aja yang invest sana, kita mah masih nunggu anjlok. Ayo BBRI ke 1.500, aku sudah nunggu dari tahun lalu loh. hahaha",bbri
2026-05-19,"1 bulan lalu, karena crypto lagi ambrol Gw coba sisihan gaji gw buat beli saham BBRI, karena biasanya gw DCA SPX6900,,,rencananya biar bisa jadi dana darurat buat buy the dip SPX6900 Ehhh, malah BBRI juga ikut anjlok Adakah saran guys?",bbri
2026-05-19,This target for this older sibling is ownership of 1% BBRI,bbri
2026-05-19,"If its cold hard cash, the stocks youre buying aint junk like WBSA, BUMI, so chill, like BBCA, BBRI, BMRI—if theyre dipping, scoop em up. Yesterday I had 6 mil in cold cash, scooped 10 lots of BBCA while its at 5800, even though its in the red cause Ive got 30 lots",bbri
2026-05-19,"BBRI belum terlalu ngebut tapi pergerakan broker nya lumayan rapih, inventory analysis begini bantu banget baca arah market #AplikasiAjaib #market #cuan ##stockmarket",bbri
2026-05-19,Coba ntar gw tanyain sepupu ipar yg kerja di $BBRI bagian sales kredit KUR,bbri
2026-05-19,sedih gweh liat bbri,bbri
2026-05-19,"Eps 2 Buying BBRI 5-15M/month until I have 1000 lots for retirement Today bought another 16 lots, because its dropped quite a bit Cant max out the 5M money Buy price 3090 Lets see next year what the dividend is Hopefully still around 9.5-10.5%",bbri
2026-05-19,"BBRIs flow is still in a tug-of-war right now but accumulation hasnt pulled out yet, so its still worth monitoring every session #AplikasiAjaib #banking #investasi #anaksaham",bbri
2026-05-19,BBRI Has Potential to Form Bullish Double Bottoms http://doktermarket.com/2026/05/bbri-berpotensi-membentuk-bullish.html,bbri
2026-05-19,"BBRI still looks like there are buyers holding the line in the lower area even though sellers havent fully disappeared, this kind of flow is super nice for monitoring market momentum #AplikasiAjaib #saham #trading #marketupdate",bbri
2026-05-19,"IHSG Terkoreksi 0,35%! Saham Bank Besar seperti BMRI & BBRI Justru Menguat, Ada Sentimen Suku Bunga https://digivestasi.com/news/detail/saham_terkini/ihsg-terkoreksi-0-35-saham-bank-besar-seperti-bmri-bbri-justru-menguat-ada-sentimen-suku-bunga",bbri
2026-05-19,"- dulu ‘98 juga lebih gloomy, astra pecah kongsi, salim group default, beberapa bank collapse trus merger jadi bank mandiri. but look at UNTR, ICBP, and BMRI now. I could be wrong, time will tell.",icbp
2026-05-19,TLKM?,tlkm
2026-05-19,tauuu yaaa. padahal kita maunga saham BBCA aja atau TLKM atau apa kek,tlkm
2026-05-19,TLKM: Has the Downtrend Finished? | Elliott Wave Analysis The #TLKM stock price appears to have started moving up again in yesterdays trading after being pressured downward since the beginning of this year,tlkm
2026-05-19,TLKM ada good news apa????,tlkm
2026-05-19,Bisa naik sampai berapa dan apakah sinyal perlawanan naik ini masih bisa melanjutkan lagi tren naik harga saham $TLKM yang sempat berjalan di tahun lalu? Pembahasan selengkapnya di sini,tlkm
2026-05-19,$TLKM yang masih naik.,tlkm
2026-05-19,3. TLKM,tlkm
2026-05-19,"masih agak tertahan big banks, $ASII dan $TLKM. sekali ini ambrol, trading halt kita hari ini sampai jumpa di kehidupan yg baru",tlkm
2026-05-19,TLKM 30 in 30,tlkm
2026-05-19,"Stock Picks May 19, 2026 TLKM Spec Buy with support at 3020, cut loss if breaks below 2960. If it doesnt break below 3020, potential to rise to 3140-3200 short term. Disclaimer: http://bit.ly/disclaimer-cgsiid#cgsi#cgsid#stockpicks#sobatgenvest#akuinvestorsaham",tlkm
2026-05-19,"Rekomendasi Saham Potensial — Selasa, 19 Mei 2026 TLKM – Trading Buy Entry: ≥3000 Target 2: 3300 Target 1: 3200 Stoploss: <2900 By Phintraco Sekuritas Investment Advisor Team - Disclaimer On -",tlkm
2026-05-19,Gara-Gara Sentimen Ini! TLKM & TPIA Jadi Sorotan (Periode 8 Mei 2026 - 18 Mei 2026) Terdapat dua saham yang masuk dalam kategori Top Gainers dan Top Losers periode Periode 8 Mei 2026 - 18 Mei 2026 yaitu TLKM dan TPIA.,tlkm
2026-05-19,Whered you get that itll bounce back to the 5-year average buy price? It might just sink even deeper. Take a look at UNVR,unvr
2026-05-20,"pak mau nanya, kan BI rate naik, klo beli SBN skrg oke ga pak? Atau better masuk saham BBRI?",bbri
2026-05-20,"Anyway, right now its all about the gains, but Im holding BBRI and BMRI.",bbri
2026-05-20,"BBRI BMRI BBCA BBNI, IJO NI PAGI, SEMOGA NAIK DEH",bbri
2026-05-20,"SEKTOR YANG JUSTRU MENARIK / LEBIH TAHAN: 1. Perbankan (Big Caps) Alasan: NIM naik, laba bank biasanya meningkat Contoh: BBCA, BBRI, BMRI, BBNI 2. Consumer Staples (kebutuhan pokok) Alasan: Daya beli esensial tetap Contoh: UNVR, ICBP, KLBF, HMSP 3.",bbri
2026-05-20,"Di tengah IHSG merah, bank besar justru hijau semua BBCA +1.68% | BBRI +1.32% | BMRI +1.94% Bukan kebetulan — kemarin asing diam-diam borong: BBCA Rp107M | BBRI Rp104M | BMRI Rp84M Tapi jangan euforia dulu YTD asing masih net sell Rp49 TRILIUN dari market kita Ini bukan",bbri
2026-05-20,BBRI 18% takut banget mau cutlost sayang soalnya gede gak papa cicil terus avg down,bbri
2026-05-20,GK bisa di bayangin wkwk ibarat bayangin BBRI 20rb perlembar,bbri
2026-05-20,"Udah pada Yapping bilang crash, hancur dll. SEROKKKKKKKK pelan!!! Wkwkwkk $IHSG $BBRI #stocktrades",bbri
2026-05-20,BBRI kadang keliatan lebih menarik pas gue lihat inventory broker di desktop app Ajaib #AplikasiAjaib,bbri
2026-05-20,"Perlahan tapi pasti, investasi yang tepat hari ini bisa jadi hasil terbaik di masa depan. Semangat hold BBRI #saham #investasi #aplikasiajaib",bbri
2026-05-20,"SEKTOR YANG JUSTRU MENARIK / LEBIH TAHAN: 1. Perbankan (Big Caps) Alasan: NIM naik, laba bank biasanya meningkat Contoh: BBCA, BBRI, BMRI, BBNI 2. Consumer Staples (kebutuhan pokok) Alasan: Daya beli esensial tetap Contoh: UNVR, ICBP, KLBF, HMSP 3.",icbp
2026-05-20,"Dari kacamata market, ini bencana buat sektor consumer & retail di IHSG. Emiten yang punya exposure ke distribusi modern & daya beli rakyat (UNVR, ICBP, dll) bakal kena tekan berat. Lebih parah: foreign investor liat state monopoly by preman = rule of law hilang, capital flight",icbp
2026-05-20,mending di aspr atau tlkm rif?,tlkm
2026-05-20,"Bertahan kuat ini TLKM C 3170 +2,92% luar biasa !",tlkm
2026-05-20,$TLKM A buy signal came out again this morning. This is the 4th buy signal.,tlkm
2026-05-20,gua ada TLKM aja si tapi,tlkm
2026-05-20,"Dari kacamata market, ini bencana buat sektor consumer & retail di IHSG. Emiten yang punya exposure ke distribusi modern & daya beli rakyat (UNVR, ICBP, dll) bakal kena tekan berat. Lebih parah: foreign investor liat state monopoly by preman = rule of law hilang, capital flight",unvr
2026-05-20,"SEKTOR YANG JUSTRU MENARIK / LEBIH TAHAN: 1. Perbankan (Big Caps) Alasan: NIM naik, laba bank biasanya meningkat Contoh: BBCA, BBRI, BMRI, BBNI 2. Consumer Staples (kebutuhan pokok) Alasan: Daya beli esensial tetap Contoh: UNVR, ICBP, KLBF, HMSP 3.",unvr
2026-05-20,This is my post from back then $UNVR,unvr
