word,score,pos_freq,neg_freq
smsm,2.1972245773362196,9,1
mengawali,2.1972245773362196,9,1
sbn,2.1972245773362196,18,2
higher,2.1972245773362196,9,1
segar,2.1972245773362196,9,1
pwon,2.1972245773362196,9,1
naikk,2.1972245773362196,9,1
legendaris,2.1972245773362196,9,1
aminn,2.1972245773362196,9,1
nas,2.1972245773362196,18,2
dibagikan,2.1972245773362196,9,1
ultra,2.1972245773362196,9,1
siapkan,2.1972245773362196,9,1
diapresiasi,2.1972245773362196,9,1
apresiasi,2.1972245773362196,18,2
hemat,2.1972245773362196,9,1
susu,2.1972245773362196,9,1
div,2.1972245773362196,9,1
bersandi,2.1972245773362196,9,1
agus,2.1972245773362196,9,1
box,2.1972245773362196,9,1
gass,2.1972245773362196,18,2
dijamin,2.1972245773362196,9,1
menanjak,2.1972245773362196,9,1
mynz,2.1972245773362196,9,1
accum,2.1972245773362196,9,1
ramadan,2.1972245773362196,18,2
buy,2.1695926386741333,464,53
bawa,2.159484249353372,26,3
senyum,2.128231705849268,42,5
area,2.1118068261818674,157,19
melejit,2.0794415416798357,16,2
pesta,2.0794415416798357,32,4
alhamdulillah,2.0794415416798357,72,9
kunjungi,2.0794415416798357,16,2
kaos,2.0794415416798357,8,1
kenyamanan,2.0794415416798357,8,1
alhamdulilah,2.0794415416798357,8,1
bles,2.0794415416798357,8,1
congrats,2.0794415416798357,8,1
pecahkan,2.0794415416798357,8,1
kaleng,2.0794415416798357,16,2
danareksa,2.0794415416798357,8,1
line,2.0794415416798357,8,1
saranku,2.0794415416798357,8,1
wonderkid,2.0794415416798357,8,1
kerenn,2.0794415416798357,8,1
menabung,2.0794415416798357,8,1
award,2.0794415416798357,8,1
panen,2.0794415416798357,16,2
menyalip,2.0794415416798357,8,1
pembelian,2.0794415416798357,16,2
tingkatkan,2.0794415416798357,8,1
short,2.0614230361771577,110,14
longterm,2.03688192726104,23,3
incaran,2.0149030205422647,15,2
week,2.0149030205422647,15,2
didukung,2.0149030205422647,15,2
positif,1.992430164690206,110,15
term,1.990361911626147,161,22
agustus,1.9810014688665833,29,4
dorong,1.9810014688665833,29,4
cair,1.9810014688665833,29,4
persero,1.9740810260220096,108,15
direkomendasikan,1.9459101490553132,7,1
tuch,1.9459101490553132,7,1
terdorong,1.9459101490553132,7,1
pesat,1.9459101490553132,7,1
track,1.9459101490553132,7,1
mencatat,1.9459101490553132,14,2
mantep,1.9459101490553132,28,4
memiliki,1.9459101490553132,49,7
sage,1.9459101490553132,7,1
makasi,1.9459101490553132,7,1
lampaui,1.9459101490553132,7,1
menggiurkan,1.9459101490553132,7,1
rdg,1.9459101490553132,7,1
equity,1.9459101490553132,7,1
rutin,1.9459101490553132,21,3
dicicil,1.9459101490553132,7,1
aww,1.9459101490553132,7,1
star,1.9459101490553132,7,1
nikmat,1.9459101490553132,7,1
berbagi,1.9459101490553132,7,1
bullion,1.9459101490553132,7,1
andil,1.9459101490553132,7,1
bukankah,1.9459101490553132,7,1
qlola,1.9459101490553132,7,1
rekomen,1.9459101490553132,7,1
notif,1.9459101490553132,7,1
thrnya,1.9459101490553132,7,1
komitmen,1.9459101490553132,14,2
lumayan,1.9459101490553132,196,28
tas,1.9459101490553132,7,1
rating,1.9459101490553132,7,1
laman,1.9459101490553132,7,1
divergence,1.9459101490553132,7,1
kenaekan,1.9459101490553132,7,1
warmindo,1.9459101490553132,7,1
menggoda,1.9459101490553132,7,1
juara,1.9459101490553132,7,1
sejahtera,1.9459101490553132,7,1
liburan,1.9459101490553132,7,1
terbaik,1.916922612182061,68,10
teman,1.8971199848858813,20,3
cleo,1.8971199848858813,20,3
reksadana,1.8870696490323797,33,5
cetak,1.8803128665695001,59,9
dibeli,1.8787708462176849,144,22
rally,1.8718021769015913,13,2
bullish,1.8718021769015913,52,8
salut,1.8718021769015913,13,2
berkelanjutan,1.8718021769015913,13,2
jagokan,1.8718021769015913,13,2
dibeliin,1.8718021769015913,13,2
cute,1.8562979903656263,64,10
smdr,1.8458266904983307,19,3
dividend,1.824549292051046,62,10
kesempatan,1.8191584434161694,37,6
keberhasilan,1.791759469228055,6,1
kekurangan,1.791759469228055,6,1
adapun,1.791759469228055,6,1
duluu,1.791759469228055,6,1
nikel,1.791759469228055,6,1
tabung,1.791759469228055,6,1
sbb,1.791759469228055,6,1
analisisnya,1.791759469228055,6,1
hijauu,1.791759469228055,6,1
dikutip,1.791759469228055,6,1
benner,1.791759469228055,6,1
duet,1.791759469228055,6,1
sans,1.791759469228055,6,1
domestik,1.791759469228055,6,1
intraday,1.791759469228055,6,1
simple,1.791759469228055,6,1
dilirik,1.791759469228055,18,3
competition,1.791759469228055,6,1
cerdas,1.791759469228055,6,1
nihh,1.791759469228055,12,2
ongkang,1.791759469228055,6,1
kuasai,1.791759469228055,6,1
perdana,1.791759469228055,6,1
markdown,1.791759469228055,6,1
smngt,1.791759469228055,6,1
eral,1.791759469228055,6,1
july,1.791759469228055,6,1
terjamin,1.791759469228055,6,1
january,1.791759469228055,6,1
proyeksikan,1.791759469228055,6,1
keberlanjutan,1.791759469228055,6,1
semangaat,1.791759469228055,6,1
peluang,1.791759469228055,48,8
bermanfaat,1.791759469228055,6,1
lmbr,1.791759469228055,12,2
city,1.791759469228055,6,1
jemput,1.791759469228055,6,1
aaminn,1.791759469228055,6,1
rekomendasinya,1.791759469228055,6,1
interimnya,1.791759469228055,6,1
memenuhi,1.791759469228055,6,1
nvda,1.791759469228055,6,1
pesawat,1.791759469228055,6,1
repot,1.791759469228055,6,1
penerapan,1.791759469228055,6,1
singapura,1.791759469228055,6,1
bond,1.791759469228055,6,1
worry,1.791759469228055,6,1
umumkan,1.791759469228055,6,1
netijen,1.791759469228055,6,1
memproyeksikan,1.791759469228055,6,1
ceria,1.791759469228055,6,1
second,1.791759469228055,6,1
optimis,1.791759469228055,42,7
berkah,1.791759469228055,12,2
pora,1.791759469228055,6,1
awan,1.791759469228055,6,1
praktis,1.791759469228055,6,1
ths,1.7676619176489945,41,7
terima,1.7676619176489945,41,7
mantul,1.749199854809259,23,4
weakness,1.749199854809259,23,4
berpotensi,1.7452394535931621,63,11
disclaimer,1.7346010553881064,68,12
taruh,1.7346010553881064,17,3
sejarah,1.7346010553881064,17,3
rekomendasikan,1.7346010553881064,17,3
tertinggi,1.7197859696029656,67,12
diam,1.7047480922384253,33,6
lsip,1.7047480922384253,11,2
ngumpulin,1.7047480922384253,11,2
gibran,1.7047480922384253,11,2
lanjutkan,1.7047480922384253,11,2
memulai,1.7047480922384253,11,2
pastinya,1.7047480922384253,11,2
happy,1.7047480922384253,44,8
kencang,1.7047480922384253,11,2
resistance,1.7047480922384253,22,4
jangka,1.6863989535702288,135,25
intip,1.6739764335716716,16,3
program,1.6739764335716716,32,6
dividennya,1.6582280766035324,63,12
mencetak,1.6582280766035324,21,4
yield,1.6462518855568167,83,16
warteg,1.6451559950361796,57,11
dividen,1.6122118393168257,722,144
ayok,1.6094379124341003,10,2
cakep,1.6094379124341003,15,3
smoga,1.6094379124341003,10,2
mendapatkan,1.6094379124341003,15,3
lompat,1.6094379124341003,10,2
unggul,1.6094379124341003,10,2
meroket,1.6094379124341003,30,6
sendal,1.6094379124341003,10,2
moon,1.6094379124341003,30,6
diprediksi,1.6094379124341003,40,8
raih,1.6094379124341003,10,2
keep,1.6094379124341003,40,8
donasi,1.6094379124341003,10,2
kategori,1.6094379124341003,15,3
rupst,1.6094379124341003,15,3
hadiah,1.6094379124341003,15,3
potensi,1.5820389382459858,180,37
risk,1.580450375560848,34,7
melonjak,1.575536360758419,29,6
jajan,1.5723966407537513,53,11
nasdaq,1.55814461804655,19,4
mayan,1.55814461804655,76,16
ditopang,1.55814461804655,19,4
analis,1.555853666299994,109,23
mase,1.540445040947149,14,3
uptrendnya,1.540445040947149,14,3
unit,1.540445040947149,14,3
cita,1.540445040947149,14,3
reward,1.540445040947149,14,3
neh,1.5314763709643886,37,8
makasih,1.5260563034950492,23,5
mika,1.5260563034950492,23,5
melanjutkan,1.519825753744413,32,7
lipat,1.5163474893680884,41,9
lingkungan,1.5040773967762742,9,2
bagikan,1.5040773967762742,18,4
tergantung,1.5040773967762742,18,4
terbentuk,1.5040773967762742,9,2
gacor,1.5040773967762742,27,6
perkasa,1.5040773967762742,18,4
dinilai,1.5040773967762742,9,2
mengumumkan,1.5040773967762742,9,2
umroh,1.5040773967762742,9,2
tambahin,1.5040773967762742,9,2
tebar,1.5040773967762742,18,4
ori,1.5040773967762742,9,2
hatm,1.5040773967762742,9,2
diramal,1.5040773967762742,9,2
terbang,1.5040773967762742,72,16
dibagi,1.5040773967762742,9,2
tujuannya,1.5040773967762742,9,2
bird,1.5040773967762742,9,2
bri,1.4956562943798657,473,106
digital,1.4954936530848826,58,13
perlawanan,1.4816045409242156,22,5
senilai,1.4759065198095778,35,8
seneng,1.4759065198095778,35,8
nganggur,1.466337068793427,13,3
bsde,1.466337068793427,13,3
seru,1.466337068793427,13,3
patut,1.466337068793427,13,3
menerima,1.466337068793427,13,3
sukha,1.466337068793427,13,3
enak,1.4604023332736125,56,13
rekomendasi,1.4586150226995167,86,20
sebanyak,1.455287232606842,30,7
berhasil,1.452252328911688,47,11
gain,1.4384801142904609,59,14
salim,1.4271163556401458,25,6
solid,1.4271163556401458,25,6
panjang,1.4246132254220272,133,32
melalui,1.421385680931161,29,7
mari,1.421385680931161,29,7
naek,1.3993664426872434,77,19
mandiri,1.3906707357196895,229,57
quick,1.3862943611198906,8,2
strong,1.3862943611198906,16,4
yaah,1.3862943611198906,8,2
gram,1.3862943611198906,8,2
terkini,1.3862943611198906,12,3
motor,1.3862943611198906,16,4
another,1.3862943611198906,8,2
pertahankan,1.3862943611198906,8,2
komposisi,1.3862943611198906,8,2
juni,1.3862943611198906,72,18
nderr,1.3862943611198906,12,3
lawan,1.3862943611198906,8,2
memprediksi,1.3862943611198906,8,2
santuy,1.3862943611198906,8,2
sya,1.3862943611198906,8,2
world,1.3862943611198906,8,2
melambung,1.3862943611198906,12,3
kekuatan,1.3862943611198906,12,3
pattern,1.3862943611198906,8,2
ultah,1.3862943611198906,8,2
dipimpin,1.3862943611198906,12,3
sucor,1.3862943611198906,8,2
menarik,1.3862943611198906,148,37
monggo,1.3862943611198906,8,2
overall,1.3862943611198906,8,2
woww,1.3862943611198906,8,2
amunisi,1.3862943611198906,12,3
manis,1.3862943611198906,24,6
fantastis,1.3862943611198906,8,2
oversold,1.3862943611198906,8,2
trusz,1.3862943611198906,8,2
nyicil,1.3862943611198906,48,12
souvenirnya,1.3862943611198906,8,2
terdapat,1.3862943611198906,12,3
abang,1.3862943611198906,8,2
cantik,1.3862943611198906,8,2
diproyeksikan,1.3862943611198906,8,2
manifesting,1.3862943611198906,8,2
mtg,1.3862943611198906,8,2
compounding,1.3862943611198906,8,2
king,1.3862943611198906,16,4
semoga,1.3581234841531944,210,54
hbs,1.3437347467010947,23,6
jika,1.3419941022233106,287,75
thanks,1.33500106673234,19,5
kakk,1.3217558399823195,15,4
umur,1.3217558399823195,15,4
terimakasih,1.3217558399823195,15,4
bagger,1.3217558399823195,15,4
kedepannya,1.3217558399823195,15,4
lancar,1.3217558399823195,15,4
resisten,1.3217558399823195,15,4
pembayaran,1.3217558399823195,15,4
memberikan,1.3121863889661687,26,7
pilihan,1.308332819650179,74,20
dapet,1.3010297094652026,191,52
cashback,1.2992829841302609,11,3
cmry,1.2992829841302609,11,3
impian,1.2992829841302609,11,3
terdekat,1.2992829841302609,11,3
love,1.2992829841302609,11,3
erick,1.2992829841302609,11,3
anthoni,1.2992829841302609,11,3
kisi,1.2992829841302609,11,3
kuning,1.2992829841302609,11,3
wib,1.2992829841302609,11,3
beliin,1.2992829841302609,33,9
moga,1.2992829841302609,22,6
rdpu,1.2992829841302609,11,3
bagi,1.2975662455112063,194,53
dapat,1.2972147310662019,161,44
mumpung,1.2840155119994725,65,18
sederhana,1.2809338454620642,18,5
deposito,1.2809338454620642,18,5
better,1.2809338454620642,18,5
nabung,1.274502955131774,93,26
lagii,1.2729656758128876,25,7
split,1.2685113254635072,32,9
pembagian,1.2685113254635072,32,9
mantab,1.252762968495368,7,2
penopang,1.252762968495368,21,6
perjuangan,1.252762968495368,7,2
dmas,1.252762968495368,7,2
funda,1.252762968495368,7,2
gan,1.252762968495368,7,2
jalur,1.252762968495368,7,2
pandangan,1.252762968495368,7,2
mempertahankan,1.252762968495368,7,2
admr,1.252762968495368,21,6
duo,1.252762968495368,7,2
first,1.252762968495368,7,2
katalis,1.252762968495368,7,2
kaa,1.252762968495368,7,2
advice,1.252762968495368,7,2
team,1.252762968495368,7,2
semalam,1.252762968495368,7,2
masukin,1.252762968495368,35,10
kepercayaan,1.252762968495368,28,8
menetapkan,1.252762968495368,7,2
acara,1.252762968495368,7,2
bdmn,1.252762968495368,7,2
setoran,1.252762968495368,7,2
comment,1.252762968495368,7,2
berkualitas,1.252762968495368,7,2
pilpres,1.252762968495368,7,2
dipertimbangkan,1.252762968495368,7,2
memperkuat,1.252762968495368,7,2
warisan,1.252762968495368,7,2
upside,1.252762968495368,7,2
selanjutnya,1.252762968495368,14,4
berjaya,1.252762968495368,7,2
bpjs,1.252762968495368,7,2
saatnya,1.2452157628599851,66,19
desember,1.2321436812926323,48,14
membaik,1.2321436812926323,24,7
kur,1.2237754316221157,17,5
fitur,1.2237754316221157,17,5
penyaluran,1.2237754316221157,17,5
ngegas,1.2237754316221157,17,5
cuan,1.2167934927549975,314,93
elsa,1.213022639845854,37,11
cocok,1.213022639845854,37,11
wah,1.2110902720948,47,14
cinta,1.2039728043259361,10,3
simpan,1.2039728043259361,10,3
uptrend,1.2039728043259361,20,6
silo,1.2039728043259361,10,3
perekonomian,1.2039728043259361,10,3
bloomberg,1.2039728043259361,10,3
ara,1.2039728043259361,20,6
thank,1.2039728043259361,10,3
green,1.2039728043259361,10,3
tahunnya,1.2039728043259361,10,3
breakout,1.2039728043259361,20,6
andalan,1.2039728043259361,20,6
nder,1.200394982978052,93,28
koleksi,1.1939224684724346,33,10
capital,1.1856236656577395,36,11
kontrarian,1.1786549963416462,13,4
berupa,1.1786549963416462,13,4
pembiayaan,1.1786549963416462,13,4
konser,1.1786549963416462,13,4
sukses,1.1786549963416462,52,16
menghasilkan,1.1786549963416462,13,4
diemin,1.1786549963416462,13,4
bsk,1.1786549963416462,13,4
hero,1.1786549963416462,13,4
lembar,1.1727202608218317,84,26
bli,1.1700712526502546,29,9
masing,1.1631508098056809,48,15
cum,1.1631508098056809,32,10
internasional,1.1631508098056809,16,5
gas,1.1557707025080584,54,17
ath,1.1541821398229204,111,35
inflow,1.1526795099383853,19,6
ayo,1.148622709242771,41,13
entry,1.148622709242771,41,13
cicil,1.1474024528375417,63,20
rebound,1.1474024528375417,126,40
aman,1.1451323043030026,132,42
transaksi,1.1420974006078486,94,30
long,1.1314021114911006,62,20
bangkit,1.128465251817791,34,11
prospek,1.1239300966523995,40,13
info,1.1113513144455394,79,26
bisalah,1.0986122886681098,6,2
psikologis,1.0986122886681098,9,3
buruan,1.0986122886681098,9,3
prefer,1.0986122886681098,12,4
peningkatan,1.0986122886681098,9,3
bervariasi,1.0986122886681098,6,2
syarat,1.0986122886681098,6,2
menanti,1.0986122886681098,9,3
balikin,1.0986122886681098,6,2
bertambah,1.0986122886681098,9,3
terjangkau,1.0986122886681098,6,2
mengakumulasi,1.0986122886681098,6,2
dibelikan,1.0986122886681098,6,2
pecah,1.0986122886681098,12,4
rezeki,1.0986122886681098,9,3
menyala,1.0986122886681098,63,21
stabil,1.0986122886681098,66,22
konglomerat,1.0986122886681098,6,2
menyalurkan,1.0986122886681098,6,2
sekalii,1.0986122886681098,6,2
melewati,1.0986122886681098,9,3
wih,1.0986122886681098,6,2
dihold,1.0986122886681098,6,2
kemudahan,1.0986122886681098,6,2
deviden,1.0986122886681098,156,52
yok,1.0986122886681098,21,7
kupon,1.0986122886681098,6,2
tebel,1.0986122886681098,6,2
returnnya,1.0986122886681098,6,2
konsistensi,1.0986122886681098,6,2
gencar,1.0986122886681098,12,4
berapapun,1.0986122886681098,6,2
bocoran,1.0986122886681098,6,2
dikoleksi,1.0986122886681098,9,3
passive,1.0986122886681098,6,2
perhitungan,1.0986122886681098,6,2
souvenir,1.0986122886681098,12,4
bocil,1.0986122886681098,6,2
travel,1.0986122886681098,6,2
perkuat,1.0986122886681098,6,2
tabungan,1.0986122886681098,33,11
targetkan,1.0986122886681098,6,2
makmur,1.0986122886681098,27,9
devidennya,1.0986122886681098,18,6
miliki,1.0986122886681098,6,2
disc,1.0986122886681098,12,4
berkode,1.0986122886681098,9,3
max,1.0986122886681098,9,3
royal,1.0986122886681098,6,2
raya,1.0986122886681098,6,2
terbuka,1.0986122886681098,9,3
cbp,1.0986122886681098,27,9
membludak,1.0986122886681098,6,2
loncat,1.0986122886681098,9,3
poems,1.0986122886681098,6,2
hexa,1.0986122886681098,9,3
cuannya,1.0986122886681098,12,4
diburu,1.0986122886681098,15,5
power,1.0986122886681098,9,3
yokk,1.0986122886681098,6,2
depan,1.0986122886681098,105,35
nikmati,1.0986122886681098,9,3
saksikan,1.0986122886681098,6,2
belikan,1.0986122886681098,9,3
diskonnya,1.0986122886681098,6,2
coal,1.0986122886681098,6,2
menguji,1.0986122886681098,6,2
ngandelin,1.0986122886681098,6,2
recovery,1.0986122886681098,6,2
portofolio,1.0986122886681098,96,32
beruntun,1.0986122886681098,6,2
kaka,1.0986122886681098,6,2
simpanan,1.0986122886681098,6,2
nabungnya,1.0986122886681098,6,2
tuku,1.0986122886681098,6,2
historis,1.0986122886681098,6,2
pay,1.0986122886681098,6,2
tembus,1.089042837651959,104,35
yakin,1.0840134892469568,68,23
jelang,1.072636802264849,38,13
daftar,1.0704414117014134,35,12
buku,1.067840630001356,32,11
kedepan,1.067840630001356,32,11
diskon,1.0668635903535293,93,32
time,1.0577902941478545,72,25
serok,1.0509842396788551,246,86
berkat,1.0498221244986776,20,7
range,1.0459685551826878,37,13
rakyat,1.0459685551826878,111,39
sobat,1.0414538748281612,34,12
lengkapnya,1.0414538748281612,17,6
now,1.0414538748281612,17,6
siap,1.0375245966882716,127,45
stock,1.0319209141694374,87,31
blackrock,1.0296194171811581,14,5
tanggal,1.0296194171811581,28,10
tuhan,1.0296194171811581,14,5
membukukan,1.0296194171811581,14,5
menembus,1.0296194171811581,14,5
value,1.0245043165143877,39,14
tetap,1.0165473356138055,152,55
kak,1.0155456899694961,127,46
itmg,1.0152306797290584,69,25
indikator,1.0116009116784799,11,4
nama,1.0116009116784799,11,4
meningkat,1.0116009116784799,44,16
reversal,1.0116009116784799,11,4
golden,1.0116009116784799,11,4
berkembang,1.0116009116784799,11,4
mid,1.0116009116784799,11,4
pensiun,1.0116009116784799,33,12
meningkatkan,0.9985288301111273,19,7
high,0.9858167945227654,67,25
center,0.9808292530117262,16,6
tok,0.9808292530117262,8,3
stabilitas,0.9808292530117262,8,3
oke,0.9808292530117262,88,33
idx,0.9808292530117262,40,15
dikasi,0.9808292530117262,8,3
membuka,0.9808292530117262,8,3
reguler,0.9808292530117262,8,3
vanguard,0.9808292530117262,8,3
goyah,0.9808292530117262,8,3
know,0.9808292530117262,8,3
after,0.9808292530117262,8,3
livin,0.9808292530117262,40,15
later,0.9808292530117262,8,3
buying,0.9808292530117262,8,3
bbyb,0.9808292530117262,8,3
comeback,0.9808292530117262,8,3
doa,0.9808292530117262,8,3
primadona,0.9808292530117262,8,3
menyalaa,0.9808292530117262,8,3
kopi,0.9808292530117262,8,3
esg,0.9808292530117262,8,3
kuncinya,0.9808292530117262,8,3
undervalue,0.9808292530117262,8,3
sia,0.9808292530117262,16,6
incar,0.9808292530117262,8,3
lanjut,0.9727320427791069,82,31
umkm,0.9718605830289658,74,28
berdasarkan,0.9694005571881035,29,11
indofood,0.9675840262617057,50,19
global,0.9675840262617057,50,19
lebaran,0.965080896043587,42,16
myor,0.9614111671546247,34,13
smil,0.9555114450274363,13,5
ngalahin,0.9555114450274363,13,5
bantuan,0.9555114450274363,13,5
dapatkan,0.9555114450274363,13,5
tepat,0.949080554697146,31,12
investing,0.9444616088408515,18,7
yuk,0.9409833444645266,82,32
wow,0.9382696385929302,23,9
bjtm,0.9343092373768334,28,11
bawah,0.9337376454778757,318,125
juta,0.9242589015233319,126,50
amora,0.9162907318741551,5,2
merangkak,0.9162907318741551,5,2
baek,0.9162907318741551,5,2
harto,0.9162907318741551,5,2
yep,0.9162907318741551,5,2
trendline,0.9162907318741551,10,4
dikonfirmasi,0.9162907318741551,5,2
fibo,0.9162907318741551,5,2
versi,0.9162907318741551,10,4
kontan,0.9162907318741551,5,2
dijagokan,0.9162907318741551,5,2
postingan,0.9162907318741551,10,4
pulih,0.9162907318741551,10,4
bermimpi,0.9162907318741551,5,2
perseroan,0.9162907318741551,10,4
mnc,0.9162907318741551,5,2
mendang,0.9162907318741551,5,2
sinergi,0.9162907318741551,10,4
mengambil,0.9162907318741551,5,2
bangg,0.9162907318741551,5,2
valas,0.9162907318741551,5,2
penyumbang,0.9162907318741551,5,2
mahar,0.9162907318741551,5,2
tuk,0.9162907318741551,5,2
bintang,0.9162907318741551,5,2
atraktif,0.9162907318741551,5,2
kaum,0.9162907318741551,5,2
mantapp,0.9162907318741551,5,2
cheap,0.9162907318741551,5,2
roti,0.9162907318741551,5,2
disyukuri,0.9162907318741551,5,2
diberi,0.9162907318741551,5,2
alam,0.9162907318741551,5,2
paylater,0.9162907318741551,5,2
blio,0.9162907318741551,5,2
pelit,0.9162907318741551,5,2
dobel,0.9162907318741551,5,2
agt,0.9162907318741551,5,2
resolusi,0.9162907318741551,5,2
diatribusikan,0.9162907318741551,15,6
pacaran,0.9162907318741551,5,2
bidik,0.9162907318741551,5,2
edisi,0.9162907318741551,5,2
scara,0.9162907318741551,5,2
point,0.9162907318741551,10,4
chaos,0.9162907318741551,5,2
ikutin,0.9162907318741551,10,4
celana,0.9162907318741551,5,2
wangmin,0.9162907318741551,5,2
umum,0.9162907318741551,10,4
salurkan,0.9162907318741551,5,2
menunjukan,0.9162907318741551,5,2
sjak,0.9162907318741551,5,2
duid,0.9162907318741551,5,2
watchlist,0.9162907318741551,10,4
baba,0.9162907318741551,5,2
sang,0.9162907318741551,5,2
recap,0.9162907318741551,5,2
lmyn,0.9162907318741551,5,2
sabarin,0.9162907318741551,5,2
fibonacci,0.9162907318741551,5,2
tersebut,0.9162907318741551,50,20
jor,0.9162907318741551,5,2
klarifikasi,0.9162907318741551,5,2
mnding,0.9162907318741551,5,2
record,0.9162907318741551,5,2
garuda,0.9162907318741551,10,4
pelosok,0.9162907318741551,15,6
bps,0.9162907318741551,5,2
getol,0.9162907318741551,5,2
membahas,0.9162907318741551,5,2
merem,0.9162907318741551,5,2
fed,0.9162907318741551,25,10
pelaku,0.9162907318741551,10,4
baguss,0.9162907318741551,5,2
jamin,0.9162907318741551,5,2
voucher,0.9162907318741551,5,2
analisanya,0.9162907318741551,5,2
lowest,0.9162907318741551,5,2
enjoy,0.9162907318741551,5,2
diproyeksi,0.9162907318741551,5,2
rejeki,0.9162907318741551,5,2
corona,0.9162907318741551,5,2
diskonan,0.9162907318741551,5,2
menargetkan,0.9162907318741551,5,2
terjaga,0.9162907318741551,5,2
setau,0.9162907318741551,5,2
posisi,0.9067212808580044,52,21
buyback,0.9028677115420144,37,15
swing,0.9007865453381899,32,13
worth,0.8938178760220965,22,9
mendukung,0.8873031950009027,17,7
menghijau,0.8873031950009027,17,7
entitas,0.8873031950009027,17,7
closing,0.8803587226480917,41,17
gapapa,0.8754687373538999,24,10
bnga,0.8754687373538999,36,15
pengguna,0.8754687373538999,12,5
thohir,0.8754687373538999,12,5
pengalaman,0.8754687373538999,12,5
arto,0.8708283577973978,43,18
menunggu,0.8649974374866045,19,8
simak,0.8602012652231116,26,11
tim,0.8556661100577203,40,17
direktur,0.8544153281560676,47,20
macd,0.8472978603872037,7,3
queen,0.8472978603872037,7,3
ikn,0.8472978603872037,7,3
admf,0.8472978603872037,7,3
spesial,0.8472978603872037,14,6
tidur,0.8472978603872037,35,15
hunter,0.8472978603872037,7,3
hadir,0.8472978603872037,7,3
never,0.8472978603872037,7,3
prajogo,0.8472978603872037,7,3
segmen,0.8472978603872037,28,12
umr,0.8472978603872037,7,3
done,0.8472978603872037,7,3
switch,0.8472978603872037,7,3
nyenyak,0.8472978603872037,7,3
usia,0.8472978603872037,7,3
komoditas,0.8472978603872037,7,3
hihi,0.8472978603872037,7,3
deretan,0.8472978603872037,7,3
trad,0.8472978603872037,7,3
ngopi,0.8472978603872037,7,3
take,0.8472978603872037,21,9
mapi,0.8472978603872037,56,24
overweight,0.8472978603872037,7,3
sef,0.8472978603872037,7,3
channel,0.8472978603872037,14,6
ajaa,0.8472978603872037,14,6
muda,0.8472978603872037,21,9
tambang,0.8472978603872037,7,3
musim,0.8472978603872037,7,3
kontribusi,0.8472978603872037,7,3
tkim,0.8472978603872037,7,3
dirilis,0.8472978603872037,7,3
mantengin,0.8472978603872037,7,3
ditengah,0.8472978603872037,7,3
seksi,0.8472978603872037,7,3
lakukan,0.8472978603872037,14,6
dipantau,0.8472978603872037,7,3
persiapan,0.8472978603872037,7,3
dpk,0.8472978603872037,7,3
rdn,0.8472978603872037,21,9
tetiba,0.8472978603872037,7,3
candle,0.8472978603872037,14,6
rentang,0.8472978603872037,7,3
bni,0.8472978603872037,28,12
menawarkan,0.8472978603872037,7,3
investment,0.8472978603872037,14,6
mendapat,0.8472978603872037,7,3
neutral,0.8472978603872037,7,3
flow,0.8472978603872037,14,6
support,0.8292793548845252,110,48
income,0.8266785731844679,16,7
jaga,0.8266785731844679,16,7
ultj,0.8266785731844679,16,7
naik,0.821838552980467,1060,466
industri,0.8209805520698303,25,11
sebesar,0.8167611365271219,129,57
bssr,0.8109302162163288,9,4
institusi,0.8109302162163288,9,4
pondasi,0.8109302162163288,9,4
sikat,0.8109302162163288,9,4
mikro,0.8109302162163288,27,12
maret,0.8109302162163288,72,32
menggunakan,0.8109302162163288,9,4
timing,0.8109302162163288,9,4
ide,0.8109302162163288,9,4
dont,0.8109302162163288,9,4
pertengahan,0.8109302162163288,9,4
enaknya,0.8109302162163288,9,4
payout,0.8109302162163288,9,4
rsi,0.8109302162163288,9,4
bsi,0.8109302162163288,9,4
analisis,0.8109302162163288,45,20
akra,0.8023464725249373,29,13
emas,0.7985076962177716,60,27
konsisten,0.7985076962177716,40,18
hasil,0.7963314167951762,51,23
obligasi,0.7949298748698876,31,14
membeli,0.7932306391169279,42,19
tertingginya,0.7884573603642703,11,5
pelan,0.7884573603642703,33,15
lkh,0.7884573603642703,11,5
model,0.7884573603642703,11,5
debit,0.7884573603642703,11,5
muluk,0.7884573603642703,11,5
menurutku,0.7884573603642703,22,10
dca,0.7884573603642703,22,10
tbk,0.7873997188061346,189,86
cek,0.780158557549575,120,55
layak,0.780158557549575,24,11
selalu,0.7753852787969173,76,35
menengah,0.7731898882334817,13,6
fluktuatif,0.7731898882334817,13,6
kapitalisasi,0.7731898882334817,13,6
direksi,0.7731898882334817,39,18
bangga,0.7731898882334817,13,6
kamis,0.7731898882334817,39,18
putih,0.7731898882334817,13,6
bertumbuh,0.7731898882334817,13,6
feb,0.7731898882334817,13,6
untr,0.7691330875378674,82,38
all,0.7661723155748351,142,66
mencapai,0.7654678421395714,43,20
pnlf,0.7621400520468967,15,7
jumat,0.7621400520468967,75,35
intinya,0.7621400520468967,15,7
close,0.7621400520468967,15,7
dekat,0.7576857016975165,32,15
diversifikasi,0.7537718023763802,17,8
juli,0.750305594399894,36,17
rups,0.7487170317147561,74,35
energi,0.7472144018302211,19,9
nambah,0.7419373447293773,84,40
mtel,0.7419373447293773,21,10
syariah,0.7419373447293773,21,10
perbankan,0.7384037721480662,113,54
favorit,0.7375989431307791,23,11
sabar,0.7351113796589775,73,35
per,0.7323678937132266,208,100
aplikasi,0.7259370033829363,31,15
gpp,0.7221347174331975,35,17
hidup,0.719122666963206,39,19
total,0.7077459799810979,69,34
tumbuh,0.706940502692281,73,36
mncn,0.6931471805599453,6,3
most,0.6931471805599453,8,4
standar,0.6931471805599453,8,4
lewat,0.6931471805599453,36,18
bukti,0.6931471805599453,18,9
sing,0.6931471805599453,6,3
easy,0.6931471805599453,6,3
imas,0.6931471805599453,14,7
diminggu,0.6931471805599453,22,11
gokil,0.6931471805599453,12,6
ajh,0.6931471805599453,6,3
meraih,0.6931471805599453,6,3
penyesalan,0.6931471805599453,6,3
stocks,0.6931471805599453,10,5
selamanya,0.6931471805599453,8,4
pelemahan,0.6931471805599453,6,3
ipot,0.6931471805599453,6,3
berencana,0.6931471805599453,6,3
tiket,0.6931471805599453,18,9
sebut,0.6931471805599453,10,5
perkembangan,0.6931471805599453,8,4
ituu,0.6931471805599453,6,3
season,0.6931471805599453,6,3
perjalanan,0.6931471805599453,8,4
anda,0.6931471805599453,24,12
least,0.6931471805599453,8,4
research,0.6931471805599453,8,4
tbtb,0.6931471805599453,8,4
plan,0.6931471805599453,14,7
cobain,0.6931471805599453,6,3
ptpp,0.6931471805599453,12,6
doain,0.6931471805599453,6,3
mencari,0.6931471805599453,8,4
pinjem,0.6931471805599453,6,3
magang,0.6931471805599453,6,3
diobral,0.6931471805599453,6,3
kakap,0.6931471805599453,6,3
turu,0.6931471805599453,6,3
pre,0.6931471805599453,6,3
bahagia,0.6931471805599453,8,4
website,0.6931471805599453,6,3
membantu,0.6931471805599453,6,3
gandeng,0.6931471805599453,6,3
corporate,0.6931471805599453,6,3
discount,0.6931471805599453,6,3
think,0.6931471805599453,8,4
deposit,0.6931471805599453,6,3
berkontribusi,0.6931471805599453,6,3
pendanaan,0.6931471805599453,6,3
tenang,0.6931471805599453,34,17
asal,0.6931471805599453,26,13
nak,0.6931471805599453,6,3
nampung,0.6931471805599453,6,3
kisaran,0.6931471805599453,16,8
lotnya,0.6931471805599453,6,3
darurat,0.6931471805599453,12,6
momen,0.6931471805599453,16,8
divestasi,0.6931471805599453,6,3
digendong,0.6931471805599453,8,4
asik,0.6931471805599453,10,5
oiya,0.6931471805599453,6,3
instan,0.6931471805599453,6,3
wangi,0.6931471805599453,6,3
informasi,0.6931471805599453,14,7
berikutnya,0.6931471805599453,6,3
ibu,0.6931471805599453,6,3
penggerak,0.6931471805599453,6,3
tips,0.6931471805599453,6,3
gainnya,0.6931471805599453,6,3
milyar,0.6931471805599453,8,4
intp,0.6931471805599453,10,5
cross,0.6931471805599453,12,6
undervalued,0.6931471805599453,8,4
dtg,0.6931471805599453,6,3
fast,0.6931471805599453,6,3
sisihkan,0.6931471805599453,6,3
mengingat,0.6931471805599453,6,3
keputusan,0.6931471805599453,12,6
ato,0.6931471805599453,14,7
berbagai,0.6931471805599453,10,5
ratio,0.6931471805599453,22,11
tebal,0.6931471805599453,6,3
kasih,0.6931471805599453,70,35
dihitung,0.6931471805599453,8,4
ades,0.6931471805599453,6,3
cuy,0.6931471805599453,14,7
real,0.6931471805599453,12,6
taro,0.6931471805599453,16,8
nyaa,0.6931471805599453,6,3
sepakat,0.6931471805599453,6,3
future,0.6931471805599453,8,4
perubahan,0.6931471805599453,8,4
kreditnya,0.6931471805599453,8,4
ketemu,0.6931471805599453,8,4
smma,0.6931471805599453,8,4
cnbc,0.6931471805599453,6,3
ceo,0.6931471805599453,6,3
mencerminkan,0.6931471805599453,12,6
palestina,0.6931471805599453,12,6
bottoming,0.6931471805599453,8,4
plus,0.6931471805599453,26,13
pengumuman,0.6931471805599453,18,9
full,0.6931471805599453,32,16
kumpulin,0.6931471805599453,6,3
fyi,0.6931471805599453,8,4
kija,0.6931471805599453,8,4
triliun,0.6889718091494647,239,120
boleh,0.6744550475477928,53,27
telah,0.6737290947028437,51,26
tgl,0.6690496289808848,41,21
kepada,0.6678293725756554,39,20
sangat,0.666478933477784,74,38
waktunya,0.6632942174102642,33,17
dibuka,0.6584616225720553,85,44
icbp,0.6547863126874991,358,186
pilih,0.653926467406664,50,26
tengah,0.6523251860396901,48,25
money,0.6505875661411494,23,12
jumbo,0.6493445579015524,67,35
belanja,0.6466271649250525,42,22
rate,0.6466271649250525,21,11
setuju,0.6418538861723947,19,10
kenaikan,0.6359887667199967,85,45
dukung,0.6359887667199967,17,9
asumsi,0.6286086594223741,15,8
murah,0.6254290065049944,157,84
ptro,0.6241543090729939,28,15
buat,0.6193199101624525,509,274
momentum,0.6190392084062235,13,7
far,0.6190392084062235,13,7
level,0.6165139545390294,113,61
hingga,0.6122595214208446,273,148
sambil,0.6109090823229731,35,19
ych,0.6061358035703155,11,6
nnti,0.6061358035703155,11,6
malam,0.6061358035703155,11,6
setidaknya,0.6061358035703155,11,6
pinjaman,0.6061358035703155,11,6
chartnya,0.6061358035703155,11,6
sebentar,0.6061358035703155,11,6
tiap,0.604419064951261,97,53
jsmr,0.6021754023542185,42,23
tambah,0.6015799870344548,73,40
ptba,0.5986563371390229,111,61
yakni,0.5978370007556204,20,11
pendek,0.5978370007556204,20,11
gajian,0.5947071077466928,29,16
tahunan,0.5947071077466928,29,16
lek,0.5877866649021191,9,5
semangat,0.5877866649021191,45,25
pertanda,0.5877866649021191,9,5
efisiensi,0.5877866649021191,9,5
sosial,0.5877866649021191,9,5
nominal,0.5877866649021191,9,5
trend,0.5877866649021191,18,10
jtan,0.5877866649021191,9,5
cmn,0.5877866649021191,9,5
dini,0.5877866649021191,9,5
pantau,0.5877866649021191,18,10
pukul,0.5877866649021191,9,5
anggap,0.5877866649021191,9,5
return,0.5798184952529422,25,14
biasa,0.5798184952529422,50,28
tiga,0.5753641449035618,16,9
garis,0.5753641449035618,16,9
bertahan,0.5753641449035618,32,18
uang,0.5712573629509085,108,61
gratis,0.5705448584676129,23,13
nanti,0.5679840376059393,90,51
beli,0.5666523528281452,927,526
pemula,0.5596157879354227,14,8
mood,0.5596157879354227,7,4
membentuk,0.5596157879354227,14,8
kejemput,0.5596157879354227,7,4
setor,0.5596157879354227,7,4
asri,0.5596157879354227,7,4
catatan,0.5596157879354227,7,4
pasca,0.5596157879354227,14,8
kebeli,0.5596157879354227,7,4
minat,0.5596157879354227,7,4
timur,0.5596157879354227,7,4
work,0.5596157879354227,7,4
dingin,0.5596157879354227,21,12
bensin,0.5596157879354227,7,4
berbalik,0.5596157879354227,7,4
kota,0.5596157879354227,7,4
konten,0.5596157879354227,7,4
empat,0.5596157879354227,7,4
slow,0.5596157879354227,7,4
gojek,0.5596157879354227,7,4
check,0.5596157879354227,7,4
mobil,0.5596157879354227,14,8
walaupun,0.5596157879354227,42,24
instrumen,0.5596157879354227,7,4
suami,0.5596157879354227,7,4
leader,0.5596157879354227,7,4
nyangka,0.5596157879354227,7,4
tersenyum,0.5596157879354227,7,4
mulai,0.5582278626605746,180,103
bren,0.5569167309662576,185,106
sisanya,0.550046336919272,26,15
good,0.550046336919272,26,15
bisnis,0.5483162326814893,154,89
pertumbuhan,0.5465437063680699,76,44
santai,0.5465437063680699,19,11
harusnya,0.5436154465889816,62,36
justru,0.5423242908253617,43,25
bunga,0.5389965007326869,72,42
ane,0.5389965007326869,12,7
mendekati,0.5389965007326869,12,7
sunarso,0.5389965007326869,12,7
btc,0.5389965007326869,36,21
yieldnya,0.5389965007326869,12,7
wajib,0.5389965007326869,12,7
dua,0.5355182363563621,41,24
bentar,0.5340824859302579,29,17
giliran,0.5306282510621704,17,10
walau,0.5306282510621704,34,20
sumber,0.5306282510621704,17,10
tpia,0.5280674302004967,39,23
mei,0.5280674302004967,39,23
semester,0.5260930958967791,44,26
jumlah,0.5232481437645479,27,16
rata,0.5232481437645479,54,32
makan,0.5212969236332861,32,19
bts,0.5108256237659907,5,3
omongan,0.5108256237659907,5,3
sadar,0.5108256237659907,15,9
urutan,0.5108256237659907,5,3
kurleb,0.5108256237659907,5,3
bonus,0.5108256237659907,25,15
grow,0.5108256237659907,5,3
berhenti,0.5108256237659907,5,3
skrang,0.5108256237659907,5,3
earnings,0.5108256237659907,5,3
when,0.5108256237659907,5,3
tersengat,0.5108256237659907,5,3
ajj,0.5108256237659907,5,3
miliaran,0.5108256237659907,5,3
merauke,0.5108256237659907,5,3
ipcc,0.5108256237659907,5,3
rupanya,0.5108256237659907,5,3
prinsip,0.5108256237659907,5,3
korporat,0.5108256237659907,5,3
midi,0.5108256237659907,15,9
gambaran,0.5108256237659907,5,3
limit,0.5108256237659907,5,3
dibangun,0.5108256237659907,5,3
kala,0.5108256237659907,10,6
posit,0.5108256237659907,5,3
tanah,0.5108256237659907,15,9
gugatan,0.5108256237659907,5,3
nek,0.5108256237659907,5,3
ngantri,0.5108256237659907,5,3
keyakinan,0.5108256237659907,5,3
dipicu,0.5108256237659907,10,6
public,0.5108256237659907,5,3
bukukan,0.5108256237659907,10,6
khawatir,0.5108256237659907,10,6
ketr,0.5108256237659907,5,3
mikirin,0.5108256237659907,5,3
stimulus,0.5108256237659907,5,3
yup,0.5108256237659907,5,3
mengenai,0.5108256237659907,5,3
pol,0.5108256237659907,5,3
kras,0.5108256237659907,5,3
bandung,0.5108256237659907,5,3
set,0.5108256237659907,5,3
ojk,0.5108256237659907,5,3
sektornya,0.5108256237659907,5,3
saking,0.5108256237659907,5,3
seri,0.5108256237659907,5,3
tulisan,0.5108256237659907,5,3
investasinya,0.5108256237659907,5,3
definisi,0.5108256237659907,5,3
note,0.5108256237659907,5,3
berikan,0.5108256237659907,5,3
terjadinya,0.5108256237659907,5,3
bergairah,0.5108256237659907,5,3
gambar,0.5108256237659907,5,3
normal,0.5108256237659907,10,6
yap,0.5108256237659907,5,3
handle,0.5108256237659907,5,3
aspek,0.5108256237659907,5,3
dapetin,0.5108256237659907,5,3
tandanya,0.5108256237659907,5,3
pasalnya,0.5108256237659907,5,3
alon,0.5108256237659907,5,3
reli,0.5108256237659907,5,3
fiber,0.5108256237659907,10,6
berjuang,0.5108256237659907,5,3
tampil,0.5108256237659907,5,3
bersabar,0.5108256237659907,5,3
dpt,0.50626980723013,73,44
fokus,0.5045560107523953,53,32
menuju,0.5031035776720804,43,26
emiten,0.4949702519761966,146,89
bris,0.48643417064183153,135,83
bapak,0.4855078157817008,13,8
telekomunikasi,0.4855078157817008,13,8
desa,0.4855078157817008,13,8
khusus,0.4855078157817008,13,8
cepet,0.4855078157817008,26,16
januari,0.4828517717235845,47,29
usaha,0.4828517717235845,47,29
bagus,0.4789991921543135,268,166
menurut,0.47692407209030935,29,18
cukup,0.47692407209030935,87,54
penting,0.47000362924573563,32,20
rebu,0.47000362924573563,8,5
strateginya,0.47000362924573563,8,5
silahkan,0.47000362924573563,8,5
pekan,0.47000362924573563,48,30
jawabannya,0.47000362924573563,8,5
tays,0.47000362924573563,8,5
mengelola,0.47000362924573563,8,5
promonya,0.47000362924573563,8,5
berturut,0.47000362924573563,8,5
mudah,0.47000362924573563,32,20
perhatikan,0.47000362924573563,8,5
ditunggu,0.47000362924573563,8,5
kuu,0.47000362924573563,8,5
inilah,0.47000362924573563,8,5
ratusan,0.47000362924573563,16,10
inves,0.47000362924573563,8,5
mudik,0.47000362924573563,8,5
lebe,0.47000362924573563,8,5
siklus,0.47000362924573563,8,5
diserok,0.47000362924573563,8,5
four,0.47000362924573563,8,5
menang,0.47000362924573563,16,10
anti,0.47000362924573563,8,5
memutuskan,0.47000362924573563,8,5
adro,0.46661953126149497,177,111
sekuritas,0.4643056081310978,35,22
investasi,0.4601235206460285,141,89
beri,0.45953232937844013,19,12
berikut,0.45953232937844013,19,12
indf,0.4585749334221128,87,55
kali,0.4581088415935864,117,74
hehehe,0.4519851237430572,11,7
risiko,0.4519851237430572,22,14
resmi,0.4519851237430572,11,7
inkp,0.4519851237430572,22,14
senang,0.4519851237430572,11,7
merger,0.4519851237430572,11,7
tercatat,0.4519851237430572,11,7
infrastruktur,0.4519851237430572,11,7
jakarta,0.4519851237430572,11,7
dana,0.4519851237430572,66,42
digit,0.4519851237430572,22,14
tahan,0.4519851237430572,22,14
promo,0.4519851237430572,22,14
didorong,0.4519851237430572,11,7
target,0.4468503242710187,111,71
wika,0.44628710262841953,25,16
mie,0.44183275227903923,14,9
layanan,0.44183275227903923,14,9
bibit,0.44183275227903923,14,9
potensial,0.44183275227903923,14,9
indeks,0.43969827975040665,104,67
percaya,0.4393666597838457,45,29
februari,0.4382549309311553,31,20
kredit,0.4353180712578455,85,55
ammn,0.43078291609245434,80,52
setahun,0.43078291609245434,60,39
belinya,0.4228568508200336,29,19
medc,0.4212134650763035,32,21
selain,0.4168938039317871,44,29
excl,0.4135623183407838,62,41
rajin,0.4054651081081644,12,8
lulus,0.4054651081081644,6,4
head,0.4054651081081644,6,4
tokopedia,0.4054651081081644,6,4
sejalan,0.4054651081081644,12,8
indikasi,0.4054651081081644,6,4
jugaa,0.4054651081081644,6,4
kebutuhan,0.4054651081081644,9,6
dow,0.4054651081081644,6,4
random,0.4054651081081644,6,4
online,0.4054651081081644,9,6
terang,0.4054651081081644,6,4
sebelumnya,0.4054651081081644,57,38
casa,0.4054651081081644,6,4
riil,0.4054651081081644,6,4
datang,0.4054651081081644,18,12
oktober,0.4054651081081644,27,18
kpig,0.4054651081081644,12,8
lima,0.4054651081081644,9,6
skg,0.4054651081081644,6,4
reksa,0.4054651081081644,9,6
pulang,0.4054651081081644,12,8
berlanjut,0.4054651081081644,30,20
bole,0.4054651081081644,6,4
krna,0.4054651081081644,15,10
banks,0.4054651081081644,48,32
pemegang,0.4054651081081644,60,40
interest,0.4054651081081644,9,6
indah,0.4054651081081644,6,4
spin,0.4054651081081644,6,4
acuan,0.4054651081081644,6,4
upaya,0.4054651081081644,6,4
loan,0.4054651081081644,6,4
alumni,0.4054651081081644,6,4
let,0.4054651081081644,6,4
ttg,0.4054651081081644,6,4
nikah,0.4054651081081644,9,6
teh,0.4054651081081644,6,4
pulsa,0.4054651081081644,9,6
listing,0.4054651081081644,6,4
nyoba,0.4054651081081644,9,6
sultan,0.4054651081081644,6,4
tagihan,0.4054651081081644,6,4
asuransi,0.4054651081081644,9,6
dev,0.4054651081081644,12,8
lgi,0.4054651081081644,18,12
financial,0.4054651081081644,15,10
valuasinya,0.4054651081081644,6,4
budi,0.4054651081081644,6,4
gokill,0.4054651081081644,6,4
demikian,0.4054651081081644,6,4
barito,0.4054651081081644,6,4
menguntungkan,0.4054651081081644,9,6
pastikan,0.4054651081081644,6,4
credit,0.4054651081081644,9,6
tua,0.4054651081081644,21,14
profitabilitas,0.4054651081081644,6,4
royo,0.4054651081081644,6,4
mindset,0.4054651081081644,6,4
alami,0.4054651081081644,6,4
kuat,0.3822082459438971,85,58
meski,0.3813675565291038,41,28
bca,0.3780661339200499,54,37
menyentuh,0.3746934494414107,16,11
sebagian,0.3746934494414107,16,11
sido,0.3732042458899429,61,42
nyerok,0.3726752852851735,45,31
smra,0.36772478012531734,13,9
sedikit,0.36772478012531734,39,27
ingin,0.36772478012531734,13,9
capai,0.36772478012531734,13,9
sebagai,0.3662443949548831,75,52
invest,0.3649737467534275,121,84
bos,0.3629054936893685,23,16
pgeo,0.3629054936893685,23,16
menjadi,0.36061454194281256,109,76
segera,0.3566749439387324,20,14
join,0.3566749439387324,10,7
count,0.3566749439387324,10,7
eps,0.3566749439387324,20,14
ketimbang,0.3566749439387324,10,7
mencatatkan,0.3566749439387324,30,21
lho,0.3566749439387324,20,14
kyknya,0.3566749439387324,10,7
profit,0.3519764231571782,91,64
setiap,0.3513978868378886,27,19
chart,0.3513978868378886,27,19
keuntungan,0.3513978868378886,27,19
sesi,0.34937564145712086,78,55
baik,0.34905101882807305,112,79
serta,0.3483066942682158,17,12
inovasi,0.3483066942682158,17,12
pribadi,0.3483066942682158,17,12
beliau,0.3483066942682158,17,12
investor,0.34550164334060723,267,189
rilis,0.3448404862917296,24,17
ribu,0.3429447511268304,31,22
morgan,0.3429447511268304,31,22
mdka,0.3409265869705932,45,32
bluechip,0.339507140316367,66,47
defensif,0.3364722366212129,7,5
perbaikan,0.3364722366212129,7,5
infonya,0.3364722366212129,7,5
amin,0.3364722366212129,7,5
mirae,0.3364722366212129,7,5
hold,0.3364722366212129,154,110
teknikal,0.3364722366212129,28,20
bertahap,0.3364722366212129,7,5
galau,0.3364722366212129,7,5
inii,0.3364722366212129,7,5
apalah,0.3364722366212129,7,5
drama,0.3364722366212129,7,5
itupun,0.3364722366212129,7,5
laut,0.3364722366212129,7,5
gausah,0.3364722366212129,14,10
cagr,0.3364722366212129,7,5
sejuta,0.3364722366212129,7,5
inflasi,0.3364722366212129,14,10
walo,0.3364722366212129,7,5
diberikan,0.3364722366212129,7,5
diguyur,0.3364722366212129,7,5
kpr,0.3364722366212129,7,5
walopun,0.3364722366212129,7,5
pen,0.3364722366212129,7,5
siapin,0.3364722366212129,7,5
lahh,0.3364722366212129,7,5
gaji,0.3364722366212129,35,25
angin,0.3364722366212129,7,5
grafiknya,0.3364722366212129,7,5
manfaat,0.3364722366212129,7,5
already,0.3364722366212129,7,5
koperasi,0.3364722366212129,7,5
tercapai,0.3364722366212129,7,5
kompak,0.3331444465285383,60,43
indomie,0.3302416868705768,32,23
tipis,0.32850406697203605,50,36
siang,0.32542240043462795,18,13
gampang,0.32542240043462795,18,13
soalnya,0.32542240043462795,72,52
arah,0.32542240043462795,18,13
ijo,0.3237870770938972,94,68
trus,0.3237870770938972,47,34
yaitu,0.322773392263051,29,21
perdagangan,0.32090772008010127,51,37
analysis,0.3184537311185346,11,8
asia,0.3184537311185346,11,8
minimal,0.3184537311185346,33,24
kebetulan,0.3184537311185346,11,8
eraa,0.3184537311185346,11,8
utama,0.31237468504215243,41,30
asii,0.3118716669228941,265,194
luar,0.31015492830383945,45,33
bentuk,0.31015492830383945,15,11
nyaman,0.31015492830383945,15,11
pemilik,0.3053816495511819,19,14
cdia,0.3053816495511819,19,14
punya,0.3038232886311662,229,169
gap,0.30010459245033816,27,20
bottom,0.30010459245033816,27,20
uda,0.29849298855599654,31,23
naiknya,0.29626581614317243,39,29
lebih,0.29213642280116114,375,280
tinggal,0.291910408561302,79,59
mah,0.2913518013407433,91,68
the,0.2908021997880245,107,80
mba,0.28768207245178085,4,3
relatif,0.28768207245178085,12,9
save,0.28768207245178085,4,3
startup,0.28768207245178085,4,3
berinvestasi,0.28768207245178085,4,3
lembur,0.28768207245178085,4,3
sdm,0.28768207245178085,4,3
aje,0.28768207245178085,4,3
aroma,0.28768207245178085,4,3
pns,0.28768207245178085,4,3
sprti,0.28768207245178085,4,3
sabang,0.28768207245178085,4,3
abangkuh,0.28768207245178085,4,3
atur,0.28768207245178085,4,3
sepuh,0.28768207245178085,4,3
angkut,0.28768207245178085,4,3
waw,0.28768207245178085,4,3
hamba,0.28768207245178085,4,3
dengar,0.28768207245178085,4,3
enterprise,0.28768207245178085,4,3
rosyidi,0.28768207245178085,4,3
zsaham,0.28768207245178085,4,3
angkanya,0.28768207245178085,4,3
ahmad,0.28768207245178085,4,3
bnii,0.28768207245178085,8,6
menyerang,0.28768207245178085,4,3
pelajari,0.28768207245178085,4,3
besaran,0.28768207245178085,8,6
kosong,0.28768207245178085,4,3
pertahanan,0.28768207245178085,4,3
beat,0.28768207245178085,4,3
valid,0.28768207245178085,4,3
mengada,0.28768207245178085,4,3
step,0.28768207245178085,4,3
donk,0.28768207245178085,4,3
biji,0.28768207245178085,4,3
kereta,0.28768207245178085,4,3
opening,0.28768207245178085,4,3
outlook,0.28768207245178085,4,3
lapangan,0.28768207245178085,4,3
ajalah,0.28768207245178085,4,3
meng,0.28768207245178085,4,3
pangestu,0.28768207245178085,4,3
tenggara,0.28768207245178085,4,3
ang,0.28768207245178085,4,3
alhamdullilah,0.28768207245178085,4,3
usa,0.28768207245178085,4,3
bkal,0.28768207245178085,4,3
bigcaps,0.28768207245178085,4,3
kebalik,0.28768207245178085,4,3
pembangunan,0.28768207245178085,4,3
properti,0.28768207245178085,4,3
wujudkan,0.28768207245178085,4,3
stockbit,0.28768207245178085,16,12
ceritanya,0.28768207245178085,4,3
kerasa,0.28768207245178085,8,6
zut,0.28768207245178085,4,3
achieved,0.28768207245178085,4,3
smg,0.28768207245178085,4,3
qris,0.28768207245178085,8,6
beritanya,0.28768207245178085,4,3
semalem,0.28768207245178085,4,3
dps,0.28768207245178085,4,3
kepemimpinan,0.28768207245178085,4,3
taon,0.28768207245178085,8,6
jagoan,0.28768207245178085,8,6
avgdown,0.28768207245178085,4,3
kann,0.28768207245178085,4,3
mendingan,0.28768207245178085,8,6
hit,0.28768207245178085,12,9
sikap,0.28768207245178085,4,3
ngulang,0.28768207245178085,4,3
nongol,0.28768207245178085,4,3
mercy,0.28768207245178085,4,3
jan,0.28768207245178085,12,9
ngelihat,0.28768207245178085,4,3
riset,0.28768207245178085,12,9
terpengaruh,0.28768207245178085,4,3
bersama,0.28768207245178085,16,12
apply,0.28768207245178085,4,3
mingguan,0.28768207245178085,4,3
antaranya,0.28768207245178085,4,3
fans,0.28768207245178085,4,3
berkala,0.28768207245178085,4,3
kamar,0.28768207245178085,4,3
antri,0.28768207245178085,8,6
project,0.28768207245178085,4,3
nggo,0.28768207245178085,4,3
fokusnya,0.28768207245178085,4,3
sisain,0.28768207245178085,4,3
cbdk,0.28768207245178085,12,9
bolehlah,0.28768207245178085,4,3
murahnya,0.28768207245178085,4,3
ehehe,0.28768207245178085,4,3
bachtiar,0.28768207245178085,4,3
nii,0.28768207245178085,4,3
special,0.28768207245178085,4,3
simulasi,0.28768207245178085,4,3
selagi,0.28768207245178085,4,3
volume,0.28768207245178085,16,12
debat,0.28768207245178085,4,3
pertumbuhannya,0.28768207245178085,4,3
menyumbang,0.28768207245178085,4,3
bnyak,0.28768207245178085,4,3
dicek,0.28768207245178085,4,3
skin,0.28768207245178085,4,3
morning,0.28768207245178085,4,3
basic,0.28768207245178085,4,3
allin,0.28768207245178085,4,3
bnb,0.28768207245178085,4,3
dahlah,0.28768207245178085,4,3
endorse,0.28768207245178085,4,3
list,0.28768207245178085,12,9
benderang,0.28768207245178085,4,3
agenda,0.28768207245178085,4,3
dinamika,0.28768207245178085,4,3
nfb,0.28768207245178085,4,3
tuu,0.28768207245178085,4,3
urg,0.28768207245178085,4,3
moat,0.28768207245178085,4,3
biarpun,0.28768207245178085,4,3
harapannya,0.28768207245178085,4,3
ampe,0.28768207245178085,20,15
kantongi,0.28768207245178085,4,3
ber,0.28768207245178085,4,3
alt,0.28768207245178085,4,3
baju,0.28768207245178085,4,3
dicermati,0.28768207245178085,4,3
tuduhan,0.28768207245178085,4,3
pov,0.28768207245178085,4,3
crazy,0.28768207245178085,4,3
akhirnya,0.2837681731306446,85,64
amrt,0.2814124594381855,53,40
secara,0.28030196515415834,90,68
cash,0.27763173659827955,33,25
tarik,0.27193371548364176,21,16
you,0.27193371548364176,21,16
beberapa,0.26991961611194054,93,71
perlu,0.2696635669491026,55,42
trade,0.26826398659467937,17,13
aces,0.2657031657330057,30,23
segini,0.2657031657330057,30,23
pagi,0.26358452087272044,82,63
bjbr,0.26236426446749106,13,10
terutama,0.26236426446749106,26,20
bareng,0.26236426446749106,13,10
kembali,0.26236426446749106,117,90
pgas,0.26236426446749106,52,40
kemudian,0.26236426446749106,13,10
pasar,0.26236426446749106,117,90
september,0.26236426446749106,26,20
pasti,0.2616450986687856,139,107
prediksi,0.25782910930209985,22,17
bei,0.25782910930209985,22,17
sehat,0.2559333741372007,31,24
kabar,0.2559333741372007,31,24
hahaha,0.2559333741372007,31,24
terbukti,0.25131442828090617,9,7
rumah,0.25131442828090617,27,21
elliott,0.25131442828090617,9,7
jadwal,0.25131442828090617,9,7
video,0.25131442828090617,9,7
kelihatan,0.25131442828090617,9,7
itulah,0.25131442828090617,9,7
gajadi,0.25131442828090617,9,7
jutaan,0.25131442828090617,9,7
beres,0.25131442828090617,9,7
nim,0.25131442828090617,9,7
date,0.25131442828090617,36,28
masuk,0.249282939517245,281,219
namun,0.2451224580329849,23,18
nyaris,0.24116205681688804,14,11
average,0.24116205681688804,28,22
lengkap,0.24116205681688804,14,11
langkah,0.24116205681688804,14,11
coba,0.2401411276827808,89,70
tren,0.23922968906583406,47,37
usd,0.23638877806423034,19,15
bahwa,0.2336148511815051,24,19
november,0.2336148511815051,24,19
periode,0.22957444164450017,39,31
biar,0.22800974096538265,103,82
nyata,0.22314355131420976,20,16
fluktuasi,0.22314355131420976,5,4
lonjakan,0.22314355131420976,5,4
indy,0.22314355131420976,10,8
apk,0.22314355131420976,5,4
bow,0.22314355131420976,5,4
milik,0.22314355131420976,15,12
persis,0.22314355131420976,5,4
dollar,0.22314355131420976,10,8
ente,0.22314355131420976,5,4
trust,0.22314355131420976,10,8
pelantikan,0.22314355131420976,5,4
sekaligus,0.22314355131420976,5,4
kebagian,0.22314355131420976,5,4
not,0.22314355131420976,15,12
kejar,0.22314355131420976,5,4
hrum,0.22314355131420976,10,8
pede,0.22314355131420976,5,4
dipercaya,0.22314355131420976,5,4
than,0.22314355131420976,5,4
tbh,0.22314355131420976,5,4
abangku,0.22314355131420976,5,4
gejolak,0.22314355131420976,5,4
start,0.22314355131420976,5,4
merespon,0.22314355131420976,5,4
kerek,0.22314355131420976,5,4
seharian,0.22314355131420976,5,4
ditahan,0.22314355131420976,5,4
dibandingin,0.22314355131420976,5,4
gweh,0.22314355131420976,5,4
nilainya,0.22314355131420976,10,8
seumur,0.22314355131420976,5,4
retest,0.22314355131420976,5,4
putus,0.22314355131420976,5,4
disaham,0.22314355131420976,5,4
hebat,0.22314355131420976,10,8
bfin,0.22314355131420976,10,8
agresif,0.22314355131420976,10,8
jpfa,0.22314355131420976,15,12
des,0.22314355131420976,15,12
perbulan,0.22314355131420976,5,4
business,0.22314355131420976,5,4
kesimpulan,0.22314355131420976,5,4
ringan,0.22314355131420976,5,4
jaya,0.22314355131420976,10,8
merupakan,0.22314355131420976,15,12
kurs,0.22314355131420976,5,4
mampus,0.22314355131420976,5,4
woii,0.22314355131420976,5,4
user,0.22314355131420976,10,8
batu,0.22314355131420976,5,4
setaun,0.22314355131420976,10,8
menyusul,0.22314355131420976,10,8
membuktikan,0.22314355131420976,5,4
lebar,0.22314355131420976,5,4
detik,0.22314355131420976,5,4
populer,0.22314355131420976,10,8
tanggung,0.22314355131420976,5,4
kmrin,0.22314355131420976,5,4
gabung,0.22314355131420976,5,4
sebab,0.22314355131420976,5,4
bergerak,0.22314355131420976,30,24
digunakan,0.22314355131420976,5,4
tumben,0.22314355131420976,5,4
iyaa,0.22314355131420976,10,8
yaa,0.21962860920676536,71,57
top,0.2151113796169455,155,125
indonesia,0.21455980762281832,290,234
indosat,0.2135741002980591,26,21
sayang,0.21130909366720696,21,17
satu,0.21130909366720696,126,102
cpin,0.21130909366720696,21,17
fundamental,0.20763936477824455,96,78
klo,0.2071432099677687,155,126
bakal,0.20671300991811378,166,135
selamat,0.20067069546215124,22,18
ngecek,0.20067069546215124,11,9
sejauh,0.20067069546215124,11,9
management,0.20067069546215124,11,9
valuasi,0.20067069546215124,33,27
cabang,0.1941560144409574,17,14
milih,0.1941560144409574,17,14
mampu,0.1941560144409574,17,14
ribuan,0.1941560144409574,17,14
bbni,0.18893679591267384,546,452
modal,0.18805223150293962,70,58
aset,0.18805223150293962,35,29
essa,0.1823215567939546,18,15
ilmu,0.1823215567939546,12,10
saran,0.1823215567939546,18,15
ema,0.1823215567939546,6,5
banking,0.1823215567939546,24,20
tiketnya,0.1823215567939546,6,5
audit,0.1823215567939546,6,5
tepatnya,0.1823215567939546,6,5
teruss,0.1823215567939546,6,5
bansos,0.1823215567939546,6,5
serius,0.1823215567939546,12,10
sumpah,0.1823215567939546,6,5
dibayar,0.1823215567939546,6,5
diperdagangkan,0.1823215567939546,6,5
suku,0.1823215567939546,42,35
kemampuan,0.1823215567939546,6,5
tins,0.1823215567939546,12,10
angkat,0.1823215567939546,6,5
wkwkk,0.1823215567939546,6,5
rekom,0.1823215567939546,6,5
service,0.1823215567939546,6,5
reply,0.1823215567939546,6,5
hitung,0.1823215567939546,6,5
luck,0.1823215567939546,6,5
energy,0.1823215567939546,6,5
sesuai,0.1823215567939546,30,25
block,0.1823215567939546,6,5
antrian,0.1823215567939546,6,5
game,0.1823215567939546,6,5
pemenang,0.1823215567939546,6,5
menteri,0.1823215567939546,12,10
dsb,0.1823215567939546,6,5
weekend,0.1823215567939546,6,5
main,0.1786917887433759,55,46
tetep,0.17768117723745241,43,36
ipo,0.17693070815907824,37,31
see,0.17185025692665923,19,16
isat,0.1684645221325284,129,109
besar,0.16822779371809515,155,131
ragu,0.16705408466316624,13,11
prabowo,0.16705408466316624,13,11
for,0.16705408466316624,26,22
antam,0.16705408466316624,13,11
langsung,0.1650797503594486,92,78
sektor,0.1647552330760555,79,67
masyarakat,0.16034265007517948,27,23
misal,0.16034265007517948,27,23
pbv,0.15415067982725836,56,48
ehh,0.15415067982725836,7,6
bounce,0.15415067982725836,7,6
selasa,0.15415067982725836,28,24
right,0.15415067982725836,7,6
hrta,0.15415067982725836,7,6
adhi,0.15415067982725836,7,6
kedua,0.15415067982725836,14,12
ketiga,0.15415067982725836,7,6
pangkas,0.15415067982725836,7,6
menilai,0.15415067982725836,7,6
disini,0.15415067982725836,28,24
menambah,0.15415067982725836,7,6
bulanan,0.15415067982725836,7,6
kepake,0.15415067982725836,7,6
menjaga,0.15415067982725836,7,6
kuartal,0.15415067982725836,35,30
taking,0.15415067982725836,7,6
cicilan,0.15415067982725836,7,6
free,0.15415067982725836,7,6
pek,0.15415067982725836,7,6
antm,0.15219181534192533,85,73
gede,0.1508228897345837,100,86
allah,0.14660347419187544,44,38
ingat,0.14310084364067324,15,13
group,0.14310084364067324,15,13
abis,0.14197026127038728,68,59
semakin,0.14165051706302684,53,46
caps,0.13976194237515863,23,20
adaro,0.13353139262452257,8,7
setia,0.13353139262452257,8,7
akum,0.13353139262452257,8,7
raksasa,0.13353139262452257,8,7
smua,0.13353139262452257,8,7
your,0.13353139262452257,8,7
smart,0.13353139262452257,8,7
bila,0.13353139262452257,8,7
signal,0.13353139262452257,8,7
diikuti,0.13353139262452257,8,7
sempat,0.13062018241706422,49,43
usah,0.127833371509885,25,22
sore,0.125163142954006,17,15
otw,0.12136085700426753,35,31
tuh,0.1208364731432737,123,109
cutloss,0.11918851726511835,89,79
akhir,0.11918851726511835,89,79
enggak,0.11778303565638346,9,8
crash,0.11778303565638346,18,16
aktif,0.11778303565638346,9,8
sii,0.11778303565638346,9,8
ajaib,0.11778303565638346,9,8
dateng,0.11778303565638346,9,8
menunjukkan,0.11778303565638346,18,16
insight,0.11778303565638346,9,8
ntar,0.11778303565638346,27,24
avia,0.11778303565638346,9,8
mostly,0.11778303565638346,9,8
april,0.11506932978478729,46,41
belajar,0.11441035117774412,37,33
kami,0.11332868530700327,28,25
btw,0.109199291964992,29,26
bakalan,0.109199291964992,29,26
suka,0.10821358464023279,39,35
weekly,0.10536051565782635,10,9
ngapain,0.10008345855698263,21,19
wkwkw,0.10008345855698263,42,38
haka,0.09531017980432493,11,10
kelas,0.09531017980432493,11,10
pemilu,0.09531017980432493,11,10
segi,0.09531017980432493,11,10
paling,0.09381875521765491,335,305
pertama,0.09015109699429748,58,53
sempet,0.08961215868968714,35,32
sejak,0.08829260714567821,71,65
ttp,0.08701137698962969,12,11
emng,0.08701137698962969,12,11
untungnya,0.08701137698962969,12,11
nonton,0.08701137698962969,12,11
selama,0.08701137698962969,84,77
diatas,0.08701137698962969,24,22
fix,0.08701137698962969,12,11
sepanjang,0.08701137698962969,36,33
finance,0.08701137698962969,12,11
bingung,0.08701137698962969,24,22
tempat,0.08701137698962969,12,11
ggrm,0.08223809823697201,38,35
berada,0.08004270767353636,26,24
dpr,0.08004270767353636,13,12
ssia,0.08004270767353636,13,12
tunggu,0.08004270767353636,39,36
tajam,0.08004270767353636,13,12
growth,0.07410797215372183,42,39
cari,0.07232066157962608,43,40
dilakukan,0.06899287148695142,15,14
terpantau,0.06899287148695142,15,14
data,0.06559728248581327,63,59
out,0.06453852113757116,16,15
himbara,0.06453852113757116,16,15
era,0.06453852113757116,16,15
sekalian,0.06453852113757116,16,15
double,0.06453852113757116,16,15
dikit,0.06453852113757116,80,75
rencana,0.06062462181643484,17,16
dalam,0.059423420470800806,208,196
big,0.05903353158419293,157,148
biasanya,0.05715841383994862,36,34
auto,0.05406722127027579,19,18
belom,0.05406722127027579,19,18
ngasih,0.05406722127027579,19,18
towr,0.05406722127027579,19,18
demi,0.05129329438755048,20,19
meskipun,0.04879016416943204,21,20
kaget,0.04652001563489291,22,21
senin,0.04348511193973889,47,45
idea,0.041242958534049,99,95
labanya,0.0408219945202552,25,24
inco,0.03636764417087479,28,27
wajar,0.033901551675681416,30,29
loh,0.033901551675681416,30,29
chip,0.03174869831458027,32,31
zona,0.028170876966696224,36,35
mending,0.027398974188114347,111,108
kayaknya,0.027398974188114347,37,36
pengen,0.024692612590371414,41,40
duit,0.02173998663640582,93,91
kata,0.021506205220963682,47,46
oleh,0.02020270731751947,50,49
terbesar,0.019418085857101516,52,51
yah,0.01680711831638119,60,59
setelah,0.014084739881739023,143,141
tingginya,0.0,4,4
supportnya,0.0,4,4
generasi,0.0,4,4
pembukaan,0.0,6,6
scma,0.0,7,7
titik,0.0,13,13
nunjukin,0.0,4,4
sapa,0.0,4,4
kgk,0.0,4,4
pergi,0.0,4,4
liatin,0.0,4,4
beralih,0.0,6,6
poin,0.0,24,24
which,0.0,4,4
aza,0.0,6,6
bae,0.0,5,5
sibuk,0.0,6,6
diakhir,0.0,4,4
masak,0.0,4,4
three,0.0,4,4
gilaa,0.0,6,6
hitungan,0.0,5,5
member,0.0,4,4
persen,0.0,54,54
pembelajaran,0.0,4,4
still,0.0,8,8
diskusi,0.0,5,5
teknikalnya,0.0,4,4
perlahan,0.0,4,4
sendiri,0.0,46,46
kayanya,0.0,23,23
dimulai,0.0,5,5
batubara,0.0,5,5
akal,0.0,7,7
pingin,0.0,5,5
pinter,0.0,6,6
taun,0.0,28,28
prioritas,0.0,5,5
keadaan,0.0,4,4
dendam,0.0,4,4
gainer,0.0,9,9
please,0.0,8,8
lolos,0.0,4,4
kasi,0.0,8,8
didapat,0.0,4,4
moment,0.0,4,4
economy,0.0,4,4
eth,0.0,7,7
jawab,0.0,8,8
purbaya,0.0,4,4
peran,0.0,4,4
angka,0.0,32,32
trader,0.0,16,16
roe,0.0,8,8
doge,0.0,6,6
jpmorgan,0.0,5,5
zaman,0.0,4,4
from,0.0,10,10
laah,0.0,4,4
ckpn,0.0,5,5
seluruh,0.0,12,12
niatnya,0.0,6,6
struktur,0.0,5,5
air,0.0,10,10
min,0.0,32,32
edan,0.0,5,5
ndar,0.0,6,6
terbatas,0.0,13,13
seh,0.0,7,7
breaking,0.0,4,4
tag,0.0,5,5
lupakan,0.0,5,5
pemulihan,0.0,4,4
berlaku,0.0,4,4
mlpl,0.0,5,5
panic,0.0,6,6
hah,0.0,4,4
faktanya,0.0,4,4
optik,0.0,6,6
skenario,0.0,6,6
disuruh,0.0,10,10
daily,0.0,6,6
menikmati,0.0,6,6
event,0.0,6,6
web,0.0,6,6
index,0.0,7,7
bigbank,0.0,6,6
bocor,0.0,4,4
bijak,0.0,4,4
email,0.0,7,7
tampaknya,0.0,5,5
catat,0.0,11,11
amp,0.0,4,4
dengerin,0.0,6,6
keras,0.0,13,13
kegiatan,0.0,4,4
dipublikasikan,0.0,6,6
ngamuk,0.0,7,7
bobot,0.0,5,5
budget,0.0,6,6
dibayarkan,0.0,4,4
beroperasi,0.0,4,4
ajak,0.0,4,4
selot,0.0,4,4
tujuan,0.0,7,7
portoku,0.0,5,5
again,0.0,4,4
produsen,0.0,7,7
independen,0.0,4,4
nasabah,0.0,23,23
lini,0.0,6,6
pergerakannya,0.0,4,4
home,0.0,4,4
life,0.0,6,6
dst,0.0,6,6
kerjasama,0.0,4,4
kondisinya,0.0,4,4
mengatakan,0.0,5,5
sahamku,0.0,4,4
too,0.0,7,7
dahh,0.0,5,5
lets,0.0,5,5
dssa,0.0,15,15
nyusul,0.0,7,7
resiko,0.0,14,14
perkiraan,0.0,5,5
menkeu,0.0,4,4
jkt,0.0,4,4
ohh,0.0,4,4
kenceng,0.0,15,15
fair,0.0,7,7
istri,0.0,5,5
bali,0.0,4,4
thread,0.0,6,6
bersihnya,0.0,6,6
ngarep,0.0,6,6
awalnya,0.0,8,8
ramai,0.0,19,19
pegangan,0.0,4,4
mentang,0.0,4,4
berkapitalisasi,0.0,4,4
visa,0.0,5,5
get,0.0,4,4
konsensus,0.0,15,15
apabila,0.0,8,8
obat,0.0,4,4
dipake,0.0,13,13
alat,0.0,4,4
pintar,0.0,5,5
konsolidasi,0.0,10,10
berkali,0.0,6,6
pullback,0.0,4,4
babak,0.0,4,4
terhadap,0.0,19,19
sihh,0.0,7,7
senen,0.0,4,4
saldo,0.0,10,10
kemajuan,0.0,6,6
mpmx,0.0,6,6
pts,0.0,4,4
its,0.0,10,10
penuh,0.0,10,10
tentu,0.0,15,15
peluru,0.0,5,5
kuliah,0.0,10,10
wes,0.0,8,8
statement,0.0,7,7
taiwan,0.0,4,4
prank,0.0,4,4
kian,0.0,6,6
timnas,0.0,5,5
live,0.0,4,4
hujan,0.0,5,5
sich,0.0,4,4
rebalancing,0.0,4,4
numpang,0.0,4,4
minjem,0.0,4,4
jajaran,0.0,6,6
update,0.0,20,20
nisp,0.0,4,4
gelar,0.0,9,9
recover,0.0,4,4
kang,0.0,5,5
strategi,0.0,42,42
pokoknya,0.0,8,8
okt,0.0,16,16
saat,-0.006557400546159052,152,153
besok,-0.011834457647002796,84,85
ditutup,-0.01731645001146093,229,233
perusahaan,-0.019608471388376313,101,103
sebelum,-0.02409755157906053,41,42
selengkapnya,-0.025317807984289897,39,40
trading,-0.027398974188114388,144,148
pas,-0.029156584291455578,169,174
balik,-0.02985296314968116,99,102
baru,-0.031463269455785106,219,226
deh,-0.03390155167568134,87,90
cut,-0.03390155167568134,58,60
para,-0.03509131981127006,28,29
atas,-0.036813973122716316,80,83
untung,-0.04762804898925459,82,86
barang,-0.048790164169432056,40,42
melakukan,-0.05129329438755058,19,20
blue,-0.05264373348542203,37,39
daya,-0.05406722127027582,18,19
siapa,-0.056089466651043585,52,55
cap,-0.060624621816434854,32,34
back,-0.06453852113757118,15,16
kinerja,-0.06846779927746072,127,136
mbma,-0.06899287148695143,14,15
dll,-0.07020425867324857,55,59
temen,-0.07145896398214498,27,29
today,-0.07410797215372185,13,14
situ,-0.07410797215372185,13,14
berasa,-0.07410797215372185,13,14
cuman,-0.07598590697792199,38,41
anak,-0.0775582343458745,62,67
adanya,-0.08004270767353637,12,13
kayak,-0.08096906253366709,83,90
sekarang,-0.08112554481236846,213,231
tiba,-0.08223809823697212,35,38
bro,-0.08338160893905101,23,25
harganya,-0.08515780834030683,90,98
sekali,-0.08515780834030683,45,49
libur,-0.08701137698962981,11,12
bertahun,-0.08701137698962981,11,12
pola,-0.08701137698962981,11,12
avg,-0.08701137698962981,99,108
sebulan,-0.08701137698962981,22,24
laba,-0.08729286889859612,296,323
awal,-0.08872811560868431,97,106
kemungkinan,-0.08894748601649617,43,47
tutup,-0.09097177820572676,21,23
cepat,-0.09097177820572676,21,23
wave,-0.09097177820572676,21,23
tpi,-0.09097177820572676,21,23
melihat,-0.09237332013101517,31,34
ekonomi,-0.09352605801082348,51,56
with,-0.0953101798043249,10,11
day,-0.0953101798043249,10,11
scalping,-0.0953101798043249,10,11
kagak,-0.0953101798043249,10,11
film,-0.0953101798043249,10,11
bursa,-0.09763846956391606,39,43
tambahan,-0.10008345855698253,19,21
crypto,-0.10008345855698253,19,21
pani,-0.10178269430994236,28,31
masa,-0.10354067894084033,55,61
pihak,-0.10536051565782628,9,10
maju,-0.10536051565782628,18,20
cermati,-0.10536051565782628,9,10
buka,-0.10536051565782628,72,80
puncak,-0.10536051565782628,9,10
sehari,-0.10536051565782628,18,20
gaes,-0.10536051565782628,9,10
terakhir,-0.107888962011185,79,88
dibandingkan,-0.10821358464023272,35,39
foreign,-0.10919929196499197,26,29
duitnya,-0.11122563511022437,17,19
berjalan,-0.11122563511022437,17,19
bersih,-0.11302338840339538,117,131
maka,-0.11332868530700312,25,28
kaya,-0.11332868530700312,75,84
are,-0.11778303565638351,8,9
sender,-0.11778303565638351,8,9
parkir,-0.11778303565638351,8,9
ngerasain,-0.11778303565638351,8,9
duluan,-0.11778303565638351,8,9
setengah,-0.11778303565638351,8,9
satelit,-0.11778303565638351,8,9
turut,-0.11778303565638351,8,9
kartu,-0.11778303565638351,16,18
disitu,-0.11778303565638351,8,9
order,-0.11778303565638351,8,9
wait,-0.11778303565638351,8,9
urusan,-0.11778303565638351,8,9
nilai,-0.12014431184206321,47,53
dikasih,-0.12260232209233239,23,26
ketika,-0.12361395596717664,38,43
dri,-0.12516314295400605,15,17
engga,-0.12516314295400605,15,17
jalan,-0.12516314295400605,15,17
kok,-0.12656272330842924,126,143
mungkin,-0.1267517056391439,74,84
contoh,-0.1267517056391439,37,42
waktu,-0.12783337150988489,88,100
terlihat,-0.13062018241706422,43,49
grafik,-0.13353139262452263,7,8
pake,-0.13353139262452263,98,112
media,-0.13353139262452263,7,8
emtk,-0.13353139262452263,14,16
ctra,-0.13353139262452263,14,16
stay,-0.13353139262452263,7,8
disebut,-0.13353139262452263,7,8
tak,-0.13353139262452263,42,48
solusi,-0.13353139262452263,7,8
telkom,-0.13353139262452263,133,152
goreng,-0.13353139262452263,7,8
opini,-0.13353139262452263,7,8
mendorong,-0.13353139262452263,7,8
dimana,-0.13353139262452263,14,16
portfolio,-0.13353139262452263,7,8
berlangsung,-0.13353139262452263,7,8
keluarga,-0.13353139262452263,7,8
banget,-0.13410992894381216,216,247
tinggi,-0.1378697942231208,115,132
berarti,-0.13815033848081718,27,31
klbf,-0.13815033848081718,27,31
lainnya,-0.14107859825990549,33,38
iseng,-0.1431008436406733,13,15
new,-0.1431008436406733,13,15
make,-0.1431008436406733,13,15
sinyal,-0.14571181118139365,51,59
tadi,-0.1466034741918754,38,44
keuangan,-0.14732471475685843,63,73
cuma,-0.14776088172848725,157,182
nyari,-0.15415067982725836,12,14
dominan,-0.15415067982725836,6,7
may,-0.15415067982725836,6,7
ayoo,-0.15415067982725836,6,7
pelayanan,-0.15415067982725836,6,7
maunya,-0.15415067982725836,6,7
gtu,-0.15415067982725836,6,7
simpel,-0.15415067982725836,6,7
dolar,-0.15415067982725836,6,7
daerah,-0.15415067982725836,12,14
toba,-0.15415067982725836,6,7
ikut,-0.15415067982725836,66,77
transfer,-0.15415067982725836,6,7
laptop,-0.15415067982725836,6,7
kotak,-0.15415067982725836,6,7
ketutup,-0.15415067982725836,6,7
der,-0.15415067982725836,6,7
merek,-0.15415067982725836,6,7
habis,-0.16126814759612226,40,47
berharap,-0.16251892949777494,17,20
btps,-0.16251892949777494,17,20
usai,-0.16251892949777494,17,20
lapkeu,-0.16251892949777494,17,20
rupiah,-0.16362942378180204,45,53
alasannya,-0.1670540846631662,11,13
downtrend,-0.1670540846631662,11,13
emang,-0.1670540846631662,121,143
suatu,-0.1670540846631662,11,13
nunggu,-0.1694181519580468,65,77
daripada,-0.17185025692665928,32,38
sepekan,-0.17327172127403667,37,44
sampai,-0.17366349405084008,116,138
adalah,-0.173953307123438,200,238
grup,-0.1743533871447778,21,25
ambil,-0.17589066646366416,78,93
drpd,-0.1823215567939546,15,18
sebagus,-0.1823215567939546,5,6
diperkirakan,-0.1823215567939546,5,6
gmna,-0.1823215567939546,5,6
lampu,-0.1823215567939546,5,6
youtube,-0.1823215567939546,5,6
dlu,-0.1823215567939546,30,36
mengikuti,-0.1823215567939546,5,6
melulu,-0.1823215567939546,5,6
nyimpen,-0.1823215567939546,5,6
saranin,-0.1823215567939546,5,6
bgs,-0.1823215567939546,5,6
holding,-0.1823215567939546,5,6
biarkan,-0.1823215567939546,5,6
under,-0.1823215567939546,10,12
asa,-0.1823215567939546,5,6
khususnya,-0.1823215567939546,10,12
jawabnya,-0.1823215567939546,5,6
anjrit,-0.1823215567939546,5,6
strategis,-0.1823215567939546,5,6
infra,-0.1823215567939546,5,6
sekira,-0.1823215567939546,5,6
yes,-0.1823215567939546,5,6
agro,-0.1823215567939546,5,6
pantas,-0.1823215567939546,5,6
berbeda,-0.1823215567939546,5,6
rencananya,-0.1823215567939546,5,6
silam,-0.1823215567939546,5,6
biru,-0.1823215567939546,5,6
induk,-0.1823215567939546,15,18
toko,-0.1823215567939546,5,6
fundamentalnya,-0.1823215567939546,20,24
diem,-0.1823215567939546,5,6
pendapatan,-0.18571714579509283,49,59
brpt,-0.1861022796338606,44,53
and,-0.1865859555804122,39,47
telat,-0.1941560144409575,14,17
gua,-0.19574457712609536,74,90
kmrn,-0.19782574332991992,32,39
off,-0.2006706954621511,9,11
ngeliat,-0.2006706954621511,18,22
udah,-0.2057518086023406,464,570
rasanya,-0.2076393647782445,13,16
miliar,-0.20895891632225339,142,175
lalu,-0.21357410029805904,147,182
banyak,-0.21487703207847503,413,512
bayar,-0.21511137961694557,25,31
kecuali,-0.21622310846963594,29,36
bang,-0.22137207166582765,113,141
memang,-0.2231435513142097,52,65
warna,-0.2231435513142097,4,5
deal,-0.2231435513142097,4,5
gess,-0.2231435513142097,4,5
sawit,-0.2231435513142097,4,5
emak,-0.2231435513142097,4,5
tertarik,-0.2231435513142097,4,5
koq,-0.2231435513142097,4,5
size,-0.2231435513142097,4,5
lha,-0.2231435513142097,8,10
sesama,-0.2231435513142097,4,5
kaef,-0.2231435513142097,4,5
gunanya,-0.2231435513142097,4,5
welcome,-0.2231435513142097,4,5
ajakan,-0.2231435513142097,4,5
bully,-0.2231435513142097,4,5
nangkep,-0.2231435513142097,4,5
bagian,-0.2231435513142097,4,5
kepikiran,-0.2231435513142097,8,10
terbilang,-0.2231435513142097,4,5
assa,-0.2231435513142097,4,5
keatas,-0.2231435513142097,4,5
seorang,-0.2231435513142097,4,5
jawaban,-0.2231435513142097,4,5
window,-0.2231435513142097,8,10
win,-0.2231435513142097,4,5
test,-0.2231435513142097,4,5
say,-0.2231435513142097,4,5
bep,-0.2231435513142097,4,5
averaging,-0.2231435513142097,4,5
triliunan,-0.2231435513142097,8,10
mark,-0.2231435513142097,4,5
action,-0.2231435513142097,4,5
skala,-0.2231435513142097,4,5
jaminan,-0.2231435513142097,4,5
kabeh,-0.2231435513142097,4,5
kuatir,-0.2231435513142097,4,5
wkw,-0.2231435513142097,4,5
meeting,-0.2231435513142097,4,5
makanan,-0.2231435513142097,4,5
diterima,-0.2231435513142097,4,5
mama,-0.2231435513142097,4,5
gabungan,-0.2231435513142097,8,10
tertahan,-0.2231435513142097,4,5
wonderful,-0.2231435513142097,4,5
umat,-0.2231435513142097,4,5
diawal,-0.2231435513142097,4,5
dibikin,-0.2231435513142097,4,5
atuh,-0.2231435513142097,4,5
evaluasi,-0.2231435513142097,4,5
smp,-0.2231435513142097,4,5
gatel,-0.2231435513142097,4,5
belilah,-0.2231435513142097,4,5
uangnya,-0.2231435513142097,12,15
royco,-0.2231435513142097,4,5
ada,-0.23073715135388995,551,694
yoy,-0.2311117209633867,50,63
begini,-0.2318016140573243,23,29
karna,-0.2336148511815052,38,48
kalian,-0.2336148511815052,38,48
lupa,-0.23483959107740107,34,43
kerja,-0.2392296890658341,37,47
seiring,-0.2411620568168881,11,14
pajak,-0.2411620568168881,11,14
porsi,-0.2411620568168881,11,14
plis,-0.2411620568168881,11,14
this,-0.2411620568168881,11,14
ditinggal,-0.2411620568168881,11,14
butuh,-0.24362208265775043,29,37
sementara,-0.24512245803298496,36,46
otomatis,-0.25131442828090605,7,9
maen,-0.25131442828090605,7,9
ngeh,-0.25131442828090605,7,9
pandemi,-0.25131442828090605,14,18
kenal,-0.25131442828090605,7,9
sejumlah,-0.25131442828090605,7,9
jago,-0.25131442828090605,7,9
nemu,-0.25131442828090605,7,9
dcii,-0.25131442828090605,7,9
pertamina,-0.25131442828090605,7,9
mata,-0.25131442828090605,14,18
psab,-0.25131442828090605,14,18
nckl,-0.25131442828090605,7,9
contohnya,-0.25131442828090605,7,9
memublikasikan,-0.25131442828090605,7,9
mau,-0.25455974754758864,376,485
kepemilikan,-0.2578291093020998,17,22
nyentuh,-0.2578291093020998,17,22
sehingga,-0.2578291093020998,17,22
keluar,-0.258861633916289,44,57
nomor,-0.262364264467491,10,13
bener,-0.2652811357626143,79,103
rasio,-0.2657031657330056,46,60
seminggu,-0.2682639865946794,13,17
pucuk,-0.2682639865946794,13,17
sepertinya,-0.2682639865946794,26,34
astra,-0.2682639865946794,13,17
pegang,-0.27286698666664033,51,67
smgr,-0.2732933349996813,35,46
sama,-0.276344838648618,377,497
kemarin,-0.2774952271447879,222,293
manajemen,-0.27958486221916157,31,41
feel,-0.2876820724517809,3,4
kantong,-0.2876820724517809,3,4
yee,-0.2876820724517809,3,4
kirim,-0.2876820724517809,3,4
sedekah,-0.2876820724517809,3,4
jualannya,-0.2876820724517809,3,4
dikenal,-0.2876820724517809,3,4
teratas,-0.2876820724517809,6,8
sudahlah,-0.2876820724517809,3,4
relevan,-0.2876820724517809,6,8
masuknya,-0.2876820724517809,6,8
beneran,-0.2876820724517809,21,28
naga,-0.2876820724517809,3,4
weh,-0.2876820724517809,3,4
blta,-0.2876820724517809,3,4
cucu,-0.2876820724517809,3,4
dicari,-0.2876820724517809,3,4
bodong,-0.2876820724517809,3,4
diketawain,-0.2876820724517809,3,4
pasarnya,-0.2876820724517809,3,4
halnya,-0.2876820724517809,3,4
nanjak,-0.2876820724517809,3,4
alternatif,-0.2876820724517809,3,4
pertimbangkan,-0.2876820724517809,3,4
buktinya,-0.2876820724517809,3,4
rejection,-0.2876820724517809,3,4
puluh,-0.2876820724517809,3,4
knapa,-0.2876820724517809,3,4
freedom,-0.2876820724517809,3,4
kejual,-0.2876820724517809,3,4
skarang,-0.2876820724517809,3,4
wkk,-0.2876820724517809,3,4
book,-0.2876820724517809,3,4
eropa,-0.2876820724517809,3,4
sisa,-0.2876820724517809,18,24
cover,-0.2876820724517809,3,4
telko,-0.2876820724517809,3,4
prepare,-0.2876820724517809,3,4
nyemplung,-0.2876820724517809,3,4
diputer,-0.2876820724517809,3,4
siput,-0.2876820724517809,3,4
their,-0.2876820724517809,3,4
rokok,-0.2876820724517809,6,8
sesuatu,-0.2876820724517809,6,8
aadi,-0.2876820724517809,12,16
marketnya,-0.2876820724517809,3,4
maap,-0.2876820724517809,3,4
ngerasa,-0.2876820724517809,6,8
tunjangan,-0.2876820724517809,3,4
komut,-0.2876820724517809,3,4
mimin,-0.2876820724517809,3,4
pangsa,-0.2876820724517809,3,4
benjie,-0.2876820724517809,3,4
usahanya,-0.2876820724517809,3,4
resesi,-0.2876820724517809,3,4
ngefek,-0.2876820724517809,3,4
tsb,-0.2876820724517809,9,12
sahabat,-0.2876820724517809,3,4
operating,-0.2876820724517809,3,4
tweet,-0.2876820724517809,6,8
cewe,-0.2876820724517809,3,4
mobile,-0.2876820724517809,3,4
luncurkan,-0.2876820724517809,3,4
tulang,-0.2876820724517809,3,4
memangkas,-0.2876820724517809,3,4
mak,-0.2876820724517809,3,4
ajah,-0.2876820724517809,6,8
posisinya,-0.2876820724517809,3,4
history,-0.2876820724517809,3,4
jelasin,-0.2876820724517809,3,4
situasi,-0.2876820724517809,6,8
rds,-0.2876820724517809,3,4
pencadangan,-0.2876820724517809,6,8
bandingkan,-0.2876820724517809,3,4
bekerja,-0.2876820724517809,6,8
wkt,-0.2876820724517809,3,4
artikel,-0.2876820724517809,3,4
otak,-0.2876820724517809,3,4
mbah,-0.2876820724517809,3,4
sembako,-0.2876820724517809,3,4
medium,-0.2876820724517809,3,4
nahh,-0.2876820724517809,3,4
quartal,-0.2876820724517809,3,4
nasabahnya,-0.2876820724517809,3,4
kalangan,-0.2876820724517809,3,4
profitnya,-0.2876820724517809,6,8
merasa,-0.2876820724517809,9,12
seratus,-0.2876820724517809,3,4
finansial,-0.2876820724517809,6,8
manapun,-0.2876820724517809,3,4
lgsg,-0.2876820724517809,12,16
syg,-0.2876820724517809,3,4
waduhh,-0.2876820724517809,3,4
dear,-0.2876820724517809,3,4
diantaranya,-0.2876820724517809,3,4
edukasi,-0.2876820724517809,3,4
ciri,-0.2876820724517809,3,4
tata,-0.2876820724517809,3,4
konsumsi,-0.2876820724517809,9,12
khan,-0.2876820724517809,3,4
year,-0.2876820724517809,15,20
manyala,-0.2876820724517809,3,4
serang,-0.2876820724517809,3,4
terlanjur,-0.2876820724517809,3,4
mandek,-0.2876820724517809,3,4
ngacir,-0.2876820724517809,6,8
card,-0.2876820724517809,3,4
pantengin,-0.2876820724517809,3,4
memanfaatkan,-0.2876820724517809,3,4
jumpa,-0.2876820724517809,3,4
wkwkwkk,-0.2876820724517809,3,4
merahh,-0.2876820724517809,3,4
sosmed,-0.2876820724517809,3,4
ygy,-0.2876820724517809,3,4
menerus,-0.2876820724517809,3,4
sept,-0.2876820724517809,3,4
kapal,-0.2876820724517809,3,4
trun,-0.2876820724517809,3,4
sopan,-0.2876820724517809,3,4
lagian,-0.2876820724517809,9,12
jenis,-0.2876820724517809,3,4
langit,-0.2876820724517809,3,4
ramah,-0.2876820724517809,3,4
rela,-0.2876820724517809,3,4
uninstall,-0.2876820724517809,3,4
nyatanya,-0.2876820724517809,3,4
terseok,-0.2876820724517809,3,4
dilihat,-0.2876820724517809,15,20
tau,-0.2933478099874583,88,118
udh,-0.29361680797159545,126,169
sini,-0.294799540220645,35,47
asing,-0.3011050927839216,518,700
signifikan,-0.3022808718729337,17,23
pak,-0.3022808718729337,68,92
technical,-0.3027199498163214,99,134
kinerjanya,-0.3053816495511819,14,19
covid,-0.3063742054639334,53,72
sekitar,-0.30748469974796055,50,68
floating,-0.3101549283038396,22,30
bbrp,-0.3101549283038396,22,30
tapi,-0.31150765086385057,394,538
terus,-0.3119143858395489,265,362
bumi,-0.3144933299024377,46,63
view,-0.31481073984003355,100,137
ekspansi,-0.3184537311185346,16,22
macem,-0.3184537311185346,8,11
isi,-0.3184537311185346,8,11
sideways,-0.3184537311185346,8,11
only,-0.3184537311185346,8,11
loser,-0.3184537311185346,8,11
mantau,-0.3184537311185346,8,11
guys,-0.3184537311185346,16,22
tiktok,-0.3184537311185346,8,11
benar,-0.3184537311185346,24,33
price,-0.3184537311185346,16,22
macam,-0.3184537311185346,16,22
iki,-0.3184537311185346,8,11
dulu,-0.3223985094095509,184,254
jangan,-0.322773392263051,105,145
segitu,-0.322773392263051,21,29
seperti,-0.3334916084830752,96,134
orang,-0.33484754089421104,88,123
kunci,-0.3364722366212129,5,7
growthnya,-0.3364722366212129,5,7
volatilitas,-0.3364722366212129,5,7
ngikut,-0.3364722366212129,5,7
tangguh,-0.3364722366212129,5,7
arus,-0.3364722366212129,5,7
naro,-0.3364722366212129,5,7
perbandingan,-0.3364722366212129,5,7
ungkap,-0.3364722366212129,5,7
srtg,-0.3364722366212129,5,7
penasaran,-0.3364722366212129,5,7
monthly,-0.3364722366212129,5,7
wae,-0.3364722366212129,5,7
memberi,-0.3364722366212129,5,7
dipegang,-0.3364722366212129,5,7
nasional,-0.3364722366212129,10,14
banting,-0.3364722366212129,5,7
barusan,-0.3364722366212129,5,7
bod,-0.3364722366212129,5,7
kas,-0.3364722366212129,5,7
wkwkwkkw,-0.3364722366212129,5,7
huhu,-0.3364722366212129,5,7
review,-0.3364722366212129,5,7
diantara,-0.3364722366212129,5,7
maksudnya,-0.3364722366212129,5,7
dirut,-0.3364722366212129,10,14
salam,-0.3364722366212129,5,7
belakang,-0.3364722366212129,5,7
cmiiw,-0.3364722366212129,5,7
koreksi,-0.3398678256223512,42,59
cenderung,-0.3448404862917295,17,24
bukan,-0.3448404862917295,102,144
exit,-0.3483066942682157,12,17
trs,-0.3483066942682157,24,34
amat,-0.3513978868378886,19,27
analisa,-0.3513978868378886,19,27
soal,-0.3528213746227423,26,37
dressing,-0.35667494393873245,7,10
biarin,-0.35667494393873245,7,10
pemodal,-0.35667494393873245,7,10
nungguin,-0.35667494393873245,7,10
cara,-0.35667494393873245,14,20
fee,-0.35667494393873245,7,10
next,-0.35667494393873245,14,20
hmm,-0.35667494393873245,7,10
download,-0.35667494393873245,7,10
perasaan,-0.35667494393873245,7,10
proses,-0.35667494393873245,7,10
bid,-0.35667494393873245,7,10
sebuah,-0.35667494393873245,7,10
efek,-0.36000273403140703,30,43
begitu,-0.3677247801253174,27,39
menutup,-0.3677247801253174,9,13
suruh,-0.3677247801253174,9,13
news,-0.3677247801253174,9,13
net,-0.3707221596642915,205,297
byan,-0.3746934494414107,11,16
sedang,-0.3746934494414107,33,48
fomo,-0.3746934494414107,11,16
muncul,-0.3794896217049037,13,19
aksi,-0.3794896217049037,26,38
drastis,-0.3794896217049037,13,19
ges,-0.3794896217049037,13,19
bbtn,-0.38193461069797024,43,63
masi,-0.38299225225610584,15,22
rekening,-0.38299225225610584,15,22
kemaren,-0.38299225225610584,45,66
tahu,-0.3856624808119846,17,25
semua,-0.3862337461802767,140,206
mereka,-0.3872827890249739,74,109
rabu,-0.3894647667617233,21,31
tlkm,-0.3915340114689703,1277,1889
agak,-0.3958956570920136,35,52
via,-0.40546510810816444,6,9
diganti,-0.40546510810816444,8,12
bds,-0.40546510810816444,4,6
just,-0.40546510810816444,6,9
buangan,-0.40546510810816444,4,6
sebaliknya,-0.40546510810816444,6,9
tadinya,-0.40546510810816444,4,6
jga,-0.40546510810816444,6,9
mencoba,-0.40546510810816444,10,15
diharga,-0.40546510810816444,10,15
kyk,-0.40546510810816444,26,39
sorry,-0.40546510810816444,4,6
well,-0.40546510810816444,4,6
segede,-0.40546510810816444,4,6
harap,-0.40546510810816444,4,6
terbanyak,-0.40546510810816444,6,9
gerakan,-0.40546510810816444,4,6
keseluruhan,-0.40546510810816444,4,6
avgd,-0.40546510810816444,4,6
caranya,-0.40546510810816444,4,6
sekedar,-0.40546510810816444,4,6
gile,-0.40546510810816444,4,6
dipakai,-0.40546510810816444,8,12
move,-0.40546510810816444,4,6
keuangannya,-0.40546510810816444,6,9
bisikan,-0.40546510810816444,4,6
even,-0.40546510810816444,12,18
bandarnya,-0.40546510810816444,4,6
ratu,-0.40546510810816444,8,12
deket,-0.40546510810816444,4,6
payment,-0.40546510810816444,4,6
bet,-0.40546510810816444,6,9
hapus,-0.40546510810816444,4,6
hajar,-0.40546510810816444,4,6
posting,-0.40546510810816444,6,9
jam,-0.40546510810816444,24,36
lihat,-0.40546510810816444,36,54
wholesale,-0.40546510810816444,4,6
capex,-0.40546510810816444,4,6
pliss,-0.40546510810816444,6,9
seharga,-0.40546510810816444,4,6
cyclical,-0.40546510810816444,4,6
ngadi,-0.40546510810816444,6,9
wahh,-0.40546510810816444,6,9
jdi,-0.40546510810816444,8,12
jadikan,-0.40546510810816444,4,6
jaman,-0.40546510810816444,20,30
sekalipun,-0.40546510810816444,4,6
performance,-0.40546510810816444,6,9
menyesal,-0.40546510810816444,6,9
nich,-0.40546510810816444,4,6
raja,-0.40546510810816444,10,15
dewa,-0.40546510810816444,4,6
sales,-0.40546510810816444,6,9
perhatian,-0.40546510810816444,6,9
ternyata,-0.4107421652090082,63,95
sahamnya,-0.413975797776073,78,118
laporan,-0.413975797776073,39,59
baca,-0.41494385206270823,35,53
lama,-0.41871033485818493,75,114
ama,-0.419853845560264,23,35
ditambah,-0.4228568508200336,19,29
berapa,-0.4274440148269396,45,69
jgn,-0.4307829160924542,39,60
bln,-0.4307829160924542,13,20
kecil,-0.4353180712578455,33,51
keliatan,-0.4353180712578455,11,17
down,-0.4390817189071494,78,121
mas,-0.43936665978384565,29,45
disertai,-0.4405564279194345,112,174
sana,-0.4418327522790392,9,14
paket,-0.4418327522790392,9,14
kualitas,-0.4418327522790392,9,14
makanya,-0.4418327522790392,27,42
berita,-0.4439313889359605,34,53
gila,-0.4480247225269604,23,36
prof,-0.45198512374305727,7,11
panik,-0.45198512374305727,21,33
asset,-0.45198512374305727,7,11
gatau,-0.45198512374305727,14,22
fren,-0.45198512374305727,7,11
sampe,-0.45198512374305727,112,176
kini,-0.45198512374305727,14,22
pakai,-0.4583075894825443,43,68
satunya,-0.4595323293784402,12,19
terkoreksi,-0.4595323293784402,12,19
mikir,-0.46262352194811296,17,27
tanda,-0.46262352194811296,17,27
ikutan,-0.46262352194811296,17,27
takut,-0.46430560813109784,22,35
jelas,-0.4648885285789651,49,78
salah,-0.4653632496892333,81,129
euy,-0.4700036292457356,5,8
apapun,-0.4700036292457356,10,16
diri,-0.4700036292457356,15,24
aing,-0.4700036292457356,10,16
kmaren,-0.4700036292457356,5,8
what,-0.4700036292457356,5,8
depannya,-0.4700036292457356,5,8
imo,-0.4700036292457356,5,8
gais,-0.4700036292457356,5,8
cont,-0.4700036292457356,5,8
memilih,-0.4700036292457356,5,8
nembus,-0.4700036292457356,5,8
sma,-0.4700036292457356,5,8
wong,-0.4700036292457356,5,8
pembahasan,-0.4700036292457356,5,8
sector,-0.4700036292457356,5,8
kebayang,-0.4700036292457356,5,8
chips,-0.4700036292457356,5,8
luas,-0.4700036292457356,5,8
boss,-0.4700036292457356,5,8
likuiditas,-0.4700036292457356,5,8
kondisi,-0.4737843520856416,33,53
yak,-0.4795730802618862,13,21
wkwkwk,-0.4818380868927383,63,102
goceng,-0.48550781578170077,8,13
but,-0.48550781578170077,8,13
cost,-0.48550781578170077,8,13
disaat,-0.48550781578170077,8,13
share,-0.49247648509779407,11,18
dah,-0.4960833420287873,123,202
blm,-0.503905180921417,29,48
sentimen,-0.5045560107523953,32,53
guyur,-0.5108256237659907,3,5
polanya,-0.5108256237659907,3,5
kecewa,-0.5108256237659907,3,5
doi,-0.5108256237659907,3,5
cuyy,-0.5108256237659907,3,5
penghasilan,-0.5108256237659907,3,5
terkenal,-0.5108256237659907,6,10
laen,-0.5108256237659907,3,5
pepsodent,-0.5108256237659907,3,5
offer,-0.5108256237659907,3,5
kering,-0.5108256237659907,3,5
ngurus,-0.5108256237659907,3,5
koh,-0.5108256237659907,3,5
customer,-0.5108256237659907,3,5
jadiin,-0.5108256237659907,3,5
jarang,-0.5108256237659907,12,20
oil,-0.5108256237659907,3,5
maaf,-0.5108256237659907,9,15
menahan,-0.5108256237659907,3,5
dukun,-0.5108256237659907,3,5
epsnya,-0.5108256237659907,3,5
saiki,-0.5108256237659907,3,5
problem,-0.5108256237659907,3,5
pls,-0.5108256237659907,6,10
usut,-0.5108256237659907,3,5
apps,-0.5108256237659907,3,5
yaampun,-0.5108256237659907,3,5
scr,-0.5108256237659907,6,10
keju,-0.5108256237659907,3,5
impor,-0.5108256237659907,3,5
elon,-0.5108256237659907,3,5
ijoo,-0.5108256237659907,3,5
memuaskan,-0.5108256237659907,3,5
akun,-0.5108256237659907,18,30
nyesel,-0.5108256237659907,24,40
palestine,-0.5108256237659907,3,5
pemerintahan,-0.5108256237659907,3,5
arci,-0.5108256237659907,3,5
setengahnya,-0.5108256237659907,3,5
bksl,-0.5108256237659907,3,5
dipangkas,-0.5108256237659907,3,5
kesehatan,-0.5108256237659907,6,10
permintaan,-0.5108256237659907,3,5
geopolitik,-0.5108256237659907,3,5
tetangga,-0.5108256237659907,3,5
file,-0.5108256237659907,3,5
rebuan,-0.5108256237659907,3,5
gaya,-0.5108256237659907,3,5
bgtt,-0.5108256237659907,6,10
ikuti,-0.5108256237659907,3,5
perform,-0.5108256237659907,3,5
dipengaruhi,-0.5108256237659907,3,5
provider,-0.5108256237659907,6,10
gandum,-0.5108256237659907,3,5
hoax,-0.5108256237659907,3,5
adakah,-0.5108256237659907,3,5
hacker,-0.5108256237659907,3,5
tampak,-0.5108256237659907,3,5
sayangnya,-0.5108256237659907,3,5
kanan,-0.5108256237659907,3,5
mgkn,-0.5108256237659907,6,10
kemakan,-0.5108256237659907,3,5
memasuki,-0.5108256237659907,3,5
gabakal,-0.5108256237659907,3,5
kenyataan,-0.5108256237659907,3,5
aka,-0.5108256237659907,3,5
source,-0.5108256237659907,3,5
bahan,-0.5108256237659907,6,10
bnr,-0.5108256237659907,3,5
gwe,-0.5108256237659907,3,5
pelajaran,-0.5108256237659907,3,5
perolehan,-0.5108256237659907,3,5
hanya,-0.5108256237659907,63,105
mengubah,-0.5108256237659907,3,5
kelewatan,-0.5108256237659907,3,5
koar,-0.5108256237659907,3,5
nurunin,-0.5108256237659907,6,10
pertanyaan,-0.5108256237659907,3,5
anggota,-0.5108256237659907,3,5
emitennya,-0.5108256237659907,3,5
badai,-0.5108256237659907,3,5
bergejolak,-0.5108256237659907,3,5
pusat,-0.5108256237659907,6,10
amerika,-0.5108256237659907,6,10
ujan,-0.5108256237659907,3,5
seandainya,-0.5108256237659907,3,5
beresiko,-0.5108256237659907,3,5
mana,-0.5160069825079884,77,129
makin,-0.517794293082084,143,240
minta,-0.5232481437645479,16,27
terkait,-0.5260930958967791,13,22
wkwkwkw,-0.5260930958967791,13,22
diliat,-0.5306282510621704,10,17
bangun,-0.5306282510621704,10,17
misalnya,-0.5306282510621704,10,17
fund,-0.5306282510621704,10,17
nutup,-0.5306282510621704,10,17
bngt,-0.5389965007326869,7,12
kode,-0.5389965007326869,7,12
low,-0.5423242908253616,25,43
goto,-0.5451297789497606,149,257
estimasi,-0.5465437063680699,11,19
idr,-0.5500463369192721,15,26
dibuat,-0.5596157879354228,4,7
kampung,-0.5596157879354228,4,7
dihajar,-0.5596157879354228,4,7
terjadi,-0.5596157879354228,36,63
kawan,-0.5596157879354228,8,14
ngapa,-0.5596157879354228,4,7
company,-0.5596157879354228,8,14
damn,-0.5596157879354228,4,7
kolaps,-0.5596157879354228,4,7
hadapi,-0.5596157879354228,4,7
goods,-0.5596157879354228,4,7
dibawah,-0.5596157879354228,28,49
membawa,-0.5596157879354228,4,7
banyaknya,-0.5596157879354228,4,7
call,-0.5596157879354228,4,7
yaudah,-0.5596157879354228,4,7
puasa,-0.5596157879354228,4,7
jari,-0.5596157879354228,4,7
ribet,-0.5596157879354228,8,14
match,-0.5596157879354228,4,7
diangkat,-0.5596157879354228,4,7
terasa,-0.5596157879354228,4,7
roi,-0.5596157879354228,4,7
modalnya,-0.5596157879354228,4,7
pgn,-0.5596157879354228,4,7
turunin,-0.5596157879354228,4,7
swasta,-0.5596157879354228,12,21
afiliasi,-0.5596157879354228,4,7
ruang,-0.5596157879354228,4,7
shm,-0.5656338602609858,71,125
ekspektasi,-0.5679840376059393,17,30
perak,-0.5753641449035618,9,16
lain,-0.5753641449035618,99,176
miskin,-0.5753641449035618,9,16
sekian,-0.5753641449035618,9,16
niat,-0.5753641449035618,9,16
berani,-0.5753641449035618,18,32
bitcoin,-0.5753641449035618,9,16
bye,-0.5753641449035618,9,16
bantu,-0.5753641449035618,9,16
issue,-0.5753641449035618,9,16
kmren,-0.5753641449035618,9,16
sdh,-0.578077850775158,23,41
more,-0.587786664902119,5,9
samsek,-0.587786664902119,5,9
proyeksi,-0.587786664902119,5,9
panas,-0.587786664902119,5,9
izin,-0.587786664902119,5,9
artinya,-0.587786664902119,20,36
muter,-0.587786664902119,5,9
ngaruh,-0.587786664902119,5,9
bedanya,-0.587786664902119,5,9
betul,-0.587786664902119,10,18
seharusnya,-0.587786664902119,5,9
penutupan,-0.587786664902119,10,18
bersyukur,-0.587786664902119,5,9
dibanding,-0.5920510636885765,26,47
retail,-0.5947071077466928,16,29
bahas,-0.5978370007556204,11,20
pergerakan,-0.5978370007556204,11,20
holder,-0.6007738604289302,34,62
alasan,-0.6007738604289302,17,31
skrg,-0.6035350218702582,70,128
mengalami,-0.6061358035703156,24,44
pantesan,-0.6061358035703156,6,11
baiknya,-0.6061358035703156,6,11
pro,-0.6061358035703156,6,11
paham,-0.6061358035703156,18,33
supaya,-0.6061358035703156,6,11
bandingin,-0.6061358035703156,6,11
peduli,-0.6061358035703156,6,11
ahh,-0.6061358035703156,6,11
bumn,-0.6127256132493711,110,203
sebenernya,-0.6131044728864089,13,24
pusing,-0.6131044728864089,13,24
apalagi,-0.6131044728864089,52,96
pindah,-0.6151856390902334,20,37
tolong,-0.6151856390902334,20,37
perusahaannya,-0.6190392084062235,7,13
bad,-0.6190392084062235,7,13
dunia,-0.6190392084062235,21,39
dominasi,-0.6190392084062235,7,13
pikir,-0.6190392084062235,7,13
heran,-0.6190392084062235,7,13
kepala,-0.6190392084062235,14,26
bgt,-0.6247444536755447,121,226
jaringan,-0.6286086594223742,16,30
gamau,-0.6286086594223742,8,15
ngga,-0.6306268235786113,33,62
jauh,-0.6312717768418579,50,94
kebanyakan,-0.6359887667199967,9,17
rame,-0.6359887667199967,9,17
skrng,-0.6567795363890705,14,27
antara,-0.6567795363890705,28,54
apakah,-0.6673946844575306,59,115
kira,-0.6737290947028438,26,51
pernah,-0.6737290947028438,52,102
gini,-0.6744550475477927,54,106
emg,-0.6778797084291569,33,65
hampir,-0.6817184847363225,44,87
wkwkwkwkw,-0.6931471805599453,3,6
berdoa,-0.6931471805599453,4,8
link,-0.6931471805599453,5,10
pensiunan,-0.6931471805599453,3,6
menguasai,-0.6931471805599453,4,8
semuanya,-0.6931471805599453,8,16
eks,-0.6931471805599453,3,6
diambil,-0.6931471805599453,4,8
jangankan,-0.6931471805599453,3,6
bjirr,-0.6931471805599453,4,8
bsa,-0.6931471805599453,3,6
mkn,-0.6931471805599453,3,6
tersisa,-0.6931471805599453,3,6
muluu,-0.6931471805599453,3,6
entah,-0.6931471805599453,7,14
here,-0.6931471805599453,3,6
unrealized,-0.6931471805599453,5,10
cuci,-0.6931471805599453,4,8
bnyk,-0.6931471805599453,7,14
kripto,-0.6931471805599453,4,8
malem,-0.6931471805599453,4,8
gada,-0.6931471805599453,5,10
menit,-0.6931471805599453,5,10
plat,-0.6931471805599453,4,8
ngaku,-0.6931471805599453,3,6
war,-0.6931471805599453,3,6
kesini,-0.6931471805599453,4,8
rada,-0.6931471805599453,4,8
edc,-0.6931471805599453,3,6
terusan,-0.6931471805599453,3,6
exdate,-0.6931471805599453,3,6
terkuat,-0.6931471805599453,3,6
persaingan,-0.6931471805599453,5,10
loss,-0.6931471805599453,67,134
berdampak,-0.6931471805599453,8,16
brand,-0.6931471805599453,9,18
diboikot,-0.6931471805599453,3,6
selling,-0.6931471805599453,3,6
riba,-0.6931471805599453,3,6
perkara,-0.6931471805599453,3,6
harian,-0.6931471805599453,5,10
arpu,-0.6931471805599453,3,6
menaikkan,-0.6931471805599453,3,6
mempengaruhi,-0.6931471805599453,3,6
minim,-0.6931471805599453,4,8
jaringannya,-0.6931471805599453,4,8
coy,-0.6931471805599453,3,6
tbig,-0.6931471805599453,4,8
petinggi,-0.6931471805599453,3,6
operasional,-0.6931471805599453,6,12
tantangan,-0.6931471805599453,4,8
mesin,-0.6931471805599453,7,14
wkwkkwkw,-0.6931471805599453,3,6
keburu,-0.6931471805599453,3,6
performa,-0.6931471805599453,9,18
maybe,-0.6931471805599453,3,6
ditekan,-0.6931471805599453,4,8
ngambil,-0.6931471805599453,3,6
sekolah,-0.6931471805599453,5,10
makro,-0.6931471805599453,4,8
iphone,-0.6931471805599453,4,8
berjamaah,-0.6931471805599453,3,6
expect,-0.6931471805599453,3,6
foto,-0.6931471805599453,3,6
meme,-0.6931471805599453,3,6
serem,-0.6931471805599453,5,10
belasan,-0.6931471805599453,9,18
klik,-0.6931471805599453,3,6
dinaikkan,-0.6931471805599453,3,6
mantan,-0.6931471805599453,3,6
kudu,-0.6931471805599453,9,18
how,-0.6931471805599453,3,6
nyesal,-0.6931471805599453,4,8
telkomsat,-0.6931471805599453,3,6
case,-0.6931471805599453,4,8
demand,-0.6931471805599453,4,8
petani,-0.6931471805599453,3,6
orangnya,-0.6931471805599453,3,6
pendapatannya,-0.6931471805599453,3,6
setara,-0.6931471805599453,13,26
batal,-0.6931471805599453,3,6
pelayanannya,-0.6931471805599453,3,6
open,-0.6931471805599453,4,8
beras,-0.6931471805599453,3,6
visi,-0.6931471805599453,3,6
jul,-0.6931471805599453,4,8
ton,-0.6931471805599453,3,6
tentunya,-0.6931471805599453,3,6
tele,-0.6931471805599453,3,6
nah,-0.6931471805599453,17,34
liat,-0.7054172731517596,81,164
bilang,-0.7096764825111559,30,61
kah,-0.713766467762681,24,49
negeri,-0.723918839226699,16,33
wkwkwkwk,-0.7259370033829361,15,31
produknya,-0.7282385003712154,14,29
tanpa,-0.7357067949787413,23,48
kurang,-0.7363193524251541,34,71
produk,-0.7366322924996841,45,94
inget,-0.7375989431307791,11,23
puluhan,-0.7375989431307791,11,23
jualan,-0.7396671961948381,21,44
duh,-0.7472144018302211,9,19
terbaru,-0.7472144018302211,9,19
bisnisnya,-0.7472144018302211,9,19
fase,-0.7472144018302211,9,19
dlm,-0.750305594399894,17,36
ytd,-0.7537718023763802,8,17
proyek,-0.7537718023763802,8,17
noh,-0.7537718023763802,8,17
asli,-0.7537718023763802,8,17
krisis,-0.7537718023763802,8,17
jual,-0.761614979837406,127,272
gerak,-0.7621400520468967,7,15
consumer,-0.7621400520468967,7,15
waduh,-0.7621400520468967,7,15
biaya,-0.7621400520468967,14,30
jadinya,-0.7621400520468967,7,15
porto,-0.7635279773217448,48,103
ritel,-0.7683706017975328,32,69
akses,-0.7731898882334817,12,26
segala,-0.7731898882334817,6,13
kemana,-0.7731898882334817,12,26
jir,-0.7731898882334817,6,13
yaallah,-0.7731898882334817,6,13
selesai,-0.7731898882334817,12,26
atm,-0.7731898882334817,6,13
smpe,-0.7731898882334817,6,13
keknya,-0.7777045685880083,17,37
ngerti,-0.7884573603642702,10,22
nyampe,-0.7884573603642702,5,11
masif,-0.7884573603642702,5,11
berubah,-0.7884573603642702,5,11
maksimal,-0.7884573603642702,5,11
indo,-0.7884573603642702,25,55
keduanya,-0.7884573603642702,5,11
tentang,-0.7884573603642702,5,11
lemah,-0.7884573603642702,5,11
kapan,-0.7949298748698876,42,93
jujur,-0.7985076962177716,9,20
doang,-0.8013607652001781,35,78
agar,-0.8023464725249373,13,29
buru,-0.8109302162163288,4,9
kesabaran,-0.8109302162163288,4,9
bearish,-0.8109302162163288,8,18
mayora,-0.8109302162163288,4,9
bicara,-0.8109302162163288,4,9
liatnya,-0.8109302162163288,4,9
avd,-0.8109302162163288,4,9
terdampak,-0.8109302162163288,4,9
revisi,-0.8109302162163288,4,9
konglo,-0.8109302162163288,4,9
ayam,-0.8109302162163288,4,9
coin,-0.8109302162163288,4,9
deg,-0.8109302162163288,4,9
skip,-0.8109302162163288,4,9
over,-0.8109302162163288,4,9
bahkan,-0.8209805520698302,44,100
fca,-0.8266785731844679,7,16
lokal,-0.8266785731844679,14,32
warga,-0.8266785731844679,7,16
pun,-0.8303483020734304,34,78
sebenarnya,-0.832909122935104,10,23
penjualan,-0.8383291904044432,16,37
ldr,-0.8472978603872037,3,7
nitip,-0.8472978603872037,3,7
kau,-0.8472978603872037,6,14
sistem,-0.8472978603872037,6,14
wak,-0.8472978603872037,3,7
manusia,-0.8472978603872037,3,7
nol,-0.8472978603872037,3,7
bagusnya,-0.8472978603872037,3,7
begitulah,-0.8472978603872037,3,7
pengelolaan,-0.8472978603872037,3,7
mayoritas,-0.8472978603872037,12,28
orng,-0.8472978603872037,3,7
years,-0.8472978603872037,3,7
telpon,-0.8472978603872037,3,7
mimpi,-0.8472978603872037,6,14
wkkw,-0.8472978603872037,3,7
cerita,-0.8472978603872037,6,14
pemicu,-0.8472978603872037,3,7
ahli,-0.8472978603872037,3,7
sebaiknya,-0.8472978603872037,3,7
andai,-0.8472978603872037,6,14
rek,-0.8472978603872037,3,7
hrs,-0.8472978603872037,3,7
lucu,-0.8472978603872037,6,14
rasa,-0.8472978603872037,9,21
realistis,-0.8472978603872037,3,7
bpk,-0.8472978603872037,3,7
lambat,-0.8472978603872037,6,14
wajarnya,-0.8472978603872037,3,7
gold,-0.8472978603872037,3,7
woi,-0.8472978603872037,3,7
pesimis,-0.8472978603872037,3,7
dkk,-0.8472978603872037,12,28
batas,-0.8472978603872037,3,7
bikin,-0.8493079113152279,71,166
dgn,-0.8503327640823577,47,110
gimana,-0.8507761247635285,41,96
termasuk,-0.8556661100577202,17,40
brms,-0.8574502318512216,14,33
padahal,-0.8602012652231115,55,130
sering,-0.8649974374866046,16,38
lesu,-0.8690378470236094,13,31
premium,-0.8754687373538999,5,12
ngikutin,-0.8754687373538999,5,12
china,-0.8754687373538999,5,12
disana,-0.8754687373538999,5,12
dibawa,-0.8754687373538999,5,12
internal,-0.8754687373538999,5,12
efisien,-0.8754687373538999,5,12
was,-0.8754687373538999,5,12
wkwkkw,-0.8754687373538999,5,12
pindahin,-0.8754687373538999,5,12
mbak,-0.8754687373538999,5,12
cape,-0.8754687373538999,5,12
kebijakan,-0.8823891801984737,12,29
unvr,-0.8828816697430254,560,1354
kadang,-0.8873031950009028,7,17
ketinggalan,-0.8979415932059586,11,27
kantor,-0.8979415932059586,11,27
kek,-0.9082585601768909,25,62
rusia,-0.916290731874155,2,5
dikelola,-0.916290731874155,2,5
aali,-0.916290731874155,2,5
ketakutan,-0.916290731874155,2,5
jenuh,-0.916290731874155,2,5
produksi,-0.916290731874155,2,5
massif,-0.916290731874155,2,5
cat,-0.916290731874155,2,5
lagu,-0.916290731874155,2,5
nett,-0.916290731874155,2,5
mengkhawatirkan,-0.916290731874155,2,5
pendidikan,-0.916290731874155,2,5
tangga,-0.916290731874155,2,5
okelah,-0.916290731874155,2,5
rombak,-0.916290731874155,2,5
laggards,-0.916290731874155,2,5
fak,-0.916290731874155,2,5
kontrak,-0.916290731874155,2,5
bencana,-0.916290731874155,2,5
kegerus,-0.916290731874155,2,5
mmg,-0.916290731874155,4,10
laku,-0.916290731874155,4,10
shock,-0.916290731874155,2,5
ekuitas,-0.916290731874155,2,5
going,-0.916290731874155,2,5
singkat,-0.916290731874155,2,5
keajaiban,-0.916290731874155,2,5
pompom,-0.916290731874155,4,10
kelakuan,-0.916290731874155,2,5
selaku,-0.916290731874155,2,5
item,-0.916290731874155,2,5
melandai,-0.916290731874155,2,5
end,-0.916290731874155,2,5
melebihi,-0.916290731874155,2,5
something,-0.916290731874155,2,5
kehabisan,-0.916290731874155,2,5
dugaan,-0.916290731874155,6,15
mind,-0.916290731874155,2,5
etf,-0.916290731874155,2,5
banding,-0.916290731874155,4,10
calon,-0.916290731874155,2,5
publikasi,-0.916290731874155,2,5
lap,-0.916290731874155,2,5
brics,-0.916290731874155,2,5
halt,-0.916290731874155,6,15
bbkp,-0.916290731874155,2,5
sumatera,-0.916290731874155,2,5
med,-0.916290731874155,2,5
bennix,-0.916290731874155,2,5
revenue,-0.916290731874155,10,25
profil,-0.916290731874155,2,5
men,-0.916290731874155,2,5
gemes,-0.916290731874155,2,5
keamanan,-0.916290731874155,2,5
bhw,-0.916290731874155,2,5
kuota,-0.916290731874155,8,20
sarimi,-0.916290731874155,2,5
soon,-0.916290731874155,2,5
once,-0.916290731874155,2,5
tercover,-0.916290731874155,2,5
puncaknya,-0.916290731874155,2,5
quality,-0.916290731874155,2,5
ogah,-0.916290731874155,2,5
hutang,-0.916290731874155,2,5
langganan,-0.916290731874155,2,5
memburuk,-0.916290731874155,2,5
jauhh,-0.916290731874155,2,5
bangett,-0.916290731874155,6,15
penetrasinya,-0.916290731874155,2,5
aslinya,-0.916290731874155,4,10
mengejar,-0.916290731874155,2,5
roller,-0.916290731874155,2,5
could,-0.916290731874155,2,5
gasi,-0.916290731874155,2,5
mature,-0.916290731874155,2,5
cow,-0.916290731874155,2,5
wey,-0.916290731874155,2,5
fore,-0.916290731874155,2,5
incomenya,-0.916290731874155,2,5
trending,-0.916290731874155,4,10
kampus,-0.916290731874155,2,5
waspada,-0.916290731874155,2,5
palingan,-0.916290731874155,2,5
driver,-0.916290731874155,2,5
papa,-0.916290731874155,2,5
tanya,-0.916290731874155,8,20
mentah,-0.916290731874155,2,5
anjengg,-0.916290731874155,2,5
pelat,-0.916290731874155,2,5
dibalik,-0.916290731874155,2,5
ora,-0.916290731874155,2,5
bayangkan,-0.916290731874155,2,5
persepsi,-0.916290731874155,2,5
kepulauan,-0.916290731874155,2,5
dibiarin,-0.916290731874155,2,5
bunuh,-0.916290731874155,2,5
awak,-0.916290731874155,2,5
pdahal,-0.916290731874155,2,5
teu,-0.916290731874155,2,5
coaster,-0.916290731874155,2,5
sungguh,-0.916290731874155,2,5
konflik,-0.916290731874155,2,5
bisanya,-0.916290731874155,2,5
ala,-0.916290731874155,2,5
pekat,-0.916290731874155,2,5
palung,-0.916290731874155,2,5
bodo,-0.916290731874155,2,5
digoreng,-0.916290731874155,2,5
wrong,-0.916290731874155,2,5
lantai,-0.916290731874155,2,5
sad,-0.916290731874155,2,5
apbn,-0.916290731874155,2,5
ukuran,-0.916290731874155,2,5
cukai,-0.916290731874155,2,5
kecamatan,-0.916290731874155,2,5
temenku,-0.916290731874155,2,5
hasilnya,-0.916290731874155,6,15
anjr,-0.916290731874155,2,5
msci,-0.916290731874155,6,15
menghindari,-0.916290731874155,2,5
sebelah,-0.916290731874155,4,10
twit,-0.916290731874155,2,5
hubungan,-0.916290731874155,2,5
otomotif,-0.916290731874155,2,5
marketing,-0.916290731874155,2,5
stafsus,-0.916290731874155,2,5
can,-0.916290731874155,2,5
relate,-0.916290731874155,2,5
kerjaan,-0.916290731874155,2,5
dananya,-0.916290731874155,2,5
apaan,-0.916290731874155,4,10
lossnya,-0.916290731874155,2,5
ketauan,-0.916290731874155,2,5
minuman,-0.916290731874155,2,5
akankah,-0.916290731874155,4,10
lego,-0.916290731874155,2,5
dibulan,-0.916290731874155,2,5
personal,-0.916290731874155,2,5
dipindah,-0.916290731874155,2,5
utk,-0.9207253289420207,45,113
terlalu,-0.924258901523332,25,63
nov,-0.9382696385929302,9,23
namanya,-0.9444616088408514,7,18
capek,-0.9444616088408514,7,18
buang,-0.9490805546971459,12,31
thn,-0.9531047049968713,32,83
dasar,-0.9555114450274363,5,13
aduh,-0.9555114450274363,5,13
jatoh,-0.9555114450274363,5,13
merk,-0.9555114450274363,5,13
npl,-0.9555114450274363,15,39
rendah,-0.958850346292951,23,60
hmsp,-0.9614111671546247,13,34
telkomsel,-0.9614111671546247,13,34
isu,-0.9614111671546247,13,34
telco,-0.9650808960435872,8,21
gigi,-0.9808292530117262,3,8
stop,-0.9808292530117262,6,16
ajgg,-0.9808292530117262,3,8
ngomongin,-0.9808292530117262,3,8
tsel,-0.9808292530117262,3,8
sinyalnya,-0.9808292530117262,3,8
boycott,-0.9808292530117262,3,8
hindari,-0.9808292530117262,3,8
judi,-0.9808292530117262,9,24
hai,-0.9808292530117262,3,8
denger,-0.9808292530117262,3,8
baku,-0.9808292530117262,3,8
jasa,-0.9808292530117262,3,8
grgr,-0.9808292530117262,3,8
tebak,-0.9808292530117262,3,8
alias,-0.9808292530117262,9,24
twitter,-0.9808292530117262,3,8
bolak,-0.9808292530117262,3,8
marah,-0.9808292530117262,3,8
merugi,-0.9808292530117262,3,8
mengapa,-0.9808292530117262,3,8
hati,-0.9873866535578852,19,51
danantara,-0.9911920400472728,36,97
teknologi,-0.9985288301111273,7,19
kaga,-1.001448540214462,18,49
sblm,-1.0116009116784799,4,11
narasi,-1.0116009116784799,4,11
membara,-1.0116009116784799,4,11
dibaca,-1.0116009116784799,4,11
berkurang,-1.0116009116784799,8,22
portonya,-1.0116009116784799,4,11
seluler,-1.0116009116784799,4,11
pekerja,-1.0116009116784799,4,11
upgrade,-1.0116009116784799,4,11
gorengan,-1.0169342576538425,17,47
minusnya,-1.0216512475319814,9,25
listrik,-1.0296194171811581,5,14
stuck,-1.0296194171811581,5,14
malu,-1.0296194171811581,5,14
taunya,-1.0296194171811581,5,14
toh,-1.0296194171811581,5,14
negara,-1.0340737675305385,48,135
non,-1.0498221244986778,7,20
turun,-1.057504620670694,389,1120
unilever,-1.0625072840259935,47,136
bagaimana,-1.0647107369924282,10,29
megang,-1.0647107369924282,10,29
mirip,-1.0647107369924282,10,29
ganti,-1.072636802264849,13,38
menjelang,-1.0986122886681098,2,6
kirain,-1.0986122886681098,4,12
system,-1.0986122886681098,2,6
cegah,-1.0986122886681098,2,6
wkwkwkwkwk,-1.0986122886681098,2,6
waras,-1.0986122886681098,2,6
disusul,-1.0986122886681098,2,6
berakhir,-1.0986122886681098,4,12
sial,-1.0986122886681098,4,12
degan,-1.0986122886681098,2,6
sebel,-1.0986122886681098,3,9
terburuk,-1.0986122886681098,2,6
guru,-1.0986122886681098,2,6
mbps,-1.0986122886681098,4,12
menghadapi,-1.0986122886681098,2,6
post,-1.0986122886681098,2,6
nge,-1.0986122886681098,5,15
app,-1.0986122886681098,3,9
below,-1.0986122886681098,2,6
adek,-1.0986122886681098,2,6
krusial,-1.0986122886681098,2,6
korporasi,-1.0986122886681098,4,12
hahahaha,-1.0986122886681098,4,12
nyesek,-1.0986122886681098,4,12
munggah,-1.0986122886681098,2,6
pengendalinya,-1.0986122886681098,2,6
seret,-1.0986122886681098,2,6
fiktif,-1.0986122886681098,4,12
komunikasi,-1.0986122886681098,2,6
kelar,-1.0986122886681098,2,6
sekalinya,-1.0986122886681098,2,6
gbps,-1.0986122886681098,3,9
lepas,-1.0986122886681098,24,72
banyakan,-1.0986122886681098,2,6
jmlh,-1.0986122886681098,2,6
pegawai,-1.0986122886681098,2,6
banjir,-1.0986122886681098,3,9
pailit,-1.0986122886681098,2,6
monopoli,-1.0986122886681098,2,6
kejadian,-1.0986122886681098,6,18
sialan,-1.0986122886681098,3,9
perang,-1.0986122886681098,9,27
part,-1.0986122886681098,3,9
memperbaiki,-1.0986122886681098,2,6
sengaja,-1.0986122886681098,2,6
resis,-1.0986122886681098,2,6
that,-1.0986122886681098,3,9
umumnya,-1.0986122886681098,2,6
kasusnya,-1.0986122886681098,2,6
dasarnya,-1.0986122886681098,2,6
barangnya,-1.0986122886681098,2,6
resign,-1.0986122886681098,3,9
harapan,-1.0986122886681098,8,24
manajemennya,-1.0986122886681098,2,6
mreka,-1.0986122886681098,2,6
macet,-1.0986122886681098,5,15
euforia,-1.0986122886681098,2,6
ibarat,-1.0986122886681098,2,6
dijadiin,-1.0986122886681098,2,6
kejaksaan,-1.0986122886681098,2,6
piring,-1.0986122886681098,2,6
bentuknya,-1.0986122886681098,2,6
elah,-1.0986122886681098,2,6
byd,-1.0986122886681098,2,6
maksa,-1.0986122886681098,2,6
ketawa,-1.0986122886681098,2,6
pula,-1.0986122886681098,8,24
boy,-1.0986122886681098,2,6
pssi,-1.0986122886681098,2,6
anggaran,-1.0986122886681098,2,6
tingkat,-1.0986122886681098,6,18
report,-1.0986122886681098,2,6
merasakan,-1.0986122886681098,2,6
keinget,-1.0986122886681098,2,6
bandar,-1.0986122886681098,14,42
terbesarnya,-1.0986122886681098,2,6
cupu,-1.0986122886681098,2,6
tetapi,-1.0986122886681098,7,21
account,-1.0986122886681098,2,6
apa,-1.1046003305127323,111,335
krn,-1.1061594943034927,44,133
malah,-1.1214517806379325,101,310
komisaris,-1.1239300966523995,13,40
naikin,-1.1394342831883648,8,25
membuat,-1.1394342831883648,16,50
msh,-1.1394342831883648,16,50
dibilang,-1.1394342831883648,8,25
masalah,-1.1420974006078484,15,47
negatif,-1.148622709242771,13,41
beban,-1.1526795099383855,12,38
menjual,-1.1526795099383855,6,19
gabisa,-1.1526795099383855,6,19
resist,-1.1631508098056809,5,16
super,-1.1631508098056809,5,16
seberapa,-1.1786549963416462,4,13
lower,-1.1786549963416462,4,13
politik,-1.1786549963416462,4,13
ambles,-1.1939224684724346,10,33
tekanan,-1.1962507582320256,13,43
susah,-1.1977031913123406,16,53
investornya,-1.2039728043259361,3,10
feeling,-1.2039728043259361,3,10
terungkap,-1.2039728043259361,3,10
piye,-1.2039728043259361,3,10
fakta,-1.2039728043259361,3,10
sabun,-1.2039728043259361,3,10
mesti,-1.2237754316221157,5,17
belakangan,-1.2237754316221157,5,17
meanwhile,-1.2237754316221157,5,17
drop,-1.2237754316221157,10,34
pejabat,-1.252762968495368,2,7
provisi,-1.252762968495368,2,7
menolak,-1.252762968495368,2,7
percuma,-1.252762968495368,2,7
terpaksa,-1.252762968495368,2,7
pabrik,-1.252762968495368,2,7
netsell,-1.252762968495368,2,7
berbondong,-1.252762968495368,2,7
minimarket,-1.252762968495368,2,7
emosi,-1.252762968495368,2,7
bakar,-1.252762968495368,2,7
sampah,-1.252762968495368,4,14
kepentingan,-1.252762968495368,2,7
beginian,-1.252762968495368,2,7
komen,-1.252762968495368,4,14
who,-1.252762968495368,2,7
solusinya,-1.252762968495368,2,7
njirr,-1.252762968495368,2,7
mendadak,-1.252762968495368,2,7
deras,-1.252762968495368,2,7
cokk,-1.252762968495368,2,7
olt,-1.252762968495368,2,7
dihukum,-1.252762968495368,2,7
gross,-1.252762968495368,2,7
rusak,-1.252762968495368,2,7
kfc,-1.252762968495368,2,7
lari,-1.252762968495368,2,7
iran,-1.252762968495368,2,7
gapunya,-1.252762968495368,2,7
viral,-1.252762968495368,2,7
ulasan,-1.252762968495368,2,7
terafiliasi,-1.252762968495368,2,7
lost,-1.252762968495368,2,7
sedih,-1.2685113254635072,9,32
ngeri,-1.2685113254635072,9,32
beda,-1.270462545594769,16,57
terendah,-1.2729656758128873,7,25
dibiarkan,-1.2809338454620642,5,18
org,-1.2809338454620642,15,54
konsumen,-1.2809338454620642,5,18
semenjak,-1.2809338454620642,5,18
tdk,-1.2909841813155656,11,40
dibuang,-1.2992829841302609,3,11
why,-1.2992829841302609,3,11
ketidakpastian,-1.2992829841302609,3,11
dada,-1.2992829841302609,3,11
menbumn,-1.2992829841302609,3,11
trap,-1.2992829841302609,3,11
gapernah,-1.2992829841302609,3,11
gajelas,-1.2992829841302609,3,11
mentok,-1.2992829841302609,3,11
krim,-1.2992829841302609,3,11
regulasi,-1.2992829841302609,3,11
ndak,-1.2992829841302609,3,11
maupun,-1.3121863889661687,7,26
penjelasan,-1.3217558399823195,4,15
buset,-1.3217558399823195,8,30
cok,-1.3217558399823195,4,15
stagnan,-1.3217558399823195,8,30
gen,-1.3217558399823195,4,15
dyor,-1.3268709406490897,13,49
merah,-1.3317061708354876,80,303
turunnya,-1.3350010667323402,15,57
byk,-1.3350010667323402,5,19
pdhl,-1.3397743454849977,11,42
bjir,-1.349926716949016,7,27
hal,-1.3564413979702095,17,66
jebol,-1.363304842895192,11,43
etc,-1.3862943611198906,2,8
bangkrut,-1.3862943611198906,6,24
afrika,-1.3862943611198906,3,12
masalahnya,-1.3862943611198906,5,20
hukum,-1.3862943611198906,3,12
njir,-1.3862943611198906,4,16
pisau,-1.3862943611198906,2,8
narik,-1.3862943611198906,3,12
fmcg,-1.3862943611198906,3,12
penyebabnya,-1.3862943611198906,5,20
kasihan,-1.3862943611198906,2,8
sanggup,-1.3862943611198906,2,8
nomer,-1.3862943611198906,2,8
jatuhnya,-1.3862943611198906,2,8
operator,-1.3862943611198906,8,32
enrg,-1.3862943611198906,2,8
berisiko,-1.3862943611198906,2,8
hadeh,-1.3862943611198906,2,8
klw,-1.3862943611198906,2,8
rawan,-1.3862943611198906,3,12
ketar,-1.3862943611198906,3,12
hilir,-1.3862943611198906,2,8
fasilitas,-1.3862943611198906,2,8
tumbal,-1.3862943611198906,2,8
spt,-1.3862943611198906,7,28
blokir,-1.3862943611198906,2,8
terseret,-1.3862943611198906,2,8
induknya,-1.3862943611198906,2,8
pinjol,-1.3862943611198906,2,8
ambrol,-1.3862943611198906,9,36
ketir,-1.3862943611198906,3,12
babi,-1.3862943611198906,2,8
dec,-1.3862943611198906,2,8
tumbang,-1.3862943611198906,2,8
koneksi,-1.3862943611198906,2,8
saingan,-1.3862943611198906,2,8
starlink,-1.4028236630711013,15,61
melemah,-1.4129626082020519,37,152
pemerintah,-1.425515074273172,25,104
tertekan,-1.4321038971511848,16,67
minus,-1.4340487924157905,46,193
qoq,-1.4350845252893227,5,21
ngomong,-1.4350845252893227,5,21
ketolong,-1.4350845252893227,5,21
pasang,-1.4423838277709342,13,55
sbg,-1.4423838277709342,13,55
mapa,-1.4469189829363254,4,17
jatuh,-1.455287232606842,14,60
blg,-1.466337068793427,3,13
alhasil,-1.466337068793427,3,13
laju,-1.466337068793427,3,13
bahaya,-1.466337068793427,3,13
dampaknya,-1.466337068793427,3,13
kelola,-1.466337068793427,3,13
merona,-1.466337068793427,3,13
publik,-1.466337068793427,3,13
kabel,-1.466337068793427,6,26
fixed,-1.4759065198095778,8,35
katanya,-1.4816045409242156,10,44
brp,-1.488077055429833,7,31
bandwidth,-1.5040773967762742,2,9
kempes,-1.5040773967762742,2,9
follow,-1.5040773967762742,2,9
surat,-1.5040773967762742,2,9
supply,-1.5040773967762742,2,9
rill,-1.5040773967762742,2,9
ditarik,-1.5040773967762742,4,18
spam,-1.5040773967762742,2,9
sendirian,-1.5040773967762742,2,9
tempo,-1.5040773967762742,2,9
merugikan,-1.5040773967762742,2,9
apr,-1.5040773967762742,2,9
keterpurukan,-1.5040773967762742,2,9
hrga,-1.5040773967762742,2,9
komentar,-1.5040773967762742,2,9
merahnya,-1.5040773967762742,2,9
warung,-1.5040773967762742,2,9
aturan,-1.5040773967762742,2,9
pln,-1.5040773967762742,2,9
mengurangi,-1.5040773967762742,2,9
sepi,-1.5040773967762742,2,9
hahah,-1.5040773967762742,2,9
sedap,-1.5040773967762742,2,9
sedangkan,-1.5198257537444133,7,32
pantes,-1.5260563034950494,5,23
mati,-1.5260563034950494,5,23
rungkad,-1.5260563034950494,5,23
rugi,-1.5382104031457327,32,149
isinya,-1.540445040947149,3,14
menurun,-1.540445040947149,6,28
bubar,-1.540445040947149,3,14
anjing,-1.540445040947149,3,14
pemain,-1.550597412411167,7,33
penurunan,-1.550597412411167,21,99
wifi,-1.550597412411167,7,33
males,-1.55814461804655,4,19
fear,-1.55814461804655,4,19
akibat,-1.5686159179138452,5,24
cabut,-1.5686159179138452,5,24
kena,-1.5743465926228302,29,140
boncos,-1.580450375560848,7,34
loyo,-1.580450375560848,7,34
bebas,-1.5910887737659039,11,54
melepas,-1.6094379124341003,2,10
anjg,-1.6094379124341003,2,10
kocak,-1.6094379124341003,4,20
karya,-1.6094379124341003,3,15
bodoh,-1.6094379124341003,2,10
eksternal,-1.6094379124341003,2,10
bru,-1.6094379124341003,2,10
woy,-1.6094379124341003,2,10
knp,-1.6094379124341003,11,55
peringkat,-1.6094379124341003,8,40
tekan,-1.6094379124341003,2,10
nanya,-1.6094379124341003,3,15
bbm,-1.6094379124341003,2,10
last,-1.6094379124341003,2,10
anjloknya,-1.6094379124341003,2,10
bela,-1.6094379124341003,2,10
presiden,-1.6094379124341003,7,35
insider,-1.6094379124341003,2,10
outflow,-1.6094379124341003,6,30
bgst,-1.6094379124341003,2,10
dibanting,-1.6094379124341003,3,15
fraud,-1.6094379124341003,2,10
payung,-1.6094379124341003,2,10
one,-1.6094379124341003,2,10
stress,-1.6094379124341003,3,15
ujung,-1.6094379124341003,3,15
astaga,-1.6094379124341003,2,10
tangan,-1.6094379124341003,2,10
dump,-1.6094379124341003,3,15
trump,-1.6486586255873816,5,26
faktor,-1.6582280766035324,4,21
lbh,-1.6582280766035324,12,63
sisi,-1.6650077635889111,7,37
nangis,-1.6739764335716716,6,32
penyebab,-1.6739764335716716,3,16
mines,-1.6739764335716716,3,16
lelet,-1.6739764335716716,3,16
gelap,-1.6739764335716716,3,16
arb,-1.6863989535702288,5,27
pengadaan,-1.7047480922384253,2,11
kebakaran,-1.7047480922384253,2,11
mohon,-1.7047480922384253,2,11
bermasalah,-1.7047480922384253,2,11
gula,-1.7047480922384253,2,11
kesel,-1.7047480922384253,2,11
goblok,-1.7047480922384253,2,11
karyawan,-1.7047480922384253,4,22
tukang,-1.7047480922384253,2,11
hulu,-1.7047480922384253,2,11
massal,-1.7047480922384253,2,11
wilayah,-1.7047480922384253,2,11
gara,-1.7206635475443248,17,95
dampak,-1.7227665977411035,5,28
mulu,-1.7255100836868544,13,73
gmn,-1.7272209480904839,8,45
kenapa,-1.7314163393205866,37,209
membangun,-1.7346010553881064,3,17
like,-1.7346010553881064,3,17
utang,-1.7346010553881064,6,34
dilego,-1.7346010553881064,3,17
bkn,-1.7346010553881064,6,34
buruk,-1.749199854809259,4,23
kemahalan,-1.7707060600302227,8,47
cpt,-1.791759469228055,1,6
lapor,-1.791759469228055,1,6
quarter,-1.791759469228055,1,6
broksum,-1.791759469228055,1,6
huhuhu,-1.791759469228055,1,6
ritelnya,-1.791759469228055,1,6
month,-1.791759469228055,1,6
ftth,-1.791759469228055,1,6
mandi,-1.791759469228055,1,6
hack,-1.791759469228055,1,6
ngurusin,-1.791759469228055,1,6
gocap,-1.791759469228055,2,12
mean,-1.791759469228055,1,6
spending,-1.791759469228055,1,6
mampir,-1.791759469228055,1,6
memecoin,-1.791759469228055,1,6
zonk,-1.791759469228055,1,6
menurunkan,-1.791759469228055,2,12
owner,-1.791759469228055,1,6
terkapar,-1.791759469228055,1,6
balance,-1.791759469228055,1,6
breakdown,-1.791759469228055,1,6
lbih,-1.791759469228055,1,6
ngaco,-1.791759469228055,1,6
sedunia,-1.791759469228055,1,6
korup,-1.791759469228055,1,6
dibalikin,-1.791759469228055,1,6
kntl,-1.791759469228055,1,6
koruptor,-1.791759469228055,1,6
utangnya,-1.791759469228055,1,6
darimana,-1.791759469228055,1,6
ngelag,-1.791759469228055,1,6
tega,-1.791759469228055,1,6
bobroknya,-1.791759469228055,1,6
kepanikan,-1.791759469228055,1,6
gakuat,-1.791759469228055,1,6
tmn,-1.791759469228055,1,6
release,-1.791759469228055,1,6
image,-1.791759469228055,1,6
teringat,-1.791759469228055,1,6
pemutihan,-1.791759469228055,1,6
waskita,-1.791759469228055,1,6
asingnya,-1.791759469228055,1,6
dalem,-1.791759469228055,7,42
concern,-1.791759469228055,2,12
amsyong,-1.791759469228055,1,6
anj,-1.791759469228055,3,18
tolak,-1.791759469228055,1,6
peak,-1.791759469228055,1,6
penekan,-1.791759469228055,1,6
efeknya,-1.791759469228055,1,6
bebani,-1.791759469228055,1,6
kerjaannya,-1.791759469228055,1,6
thd,-1.791759469228055,1,6
arahan,-1.791759469228055,2,12
muak,-1.791759469228055,1,6
anjlokk,-1.791759469228055,1,6
dikerjain,-1.791759469228055,1,6
dibutuhkan,-1.791759469228055,1,6
hadeuh,-1.791759469228055,1,6
terpilih,-1.791759469228055,2,12
trx,-1.791759469228055,1,6
jahat,-1.791759469228055,1,6
kouta,-1.791759469228055,1,6
cuk,-1.791759469228055,1,6
pasta,-1.791759469228055,1,6
curhat,-1.791759469228055,1,6
broker,-1.791759469228055,2,12
liga,-1.791759469228055,1,6
ampun,-1.791759469228055,2,12
products,-1.791759469228055,1,6
vendor,-1.791759469228055,1,6
mapb,-1.791759469228055,1,6
downgrade,-1.791759469228055,1,6
boro,-1.791759469228055,1,6
apes,-1.791759469228055,1,6
nyalahin,-1.791759469228055,1,6
selisih,-1.791759469228055,1,6
ketertinggalan,-1.791759469228055,1,6
musti,-1.791759469228055,1,6
bolasalju,-1.791759469228055,1,6
konsepnya,-1.791759469228055,1,6
maker,-1.791759469228055,1,6
tlp,-1.791759469228055,1,6
rungkat,-1.791759469228055,1,6
alamat,-1.791759469228055,1,6
terlampau,-1.791759469228055,1,6
ilang,-1.791759469228055,2,12
bau,-1.791759469228055,2,12
mendominasi,-1.791759469228055,1,6
setauku,-1.791759469228055,1,6
separah,-1.791759469228055,1,6
restrukturisasi,-1.791759469228055,1,6
bebek,-1.791759469228055,1,6
penduduk,-1.791759469228055,1,6
imbas,-1.791759469228055,2,12
menggerus,-1.791759469228055,1,6
ndlosor,-1.791759469228055,1,6
dipaksa,-1.791759469228055,1,6
secepat,-1.791759469228055,1,6
dimanfaatkan,-1.791759469228055,1,6
dormant,-1.791759469228055,1,6
doank,-1.791759469228055,1,6
opo,-1.791759469228055,1,6
terancam,-1.791759469228055,1,6
anjlok,-1.8166984175753071,33,203
sangkut,-1.845826690498331,3,19
bayangin,-1.845826690498331,3,19
halo,-1.845826690498331,3,19
mental,-1.845826690498331,3,19
influencer,-1.845826690498331,3,19
kompetitor,-1.8718021769015913,2,13
tenggelam,-1.8718021769015913,2,13
kehilangan,-1.8718021769015913,2,13
kapok,-1.8718021769015913,2,13
utamanya,-1.8718021769015913,2,13
menangis,-1.8718021769015913,2,13
ampas,-1.8971199848858813,3,20
distribusi,-1.8971199848858813,3,20
gegara,-1.9218125974762528,6,41
ambyar,-1.9459101490553135,1,7
sms,-1.9459101490553135,1,7
menekan,-1.9459101490553135,1,7
diangka,-1.9459101490553135,1,7
kelurahan,-1.9459101490553135,1,7
anying,-1.9459101490553135,2,14
bawang,-1.9459101490553135,1,7
intervensi,-1.9459101490553135,1,7
promosi,-1.9459101490553135,1,7
voter,-1.9459101490553135,1,7
diajak,-1.9459101490553135,1,7
ninggalin,-1.9459101490553135,1,7
holdings,-1.9459101490553135,1,7
bth,-1.9459101490553135,1,7
mules,-1.9459101490553135,1,7
kasian,-1.9459101490553135,3,21
bat,-1.9459101490553135,1,7
jabatan,-1.9459101490553135,1,7
akuisisi,-1.9459101490553135,2,14
monyet,-1.9459101490553135,1,7
sakit,-1.9459101490553135,4,28
berdaya,-1.9459101490553135,1,7
pinehill,-1.9459101490553135,1,7
mcd,-1.9459101490553135,1,7
hodler,-1.9459101490553135,1,7
ketat,-1.9459101490553135,1,7
semu,-1.9459101490553135,1,7
terbongkar,-1.9459101490553135,1,7
ngelakuin,-1.9459101490553135,1,7
berujung,-1.9459101490553135,1,7
strategisnya,-1.9459101490553135,1,7
brutal,-1.9459101490553135,1,7
maki,-1.9459101490553135,1,7
digugat,-1.9459101490553135,1,7
tolol,-1.9459101490553135,3,21
sebetulnya,-1.9459101490553135,1,7
turunkan,-1.9459101490553135,1,7
konco,-1.9459101490553135,1,7
menemukan,-1.9459101490553135,1,7
marginnya,-1.9459101490553135,1,7
terbebani,-1.9459101490553135,1,7
gigit,-1.9459101490553135,1,7
anteng,-1.9459101490553135,1,7
omon,-1.9459101490553135,1,7
darah,-1.9459101490553135,2,14
nyusruk,-1.9459101490553135,1,7
dead,-1.9459101490553135,1,7
dist,-1.9459101490553135,1,7
tergelincir,-1.9459101490553135,1,7
obral,-1.9459101490553135,1,7
istilah,-1.9459101490553135,1,7
stres,-1.9459101490553135,1,7
akibatnya,-1.9459101490553135,1,7
tri,-1.9459101490553135,1,7
ancaman,-1.9459101490553135,1,7
bersaing,-1.9459101490553135,4,28
judol,-1.9459101490553135,2,14
reset,-1.9459101490553135,1,7
berat,-1.9810014688665833,4,29
sulit,-1.9810014688665833,4,29
aneh,-2.001480000210124,5,37
ngejar,-2.001480000210124,5,37
speed,-2.0074680420547466,9,67
rerata,-2.0149030205422647,2,15
jokowi,-2.0149030205422647,2,15
nyangkut,-2.038619547159581,25,192
gagal,-2.0583881324820035,6,47
tiang,-2.0794415416798357,1,8
disebabkan,-2.0794415416798357,1,8
ginian,-2.0794415416798357,1,8
distributor,-2.0794415416798357,1,8
pdns,-2.0794415416798357,1,8
eterindo,-2.0794415416798357,1,8
ujungnya,-2.0794415416798357,1,8
pricing,-2.0794415416798357,1,8
susut,-2.0794415416798357,1,8
noviarti,-2.0794415416798357,1,8
nasibnya,-2.0794415416798357,1,8
lemes,-2.0794415416798357,1,8
duper,-2.0794415416798357,1,8
etwa,-2.0794415416798357,1,8
witel,-2.0794415416798357,1,8
membebani,-2.0794415416798357,1,8
overprice,-2.0794415416798357,1,8
bete,-2.0794415416798357,1,8
nyangkuters,-2.0794415416798357,1,8
product,-2.0794415416798357,1,8
milenial,-2.0794415416798357,1,8
sombong,-2.0794415416798357,1,8
surem,-2.0794415416798357,1,8
dijual,-2.0886581967847597,27,218
margin,-2.1400661634962708,16,136
penguasa,-2.1400661634962708,2,17
kacau,-2.1400661634962708,2,17
suara,-2.1400661634962708,2,17
bukannya,-2.159484249353372,3,26
jawa,-2.159484249353372,3,26
boikot,-2.166452918669466,11,96
ketinggian,-2.169053700369523,4,35
perangkat,-2.1972245773362196,1,9
pasrah,-2.1972245773362196,1,9
tlkmsl,-2.1972245773362196,1,9
pengendali,-2.1972245773362196,2,18
bangke,-2.1972245773362196,1,9
periksa,-2.1972245773362196,1,9
lebur,-2.1972245773362196,1,9
suram,-2.1972245773362196,1,9
sunset,-2.1972245773362196,1,9
dibantai,-2.1972245773362196,1,9
hrg,-2.1972245773362196,1,9
mrk,-2.1972245773362196,2,18
ajg,-2.1972245773362196,1,9
lsg,-2.1972245773362196,1,9
dalamnya,-2.1972245773362196,1,9
serangan,-2.1972245773362196,1,9
anjeng,-2.1972245773362196,1,9
memerah,-2.1972245773362196,1,9
urus,-2.1972245773362196,1,9
kampret,-2.1972245773362196,1,9
berguguran,-2.1972245773362196,1,9
bola,-2.1972245773362196,1,9
napa,-2.1972245773362196,1,9
